Dex,Name,Type1,Type2,HP,Attack,Defense,Sp. Atk,Sp. Def,Speed,Total,Level-Up Moves
1,Bulbasaur,Grass,Poison,45,49,49,65,65,45,318,Tackle (Lv 1); Growl (Lv 1); Vine Whip (Lv 3); Growth (Lv 6); Leech Seed (Lv 9); Razor Leaf (Lv 12); Poison Powder (Lv 15); Sleep Powder (Lv 15); Seed Bomb (Lv 18); Take Down (Lv 21); Sweet Scent (Lv 24); Synthesis (Lv 27); Worry Seed (Lv 30); Power Whip (Lv 33); Solar Beam (Lv 36)
2,Ivysaur,Grass,Poison,60,62,63,80,80,60,405,Vine Whip (Lv 1); Tackle (Lv 1); Growl (Lv 1); Growth (Lv 1); Leech Seed (Lv 9); Razor Leaf (Lv 12); Poison Powder (Lv 15); Sleep Powder (Lv 15); Seed Bomb (Lv 20); Take Down (Lv 25); Sweet Scent (Lv 30); Synthesis (Lv 35); Worry Seed (Lv 40); Power Whip (Lv 45); Solar Beam (Lv 50)
3,Venusaur,Grass,Poison,80,82,83,100,100,80,525,Petal Blizzard (Lv 0); Growth (Lv 1); Petal Dance (Lv 1); Vine Whip (Lv 1); Tackle (Lv 1); Growl (Lv 1); Leech Seed (Lv 9); Razor Leaf (Lv 12); Sleep Powder (Lv 15); Poison Powder (Lv 15); Seed Bomb (Lv 20); Take Down (Lv 25); Sweet Scent (Lv 30); Synthesis (Lv 37); Worry Seed (Lv 44); Power Whip (Lv 51); Solar Beam (Lv 58)
4,Charmander,Fire,,39,52,43,60,50,65,309,Scratch (Lv 1); Growl (Lv 1); Ember (Lv 4); Smokescreen (Lv 8); Dragon Breath (Lv 12); Fire Fang (Lv 17); Slash (Lv 20); Flamethrower (Lv 24); Scary Face (Lv 28); Fire Spin (Lv 32); Inferno (Lv 36); Flare Blitz (Lv 40)
5,Charmeleon,Fire,,58,64,58,80,65,80,405,Scratch (Lv 1); Growl (Lv 1); Ember (Lv 1); Smokescreen (Lv 1); Dragon Breath (Lv 12); Fire Fang (Lv 19); Slash (Lv 24); Flamethrower (Lv 30); Scary Face (Lv 37); Inferno (Lv 48); Flare Blitz (Lv 54)
6,Charizard,Fire,Flying,78,84,78,109,85,100,534,Air Slash (Lv 0); Scratch (Lv 1); Growl (Lv 1); Ember (Lv 1); Smokescreen (Lv 1); Heat Wave (Lv 1); Dragon Claw (Lv 1); Dragon Breath (Lv 12); Fire Fang (Lv 19); Slash (Lv 24); Flamethrower (Lv 30); Scary Face (Lv 39); Fire Spin (Lv 46); Inferno (Lv 54); Flare Blitz (Lv 62)
7,Squirtle,Water,,44,48,65,50,64,43,314,Tackle (Lv 1); Tail Whip (Lv 1); Water Gun (Lv 3); Withdraw (Lv 6); Rapid Spin (Lv 9); Bite (Lv 12); Water Pulse (Lv 15); Protect (Lv 18); Rain Dance (Lv 21); Aqua Tail (Lv 24); Shell Smash (Lv 27); Iron Defense (Lv 30); Hydro Pump (Lv 33); Wave Crash (Lv 36)
8,Wartortle,Water,,59,63,80,65,80,58,405,Tackle (Lv 1); Tail Whip (Lv 1); Water Gun (Lv 1); Withdraw (Lv 1); Rapid Spin (Lv 9); Bite (Lv 12); Water Pulse (Lv 15); Protect (Lv 20); Rain Dance (Lv 25); Aqua Tail (Lv 30); Shell Smash (Lv 35); Iron Defense (Lv 40); Hydro Pump (Lv 45); Wave Crash (Lv 50)
9,Blastoise,Water,,79,83,100,85,105,78,530,Flash Cannon (Lv 0); Tackle (Lv 1); Tail Whip (Lv 1); Water Gun (Lv 1); Withdraw (Lv 1); Rapid Spin (Lv 9); Bite (Lv 12); Water Pulse (Lv 15); Protect (Lv 20); Rain Dance (Lv 25); Aqua Tail (Lv 30); Shell Smash (Lv 35); Iron Defense (Lv 42); Hydro Pump (Lv 49); Wave Crash (Lv 56)
10,Caterpie,Bug,,45,30,35,20,20,45,195,Tackle (Lv 1); String Shot (Lv 1); Bug Bite (Lv 9)
11,Metapod,Bug,,50,20,55,25,25,30,205,Harden (Lv 0)
12,Butterfree,Bug,Flying,60,45,50,90,80,70,395,Gust (Lv 0); Harden (Lv 1); Tackle (Lv 1); String Shot (Lv 1); Bug Bite (Lv 1); Supersonic (Lv 4); Confusion (Lv 8); Poison Powder (Lv 12); Stun Spore (Lv 12); Sleep Powder (Lv 12); Psybeam (Lv 16); Whirlwind (Lv 20); Air Slash (Lv 24); Safeguard (Lv 28); Bug Buzz (Lv 32); Tailwind (Lv 36); Rage Powder (Lv 40); Quiver Dance (Lv 44)
13,Weedle,Bug,Poison,40,35,30,20,20,50,195,Poison Sting (Lv 1); String Shot (Lv 1); Bug Bite (Lv 9)
14,Kakuna,Bug,Poison,45,25,50,25,25,35,205,Harden (Lv 0)
15,Beedrill,Bug,Poison,65,90,40,45,80,75,395,Twineedle (Lv 0); Fury Attack (Lv 1); Rage (Lv 14); Pursuit (Lv 17); Focus Energy (Lv 20); Venoshock (Lv 23); Assurance (Lv 26); Toxic Spikes (Lv 29); Pin Missile (Lv 32); Poison Jab (Lv 35); Agility (Lv 38); Endeavor (Lv 41); Fell Stinger (Lv 44)
16,Pidgey,Normal,Flying,40,45,40,35,35,56,251,Tackle (Lv 1); Sand Attack (Lv 5); Gust (Lv 9); Quick Attack (Lv 13); Whirlwind (Lv 17); Twister (Lv 21); Feather Dance (Lv 25); Agility (Lv 29); Wing Attack (Lv 33); Roost (Lv 37); Tailwind (Lv 41); Mirror Move (Lv 45); Air Slash (Lv 49); Hurricane (Lv 53)
17,Pidgeotto,Normal,Flying,63,60,55,50,50,71,349,Tackle (Lv 1); Sand Attack (Lv 1); Gust (Lv 1); Quick Attack (Lv 13); Whirlwind (Lv 17); Twister (Lv 22); Feather Dance (Lv 27); Agility (Lv 32); Wing Attack (Lv 37); Roost (Lv 42); Tailwind (Lv 47); Mirror Move (Lv 52); Air Slash (Lv 57); Hurricane (Lv 62)
18,Pidgeot,Normal,Flying,83,80,75,70,70,101,479,Hurricane (Lv 1); Tackle (Lv 1); Sand Attack (Lv 1); Gust (Lv 1); Quick Attack (Lv 1); Whirlwind (Lv 17); Twister (Lv 22); Feather Dance (Lv 27); Agility (Lv 32); Wing Attack (Lv 38); Roost (Lv 44); Tailwind (Lv 50); Mirror Move (Lv 56); Air Slash (Lv 62)
19,Rattata,Normal,,30,56,35,25,35,72,253,Tackle (Lv 1); Tail Whip (Lv 1); Quick Attack (Lv 4); Focus Energy (Lv 7); Bite (Lv 10); Pursuit (Lv 13); Hyper Fang (Lv 16); Assurance (Lv 19); Crunch (Lv 22); Sucker Punch (Lv 25); Super Fang (Lv 28); Double-Edge (Lv 31); Endeavor (Lv 34)
20,Raticate,Normal,,55,81,60,50,70,97,413,Scary Face (Lv 0); Swords Dance (Lv 1); Tackle (Lv 1); Tail Whip (Lv 1); Quick Attack (Lv 1); Focus Energy (Lv 1); Bite (Lv 10); Pursuit (Lv 13); Hyper Fang (Lv 16); Assurance (Lv 19); Crunch (Lv 24); Sucker Punch (Lv 29); Super Fang (Lv 34); Double-Edge (Lv 39); Endeavor (Lv 44)
21,Spearow,Normal,Flying,40,60,30,31,31,70,262,Peck (Lv 1); Growl (Lv 1); Leer (Lv 4); Pursuit (Lv 8); Fury Attack (Lv 11); Aerial Ace (Lv 15); Mirror Move (Lv 18); Assurance (Lv 22); Agility (Lv 25); Focus Energy (Lv 29); Roost (Lv 32); Drill Peck (Lv 36)
22,Fearow,Normal,Flying,65,90,65,61,61,100,442,Drill Run (Lv 1); Pluck (Lv 1); Peck (Lv 1); Growl (Lv 1); Leer (Lv 1); Pursuit (Lv 1); Fury Attack (Lv 11); Aerial Ace (Lv 15); Mirror Move (Lv 18); Assurance (Lv 23); Agility (Lv 27); Focus Energy (Lv 32); Roost (Lv 36); Drill Peck (Lv 41)
23,Ekans,Poison,,35,60,44,40,54,55,288,Wrap (Lv 1); Leer (Lv 1); Poison Sting (Lv 4); Bite (Lv 9); Glare (Lv 12); Screech (Lv 17); Acid (Lv 20); Swallow (Lv 25); Stockpile (Lv 25); Spit Up (Lv 25); Acid Spray (Lv 28); Sludge Bomb (Lv 33); Gastro Acid (Lv 36); Belch (Lv 38); Haze (Lv 41); Coil (Lv 44); Gunk Shot (Lv 49)
24,Arbok,Poison,,60,95,69,65,79,80,448,Crunch (Lv 0); Wrap (Lv 1); Poison Sting (Lv 1); Leer (Lv 1); Bite (Lv 1); Fire Fang (Lv 1); Ice Fang (Lv 1); Thunder Fang (Lv 1); Glare (Lv 12); Screech (Lv 17); Acid (Lv 20); Swallow (Lv 27); Stockpile (Lv 27); Spit Up (Lv 27); Acid Spray (Lv 32); Sludge Bomb (Lv 39); Gastro Acid (Lv 44); Belch (Lv 48); Haze (Lv 51); Coil (Lv 56); Gunk Shot (Lv 63)
25,Pikachu,Electric,,35,55,40,50,50,90,320,Nuzzle (Lv 1); Nasty Plot (Lv 1); Charm (Lv 1); Sweet Kiss (Lv 1); Play Nice (Lv 1); Quick Attack (Lv 1); Tail Whip (Lv 1); Thunder Shock (Lv 1); Growl (Lv 1); Thunder Wave (Lv 4); Double Team (Lv 8); Electro Ball (Lv 12); Feint (Lv 16); Spark (Lv 20); Agility (Lv 24); Iron Tail (Lv 28); Discharge (Lv 32); Thunderbolt (Lv 36); Light Screen (Lv 40); Thunder (Lv 44)
26,Raichu,Electric,,60,90,55,90,80,110,485,Thunder Punch (Lv 0); Electro Ball (Lv 1); Discharge (Lv 1); Nasty Plot (Lv 1); Feint (Lv 1); Iron Tail (Lv 1); Spark (Lv 1); Charm (Lv 1); Sweet Kiss (Lv 1); Play Nice (Lv 1); Nuzzle (Lv 1); Quick Attack (Lv 1); Agility (Lv 1); Thunder (Lv 1); Thunder Wave (Lv 1); Thunder Shock (Lv 1); Growl (Lv 1); Tail Whip (Lv 1); Double Team (Lv 1); Light Screen (Lv 1); Thunderbolt (Lv 5)
27,Sandshrew,Ground,,50,75,85,20,30,40,300,Scratch (Lv 1); Defense Curl (Lv 1); Poison Sting (Lv 3); Sand Attack (Lv 6); Rollout (Lv 9); Fury Cutter (Lv 12); Rapid Spin (Lv 15); Bulldoze (Lv 18); Swift (Lv 21); Fury Swipes (Lv 24); Agility (Lv 27); Slash (Lv 30); Dig (Lv 33); Gyro Ball (Lv 36); Swords Dance (Lv 39); Sandstorm (Lv 42); Earthquake (Lv 45)
28,Sandslash,Ground,,75,100,110,45,55,65,450,Scratch (Lv 1); Crush Claw (Lv 1); Sand Attack (Lv 1); Poison Sting (Lv 1); Defense Curl (Lv 1); Rollout (Lv 9); Fury Cutter (Lv 12); Rapid Spin (Lv 15); Bulldoze (Lv 18); Swift (Lv 21); Fury Swipes (Lv 26); Sand Tomb (Lv 31); Slash (Lv 36); Dig (Lv 41); Gyro Ball (Lv 46); Swords Dance (Lv 51); Sandstorm (Lv 56); Earthquake (Lv 61)
29,Nidoran♀,Poison,,55,47,52,40,40,41,275,Growl (Lv 1); Poison Sting (Lv 1); Scratch (Lv 5); Tail Whip (Lv 10); Fury Swipes (Lv 15); Toxic Spikes (Lv 20); Double Kick (Lv 25); Bite (Lv 30); Helping Hand (Lv 35); Toxic (Lv 40); Flatter (Lv 45); Crunch (Lv 50); Earth Power (Lv 55)
30,Nidorina,Poison,,70,62,67,55,55,56,365,Growl (Lv 1); Poison Sting (Lv 1); Scratch (Lv 1); Tail Whip (Lv 1); Fury Swipes (Lv 15); Toxic Spikes (Lv 22); Double Kick (Lv 29); Bite (Lv 36); Helping Hand (Lv 43); Toxic (Lv 50); Flatter (Lv 57); Crunch (Lv 64); Earth Power (Lv 71)
31,Nidoqueen,Poison,Ground,90,92,87,75,85,76,505,Superpower (Lv 0); Fury Swipes (Lv 1); Toxic Spikes (Lv 1); Double Kick (Lv 1); Bite (Lv 1); Helping Hand (Lv 1); Toxic (Lv 1); Flatter (Lv 1); Crunch (Lv 1); Earth Power (Lv 1); Growl (Lv 1); Poison Sting (Lv 1); Scratch (Lv 1); Tail Whip (Lv 1)
32,Nidoran♂,Poison,,46,57,40,40,40,50,273,Leer (Lv 1); Poison Sting (Lv 1); Peck (Lv 5); Focus Energy (Lv 10); Fury Attack (Lv 15); Toxic Spikes (Lv 20); Double Kick (Lv 25); Horn Attack (Lv 30); Helping Hand (Lv 35); Toxic (Lv 40); Flatter (Lv 45); Poison Jab (Lv 50); Earth Power (Lv 55)
33,Nidorino,Poison,,61,72,57,55,55,65,365,Leer (Lv 1); Poison Sting (Lv 1); Peck (Lv 1); Focus Energy (Lv 1); Fury Attack (Lv 15); Toxic Spikes (Lv 22); Double Kick (Lv 29); Horn Attack (Lv 36); Helping Hand (Lv 43); Toxic (Lv 50); Flatter (Lv 57); Poison Jab (Lv 64); Earth Power (Lv 71)
34,Nidoking,Poison,Ground,81,102,77,85,75,85,505,Megahorn (Lv 0); Fury Attack (Lv 1); Toxic Spikes (Lv 1); Double Kick (Lv 1); Horn Attack (Lv 1); Helping Hand (Lv 1); Toxic (Lv 1); Flatter (Lv 1); Poison Jab (Lv 1); Earth Power (Lv 1); Leer (Lv 1); Poison Sting (Lv 1); Peck (Lv 1); Focus Energy (Lv 1)
35,Clefairy,Fairy,,70,45,48,60,65,35,323,Pound (Lv 1); Growl (Lv 1); Sing (Lv 1); Defense Curl (Lv 1); Disarming Voice (Lv 1); Splash (Lv 1); Sweet Kiss (Lv 1); Charm (Lv 1); Copycat (Lv 1); Stored Power (Lv 4); Encore (Lv 8); After You (Lv 12); Life Dew (Lv 16); Metronome (Lv 20); Moonlight (Lv 24); Gravity (Lv 28); Meteor Mash (Lv 32); Follow Me (Lv 36); Cosmic Power (Lv 40); Moonblast (Lv 44); Healing Wish (Lv 48)
36,Clefable,Fairy,,95,70,73,95,90,60,483,Metronome (Lv 1); Meteor Mash (Lv 1); Moonblast (Lv 1); Life Dew (Lv 1)
37,Vulpix,Fire,,38,41,40,50,65,65,299,Tail Whip (Lv 1); Ember (Lv 1); Disable (Lv 4); Quick Attack (Lv 8); Spite (Lv 12); Incinerate (Lv 16); Confuse Ray (Lv 20); Will-O-Wisp (Lv 24); Extrasensory (Lv 28); Flamethrower (Lv 32); Imprison (Lv 36); Fire Spin (Lv 40); Safeguard (Lv 44); Inferno (Lv 48); Fire Blast (Lv 52)
38,Ninetales,Fire,,73,76,75,81,100,100,505,Quick Attack (Lv 1); Flamethrower (Lv 1); Tail Whip (Lv 1)
39,Jigglypuff,Normal,Fairy,115,45,20,45,25,20,270,Disarming Voice (Lv 1); Copycat (Lv 1); Sweet Kiss (Lv 1); Defense Curl (Lv 1); Charm (Lv 1); Sing (Lv 1); Disable (Lv 1); Pound (Lv 1); Echoed Voice (Lv 4); Covet (Lv 8); Stockpile (Lv 12); Spit Up (Lv 12); Swallow (Lv 12); Round (Lv 16); Rest (Lv 20); Body Slam (Lv 24); Mimic (Lv 28); Gyro Ball (Lv 32); Hyper Voice (Lv 36); Double-Edge (Lv 44)
40,Wigglytuff,Normal,Fairy,140,70,45,85,50,45,435,Stockpile (Lv 1); Echoed Voice (Lv 1); Round (Lv 1); Copycat (Lv 1); Gyro Ball (Lv 1); Covet (Lv 1); Hyper Voice (Lv 1); Swallow (Lv 1); Spit Up (Lv 1); Disarming Voice (Lv 1); Pound (Lv 1); Sweet Kiss (Lv 1); Rest (Lv 1); Defense Curl (Lv 1); Mimic (Lv 1); Disable (Lv 1); Sing (Lv 1); Double-Edge (Lv 1); Body Slam (Lv 1); Charm (Lv 1); Play Rough (Lv 5)
41,Zubat,Poison,Flying,40,45,35,30,40,55,245,Absorb (Lv 1); Supersonic (Lv 1); Astonish (Lv 5); Mean Look (Lv 10); Poison Fang (Lv 15); Quick Guard (Lv 20); Air Cutter (Lv 25); Bite (Lv 30); Haze (Lv 35); Venoshock (Lv 40); Confuse Ray (Lv 45); Air Slash (Lv 50); Leech Life (Lv 55)
42,Golbat,Poison,Flying,75,80,70,65,75,90,455,Screech (Lv 1); Absorb (Lv 1); Supersonic (Lv 1); Astonish (Lv 1); Mean Look (Lv 1); Poison Fang (Lv 15); Quick Guard (Lv 20); Air Cutter (Lv 27); Bite (Lv 34); Haze (Lv 41); Venoshock (Lv 48); Confuse Ray (Lv 55); Air Slash (Lv 62); Leech Life (Lv 69)
43,Oddish,Grass,Poison,45,50,55,75,65,30,320,Absorb (Lv 1); Growth (Lv 1); Acid (Lv 4); Sweet Scent (Lv 8); Mega Drain (Lv 12); Poison Powder (Lv 14); Stun Spore (Lv 16); Sleep Powder (Lv 18); Giga Drain (Lv 20); Toxic (Lv 24); Moonblast (Lv 28); Grassy Terrain (Lv 32); Moonlight (Lv 36); Petal Dance (Lv 40)
44,Gloom,Grass,Poison,60,65,70,85,75,40,395,Acid (Lv 1); Absorb (Lv 1); Growth (Lv 1); Sweet Scent (Lv 1); Mega Drain (Lv 12); Poison Powder (Lv 14); Stun Spore (Lv 16); Sleep Powder (Lv 18); Giga Drain (Lv 20); Toxic (Lv 26); Moonblast (Lv 32); Grassy Terrain (Lv 38); Moonlight (Lv 44); Petal Dance (Lv 50)
45,Vileplume,Grass,Poison,75,80,85,110,90,50,490,Petal Blizzard (Lv 0); Acid (Lv 1); Absorb (Lv 1); Mega Drain (Lv 1); Growth (Lv 1); Poison Powder (Lv 1); Stun Spore (Lv 1); Sleep Powder (Lv 1); Petal Dance (Lv 1); Toxic (Lv 1); Giga Drain (Lv 1); Sweet Scent (Lv 1); Moonlight (Lv 1); Grassy Terrain (Lv 1); Moonblast (Lv 1)
46,Paras,Bug,Grass,35,70,55,45,55,25,285,Scratch (Lv 1); Stun Spore (Lv 6); Poison Powder (Lv 6); Absorb (Lv 11); Fury Cutter (Lv 17); Spore (Lv 22); Slash (Lv 27); Growth (Lv 33); Giga Drain (Lv 38); Aromatherapy (Lv 43); Rage Powder (Lv 49); X-Scissor (Lv 54)
47,Parasect,Bug,Grass,60,95,80,60,80,30,405,Cross Poison (Lv 1); Scratch (Lv 1); Stun Spore (Lv 1); Poison Powder (Lv 1); Absorb (Lv 1); Fury Cutter (Lv 17); Spore (Lv 22); Slash (Lv 29); Growth (Lv 37); Giga Drain (Lv 44); Aromatherapy (Lv 51); Rage Powder (Lv 59); X-Scissor (Lv 66)
48,Venonat,Bug,Poison,60,55,50,40,55,45,305,Tackle (Lv 1); Disable (Lv 1); Supersonic (Lv 5); Confusion (Lv 11); Poison Powder (Lv 13); Psybeam (Lv 17); Stun Spore (Lv 23); Bug Buzz (Lv 25); Sleep Powder (Lv 29); Leech Life (Lv 35); Zen Headbutt (Lv 37); Poison Fang (Lv 41); Psychic (Lv 47)
49,Venomoth,Bug,Poison,70,65,60,90,75,90,450,Air Slash (Lv 0); Tackle (Lv 1); Supersonic (Lv 1); Disable (Lv 1); Quiver Dance (Lv 1); Confusion (Lv 11); Poison Powder (Lv 13); Psybeam (Lv 17); Stun Spore (Lv 23); Bug Buzz (Lv 25); Sleep Powder (Lv 29); Leech Life (Lv 37); Zen Headbutt (Lv 41); Poison Fang (Lv 47); Psychic (Lv 55)
50,Diglett,Ground,,10,55,25,35,45,95,265,Scratch (Lv 1); Sand Attack (Lv 1); Growl (Lv 4); Astonish (Lv 8); Mud-Slap (Lv 12); Bulldoze (Lv 16); Sucker Punch (Lv 20); Slash (Lv 24); Sandstorm (Lv 28); Dig (Lv 32); Earth Power (Lv 36); Earthquake (Lv 40); Fissure (Lv 44)
51,Dugtrio,Ground,,35,100,50,50,70,120,425,Sand Tomb (Lv 0); Scratch (Lv 1); Sand Attack (Lv 1); Growl (Lv 1); Tri Attack (Lv 1); Astonish (Lv 1); Night Slash (Lv 1); Mud-Slap (Lv 12); Bulldoze (Lv 16); Sucker Punch (Lv 20); Slash (Lv 24); Sandstorm (Lv 30); Dig (Lv 36); Earth Power (Lv 42); Earthquake (Lv 48); Fissure (Lv 54)
52,Meowth,Normal,,40,45,35,40,40,90,290,Growl (Lv 1); Fake Out (Lv 1); Feint (Lv 4); Scratch (Lv 8); Pay Day (Lv 12); Bite (Lv 16); Taunt (Lv 20); Assurance (Lv 24); Fury Swipes (Lv 29); Screech (Lv 32); Slash (Lv 36); Nasty Plot (Lv 40); Play Rough (Lv 44)
53,Persian,Normal,,65,70,60,65,65,115,440,Power Gem (Lv 0); Scratch (Lv 1); Growl (Lv 1); Fake Out (Lv 1); Feint (Lv 1); Switcheroo (Lv 1); Pay Day (Lv 12); Bite (Lv 16); Taunt (Lv 20); Assurance (Lv 24); Fury Swipes (Lv 31); Screech (Lv 36); Slash (Lv 42); Nasty Plot (Lv 48); Play Rough (Lv 54)
54,Psyduck,Water,,50,52,48,65,50,55,320,Scratch (Lv 1); Tail Whip (Lv 1); Water Gun (Lv 3); Confusion (Lv 6); Fury Swipes (Lv 9); Water Pulse (Lv 12); Disable (Lv 15); Zen Headbutt (Lv 18); Screech (Lv 21); Aqua Tail (Lv 24); Soak (Lv 27); Psych Up (Lv 30); Amnesia (Lv 34); Wonder Room (Lv 39)
55,Golduck,Water,,80,82,78,95,80,85,500,Scratch (Lv 1); Tail Whip (Lv 1); Water Gun (Lv 1); Confusion (Lv 1); Aqua Jet (Lv 1); Fury Swipes (Lv 9); Water Pulse (Lv 12); Disable (Lv 15); Zen Headbutt (Lv 18); Screech (Lv 21); Aqua Tail (Lv 24); Soak (Lv 27); Psych Up (Lv 30); Amnesia (Lv 36); Hydro Pump (Lv 40); Wonder Room (Lv 45)
56,Mankey,Fighting,,40,80,35,35,45,70,305,Scratch (Lv 1); Leer (Lv 1); Focus Energy (Lv 1); Covet (Lv 1); Fury Swipes (Lv 5); Low Kick (Lv 8); Seismic Toss (Lv 12); Swagger (Lv 17); Cross Chop (Lv 22); Assurance (Lv 26); Thrash (Lv 29); Close Combat (Lv 33); Screech (Lv 36); Stomping Tantrum (Lv 40); Outrage (Lv 44); Final Gambit (Lv 48)
57,Primeape,Fighting,,65,105,60,60,70,95,455,Scratch (Lv 1); Leer (Lv 1); Fling (Lv 1); Focus Energy (Lv 1); Fury Swipes (Lv 5); Low Kick (Lv 8); Seismic Toss (Lv 15); Swagger (Lv 17); Cross Chop (Lv 22); Assurance (Lv 26); Thrash (Lv 30); Rage Fist (Lv 35); Close Combat (Lv 39); Screech (Lv 44); Stomping Tantrum (Lv 48); Outrage (Lv 53); Final Gambit (Lv 57)
58,Growlithe,Fire,,55,70,45,70,50,60,350,Leer (Lv 1); Ember (Lv 1); Howl (Lv 4); Bite (Lv 8); Flame Wheel (Lv 12); Helping Hand (Lv 16); Agility (Lv 20); Fire Fang (Lv 24); Retaliate (Lv 28); Crunch (Lv 32); Take Down (Lv 36); Flamethrower (Lv 40); Roar (Lv 44); Play Rough (Lv 48); Reversal (Lv 52); Flare Blitz (Lv 56)
59,Arcanine,Fire,,90,110,80,100,80,95,555,Extreme Speed (Lv 0); Play Rough (Lv 1); Fire Fang (Lv 1); Flare Blitz (Lv 1); Howl (Lv 1); Helping Hand (Lv 1); Crunch (Lv 1); Retaliate (Lv 1); Reversal (Lv 1); Agility (Lv 1); Ember (Lv 1); Roar (Lv 1); Bite (Lv 1); Leer (Lv 1); Flame Wheel (Lv 1); Take Down (Lv 1); Flamethrower (Lv 5)
60,Poliwag,Water,,40,50,40,40,40,90,300,Water Gun (Lv 1); Hypnosis (Lv 1); Pound (Lv 6); Mud Shot (Lv 12); Bubble Beam (Lv 18); Rain Dance (Lv 24); Body Slam (Lv 30); Earth Power (Lv 36); Hydro Pump (Lv 42); Belly Drum (Lv 48); Double-Edge (Lv 54)
61,Poliwhirl,Water,,65,65,65,50,50,90,385,Pound (Lv 1); Water Gun (Lv 1); Hypnosis (Lv 1); Mud Shot (Lv 1); Bubble Beam (Lv 18); Rain Dance (Lv 24); Body Slam (Lv 32); Earth Power (Lv 40); Hydro Pump (Lv 48); Belly Drum (Lv 56); Double-Edge (Lv 66)
62,Poliwrath,Water,Fighting,90,95,95,70,90,70,510,Dynamic Punch (Lv 0); Body Slam (Lv 1); Bubble Beam (Lv 1); Hypnosis (Lv 1)
63,Abra,Psychic,,25,20,15,105,55,90,310,Teleport (Lv 1)
64,Kadabra,Psychic,,40,35,30,120,70,105,400,Confusion (Lv 0); Kinesis (Lv 1); Disable (Lv 1); Teleport (Lv 1); Psybeam (Lv 5); Reflect (Lv 10); Ally Switch (Lv 15); Psycho Cut (Lv 20); Recover (Lv 25); Psyshock (Lv 30); Psychic (Lv 35); Role Play (Lv 40); Future Sight (Lv 45); Calm Mind (Lv 50)
65,Alakazam,Psychic,,55,50,45,135,95,120,500,Confusion (Lv 1); Kinesis (Lv 1); Disable (Lv 1); Teleport (Lv 1); Psybeam (Lv 5); Reflect (Lv 10); Ally Switch (Lv 15); Psycho Cut (Lv 20); Recover (Lv 25); Psyshock (Lv 30); Psychic (Lv 35); Role Play (Lv 40); Future Sight (Lv 45); Calm Mind (Lv 50)
66,Machop,Fighting,,70,80,50,35,35,35,305,Low Kick (Lv 1); Leer (Lv 1); Focus Energy (Lv 4); Revenge (Lv 8); Low Sweep (Lv 12); Knock Off (Lv 16); Scary Face (Lv 20); Vital Throw (Lv 24); Strength (Lv 29); Dual Chop (Lv 32); Bulk Up (Lv 36); Seismic Toss (Lv 40); Dynamic Punch (Lv 44); Cross Chop (Lv 48); Double-Edge (Lv 52)
67,Machoke,Fighting,,80,100,70,50,60,45,405,Low Kick (Lv 1); Leer (Lv 1); Focus Energy (Lv 1); Revenge (Lv 1); Low Sweep (Lv 12); Knock Off (Lv 16); Scary Face (Lv 20); Vital Throw (Lv 24); Strength (Lv 31); Dual Chop (Lv 36); Bulk Up (Lv 42); Seismic Toss (Lv 48); Dynamic Punch (Lv 54); Cross Chop (Lv 60); Double-Edge (Lv 66)
68,Machamp,Fighting,,90,130,80,65,85,55,505,Wide Guard (Lv 1); Low Kick (Lv 1); Leer (Lv 1); Focus Energy (Lv 1); Revenge (Lv 1); Low Sweep (Lv 12); Knock Off (Lv 16); Scary Face (Lv 20); Vital Throw (Lv 24); Strength (Lv 31); Dual Chop (Lv 36); Bulk Up (Lv 42); Seismic Toss (Lv 48); Dynamic Punch (Lv 54); Cross Chop (Lv 60); Double-Edge (Lv 66)
69,Bellsprout,Grass,Poison,50,75,35,70,30,40,300,Vine Whip (Lv 1); Growth (Lv 7); Wrap (Lv 11); Sleep Powder (Lv 13); Poison Powder (Lv 15); Stun Spore (Lv 17); Acid (Lv 23); Knock Off (Lv 27); Sweet Scent (Lv 29); Gastro Acid (Lv 35); Razor Leaf (Lv 39); Poison Jab (Lv 41); Slam (Lv 47); Power Whip (Lv 52)
70,Weepinbell,Grass,Poison,65,90,50,85,45,55,390,Vine Whip (Lv 1); Wrap (Lv 1); Growth (Lv 1); Sleep Powder (Lv 13); Poison Powder (Lv 15); Stun Spore (Lv 17); Acid (Lv 24); Knock Off (Lv 29); Sweet Scent (Lv 32); Gastro Acid (Lv 39); Razor Leaf (Lv 44); Poison Jab (Lv 47); Slam (Lv 54); Power Whip (Lv 58)
71,Victreebel,Grass,Poison,80,105,65,100,70,70,490,Leaf Storm (Lv 0); Vine Whip (Lv 1); Razor Leaf (Lv 1); Sleep Powder (Lv 1); Sweet Scent (Lv 1); Leaf Blade (Lv 44)
72,Tentacool,Water,Poison,40,40,35,50,100,70,335,Poison Sting (Lv 1); Water Gun (Lv 1); Acid (Lv 4); Wrap (Lv 8); Supersonic (Lv 12); Water Pulse (Lv 16); Screech (Lv 20); Bubble Beam (Lv 24); Hex (Lv 28); Acid Armor (Lv 32); Poison Jab (Lv 36); Surf (Lv 40); Sludge Wave (Lv 44); Hydro Pump (Lv 48)
73,Tentacruel,Water,Poison,80,70,65,80,120,100,515,Wrap (Lv 1); Poison Sting (Lv 1); Acid (Lv 1); Water Gun (Lv 1); Reflect Type (Lv 1); Supersonic (Lv 12); Water Pulse (Lv 16); Screech (Lv 20); Bubble Beam (Lv 24); Hex (Lv 28); Acid Armor (Lv 34); Poison Jab (Lv 40); Surf (Lv 46); Sludge Wave (Lv 52); Hydro Pump (Lv 58)
74,Geodude,Rock,Ground,40,80,100,30,30,20,300,Tackle (Lv 1); Defense Curl (Lv 1); Rock Polish (Lv 6); Rollout (Lv 10); Bulldoze (Lv 12); Rock Throw (Lv 16); Smack Down (Lv 18); Self-Destruct (Lv 24); Stealth Rock (Lv 28); Rock Blast (Lv 30); Earthquake (Lv 34); Explosion (Lv 36); Double-Edge (Lv 40); Stone Edge (Lv 42)
75,Graveler,Rock,Ground,55,95,115,45,45,35,390,Tackle (Lv 1); Defense Curl (Lv 1); Rock Polish (Lv 1); Rollout (Lv 10); Bulldoze (Lv 12); Rock Throw (Lv 16); Smack Down (Lv 18); Self-Destruct (Lv 24); Stealth Rock (Lv 30); Rock Blast (Lv 34); Earthquake (Lv 40); Explosion (Lv 44); Double-Edge (Lv 50); Stone Edge (Lv 54)
76,Golem,Rock,Ground,80,120,130,55,65,45,495,Tackle (Lv 1); Defense Curl (Lv 1); Rock Polish (Lv 1); Heavy Slam (Lv 1); Rock Throw (Lv 16); Smack Down (Lv 18); Bulldoze (Lv 22); Self-Destruct (Lv 24); Stealth Rock (Lv 30); Rock Blast (Lv 34); Earthquake (Lv 40); Explosion (Lv 44); Double-Edge (Lv 50); Stone Edge (Lv 54)
77,Ponyta,Fire,,50,85,55,65,65,90,410,Tackle (Lv 1); Growl (Lv 1); Tail Whip (Lv 5); Ember (Lv 10); Flame Charge (Lv 15); Agility (Lv 20); Flame Wheel (Lv 25); Stomp (Lv 30); Fire Spin (Lv 35); Take Down (Lv 41); Inferno (Lv 45); Fire Blast (Lv 50); Flare Blitz (Lv 55)
78,Rapidash,Fire,,65,100,70,80,80,105,500,Smart Strike (Lv 0); Megahorn (Lv 1); Poison Jab (Lv 1); Tackle (Lv 1); Quick Attack (Lv 1); Growl (Lv 1); Tail Whip (Lv 1); Ember (Lv 1); Flame Charge (Lv 15); Agility (Lv 20); Flame Wheel (Lv 25); Stomp (Lv 30); Fire Spin (Lv 35); Take Down (Lv 43); Inferno (Lv 49); Fire Blast (Lv 56); Flare Blitz (Lv 63)
79,Slowpoke,Water,Psychic,90,65,65,40,40,15,315,Tackle (Lv 1); Curse (Lv 1); Growl (Lv 3); Water Gun (Lv 6); Yawn (Lv 9); Confusion (Lv 12); Disable (Lv 15); Water Pulse (Lv 18); Headbutt (Lv 21); Zen Headbutt (Lv 24); Amnesia (Lv 27); Surf (Lv 30); Slack Off (Lv 33); Psychic (Lv 36); Psych Up (Lv 39); Rain Dance (Lv 42); Heal Pulse (Lv 45)
80,Slowbro,Water,Psychic,95,75,110,100,80,30,490,Withdraw (Lv 1); Tackle (Lv 1); Growl (Lv 1); Water Gun (Lv 1); Curse (Lv 1); Yawn (Lv 9); Confusion (Lv 12); Disable (Lv 15); Water Pulse (Lv 18); Headbutt (Lv 21); Zen Headbutt (Lv 24); Amnesia (Lv 27); Surf (Lv 30); Slack Off (Lv 33); Psychic (Lv 36); Psych Up (Lv 41); Rain Dance (Lv 46); Heal Pulse (Lv 51)
81,Magnemite,Electric,Steel,25,35,70,95,55,45,325,Tackle (Lv 1); Thunder Shock (Lv 1); Supersonic (Lv 4); Thunder Wave (Lv 8); Electro Ball (Lv 12); Gyro Ball (Lv 16); Spark (Lv 20); Screech (Lv 24); Magnet Rise (Lv 28); Flash Cannon (Lv 32); Discharge (Lv 36); Metal Sound (Lv 40); Light Screen (Lv 44); Lock-On (Lv 48); Zap Cannon (Lv 52)
82,Magneton,Electric,Steel,50,60,95,120,70,70,465,Tri Attack (Lv 0); Thunder Wave (Lv 1); Electric Terrain (Lv 1); Tackle (Lv 1); Supersonic (Lv 1); Thunder Shock (Lv 1); Electro Ball (Lv 12); Gyro Ball (Lv 16); Spark (Lv 20); Screech (Lv 24); Magnet Rise (Lv 28); Flash Cannon (Lv 34); Discharge (Lv 40); Metal Sound (Lv 46); Light Screen (Lv 52); Lock-On (Lv 58); Zap Cannon (Lv 64)
83,Farfetch’d,Normal,Flying,52,90,55,58,62,60,377,Peck (Lv 1); Sand Attack (Lv 1); Leer (Lv 5); Fury Cutter (Lv 10); Cut (Lv 15); Aerial Ace (Lv 20); Air Cutter (Lv 25); Knock Off (Lv 30); False Swipe (Lv 35); Slash (Lv 40); Swords Dance (Lv 45); Air Slash (Lv 50); Leaf Blade (Lv 55); Agility (Lv 60); Brave Bird (Lv 65)
84,Doduo,Normal,Flying,35,85,45,35,35,75,310,Growl (Lv 1); Peck (Lv 1); Quick Attack (Lv 5); Fury Attack (Lv 9); Pluck (Lv 14); Double Hit (Lv 19); Agility (Lv 23); Uproar (Lv 27); Acupressure (Lv 30); Swords Dance (Lv 33); Drill Peck (Lv 36); Endeavor (Lv 39); Thrash (Lv 43)
85,Dodrio,Normal,Flying,60,110,70,60,60,110,470,Tri Attack (Lv 0); Growl (Lv 1); Peck (Lv 1); Quick Attack (Lv 1); Fury Attack (Lv 12); Pluck (Lv 15); Double Hit (Lv 19); Agility (Lv 23); Uproar (Lv 26); Acupressure (Lv 30); Swords Dance (Lv 34); Drill Peck (Lv 38); Endeavor (Lv 43); Thrash (Lv 50)
86,Seel,Water,,65,45,55,45,70,45,325,Headbutt (Lv 1); Growl (Lv 3); Charm (Lv 7); Icy Wind (Lv 11); Encore (Lv 13); Ice Shard (Lv 17); Rest (Lv 21); Aqua Ring (Lv 23); Aurora Beam (Lv 27); Aqua Jet (Lv 31); Brine (Lv 33); Take Down (Lv 37); Dive (Lv 41); Aqua Tail (Lv 43); Ice Beam (Lv 47); Safeguard (Lv 51); Snowscape (Lv 53)
87,Dewgong,Water,Ice,90,70,80,70,95,70,475,Sheer Cold (Lv 0); Headbutt (Lv 1); Growl (Lv 1); Icy Wind (Lv 1); Encore (Lv 13); Ice Shard (Lv 17); Rest (Lv 21); Aqua Ring (Lv 23); Aurora Beam (Lv 27); Aqua Jet (Lv 31); Brine (Lv 33); Take Down (Lv 39); Dive (Lv 45); Aqua Tail (Lv 49); Ice Beam (Lv 55); Safeguard (Lv 61); Snowscape (Lv 65)
88,Grimer,Poison,,80,80,50,40,50,25,325,Pound (Lv 1); Poison Gas (Lv 1); Harden (Lv 4); Mud-Slap (Lv 7); Disable (Lv 12); Sludge (Lv 15); Mud Shot (Lv 18); Minimize (Lv 21); Toxic (Lv 26); Sludge Bomb (Lv 29); Sludge Wave (Lv 32); Screech (Lv 37); Gunk Shot (Lv 40); Acid Armor (Lv 43); Belch (Lv 46); Memento (Lv 48)
89,Muk,Poison,,105,105,75,65,100,50,500,Pound (Lv 1); Harden (Lv 1); Poison Gas (Lv 1); Mud-Slap (Lv 1); Disable (Lv 12); Sludge (Lv 15); Mud Shot (Lv 18); Minimize (Lv 21); Toxic (Lv 26); Sludge Bomb (Lv 29); Sludge Wave (Lv 32); Screech (Lv 37); Gunk Shot (Lv 40); Acid Armor (Lv 46); Belch (Lv 52); Memento (Lv 57)
90,Shellder,Water,,30,65,100,45,25,40,305,Tackle (Lv 1); Water Gun (Lv 1); Withdraw (Lv 4); Ice Shard (Lv 8); Leer (Lv 12); Whirlpool (Lv 16); Supersonic (Lv 20); Aurora Beam (Lv 24); Protect (Lv 28); Razor Shell (Lv 32); Iron Defense (Lv 36); Ice Beam (Lv 40); Shell Smash (Lv 44); Hydro Pump (Lv 48)
91,Cloyster,Water,Ice,50,95,180,85,45,70,525,Icicle Spear (Lv 0); Icicle Crash (Lv 1); Shell Smash (Lv 1); Ice Shard (Lv 1); Toxic Spikes (Lv 1); Iron Defense (Lv 1); Whirlpool (Lv 1); Spikes (Lv 1); Protect (Lv 1); Withdraw (Lv 1); Aurora Beam (Lv 1); Ice Beam (Lv 1); Hydro Pump (Lv 1); Water Gun (Lv 1); Supersonic (Lv 1); Leer (Lv 1); Tackle (Lv 1); Razor Shell (Lv 5)
92,Gastly,Ghost,Poison,30,35,30,100,35,80,310,Confuse Ray (Lv 1); Lick (Lv 1); Hypnosis (Lv 4); Mean Look (Lv 8); Payback (Lv 12); Spite (Lv 16); Curse (Lv 20); Hex (Lv 24); Night Shade (Lv 28); Sucker Punch (Lv 32); Dark Pulse (Lv 36); Shadow Ball (Lv 40); Destiny Bond (Lv 44); Dream Eater (Lv 48)
93,Haunter,Ghost,Poison,45,50,45,115,55,95,405,Shadow Punch (Lv 0); Hypnosis (Lv 1); Confuse Ray (Lv 1); Lick (Lv 1); Mean Look (Lv 1); Payback (Lv 12); Spite (Lv 16); Curse (Lv 20); Hex (Lv 24); Night Shade (Lv 30); Sucker Punch (Lv 36); Dark Pulse (Lv 42); Shadow Ball (Lv 48); Destiny Bond (Lv 54); Dream Eater (Lv 60)
94,Gengar,Ghost,Poison,60,65,60,130,75,110,500,Mean Look (Lv 1); Shadow Punch (Lv 1); Reflect Type (Lv 1); Perish Song (Lv 1); Lick (Lv 1); Confuse Ray (Lv 1); Hypnosis (Lv 1); Payback (Lv 12); Spite (Lv 16); Curse (Lv 20); Hex (Lv 24); Night Shade (Lv 30); Sucker Punch (Lv 36); Dark Pulse (Lv 42); Shadow Ball (Lv 48); Destiny Bond (Lv 54); Dream Eater (Lv 60)
95,Onix,Rock,Ground,35,45,160,30,45,70,385,Tackle (Lv 1); Harden (Lv 1); Bind (Lv 1); Rock Throw (Lv 1); Smack Down (Lv 4); Rock Polish (Lv 8); Dragon Breath (Lv 12); Curse (Lv 16); Rock Slide (Lv 20); Screech (Lv 24); Sand Tomb (Lv 28); Stealth Rock (Lv 32); Slam (Lv 36); Sandstorm (Lv 40); Dig (Lv 44); Iron Tail (Lv 48); Stone Edge (Lv 52); Double-Edge (Lv 56)
96,Drowzee,Psychic,,60,48,45,43,90,42,328,Pound (Lv 1); Hypnosis (Lv 1); Disable (Lv 5); Confusion (Lv 9); Headbutt (Lv 13); Poison Gas (Lv 17); Psybeam (Lv 21); Psych Up (Lv 25); Zen Headbutt (Lv 29); Swagger (Lv 33); Psychic (Lv 37); Nasty Plot (Lv 41); Psyshock (Lv 45); Future Sight (Lv 49)
97,Hypno,Psychic,,85,73,70,73,115,67,483,Pound (Lv 1); Disable (Lv 1); Confusion (Lv 1); Hypnosis (Lv 1); Switcheroo (Lv 1); Headbutt (Lv 13); Poison Gas (Lv 17); Psybeam (Lv 21); Psych Up (Lv 25); Zen Headbutt (Lv 32); Swagger (Lv 37); Psychic (Lv 42); Nasty Plot (Lv 47); Psyshock (Lv 51); Future Sight (Lv 56)
98,Krabby,Water,,30,105,90,25,25,50,325,Water Gun (Lv 1); Leer (Lv 1); Harden (Lv 4); Metal Claw (Lv 8); Mud Shot (Lv 12); Protect (Lv 16); Bubble Beam (Lv 20); Stomp (Lv 24); Flail (Lv 29); Razor Shell (Lv 32); Slam (Lv 36); Swords Dance (Lv 40); Crabhammer (Lv 44); Guillotine (Lv 48)
99,Kingler,Water,,55,130,115,50,50,75,475,Wide Guard (Lv 1); Hammer Arm (Lv 1); Water Gun (Lv 1); Leer (Lv 1); Harden (Lv 1); Metal Claw (Lv 1); Mud Shot (Lv 12); Protect (Lv 16); Bubble Beam (Lv 20); Stomp (Lv 24); Flail (Lv 31); Razor Shell (Lv 36); Slam (Lv 42); Swords Dance (Lv 48); Crabhammer (Lv 54); Guillotine (Lv 60)
100,Voltorb,Electric,,40,30,50,55,55,100,330,Charge (Lv 1); Tackle (Lv 1); Thunder Shock (Lv 4); Eerie Impulse (Lv 6); Spark (Lv 9); Rollout (Lv 11); Screech (Lv 13); Charge Beam (Lv 16); Swift (Lv 20); Electro Ball (Lv 22); Self-Destruct (Lv 26); Light Screen (Lv 29); Magnet Rise (Lv 34); Discharge (Lv 37); Explosion (Lv 41); Gyro Ball (Lv 46); Mirror Coat (Lv 50)
101,Electrode,Electric,,60,50,70,80,80,150,490,Eerie Impulse (Lv 1); Charge (Lv 1); Magnetic Flux (Lv 1); Tackle (Lv 1); Thunder Shock (Lv 1); Spark (Lv 9); Rollout (Lv 11); Screech (Lv 13); Charge Beam (Lv 16); Swift (Lv 20); Electro Ball (Lv 22); Self-Destruct (Lv 26); Light Screen (Lv 29); Magnet Rise (Lv 36); Discharge (Lv 41); Explosion (Lv 47); Gyro Ball (Lv 54); Mirror Coat (Lv 58)
102,Exeggcute,Grass,Psychic,60,40,80,60,45,40,325,Absorb (Lv 1); Hypnosis (Lv 1); Reflect (Lv 5); Leech Seed (Lv 10); Mega Drain (Lv 15); Confusion (Lv 20); Synthesis (Lv 25); Bullet Seed (Lv 30); Giga Drain (Lv 35); Extrasensory (Lv 40); Uproar (Lv 45); Worry Seed (Lv 50); Solar Beam (Lv 55)
103,Exeggutor,Grass,Psychic,95,95,85,125,75,55,530,Stomp (Lv 0); Leaf Storm (Lv 1); Seed Bomb (Lv 1); Worry Seed (Lv 1); Bullet Seed (Lv 1); Extrasensory (Lv 1); Uproar (Lv 1); Synthesis (Lv 1); Psyshock (Lv 1); Reflect (Lv 1); Hypnosis (Lv 1); Confusion (Lv 1); Solar Beam (Lv 1); Leech Seed (Lv 1); Mega Drain (Lv 1); Absorb (Lv 1); Wood Hammer (Lv 1); Giga Drain (Lv 1)
104,Cubone,Ground,,50,50,95,40,50,35,320,Mud-Slap (Lv 1); Growl (Lv 1); Tail Whip (Lv 4); False Swipe (Lv 8); Headbutt (Lv 12); Retaliate (Lv 16); Fling (Lv 20); Stomping Tantrum (Lv 24); Bone Rush (Lv 29); Focus Energy (Lv 32); Endeavor (Lv 36); Bonemerang (Lv 40); Thrash (Lv 44); Double-Edge (Lv 48)
105,Marowak,Ground,,60,80,110,50,80,45,425,Mud-Slap (Lv 1); Growl (Lv 1); Tail Whip (Lv 1); False Swipe (Lv 1); Headbutt (Lv 12); Retaliate (Lv 16); Fling (Lv 20); Stomping Tantrum (Lv 24); Bone Rush (Lv 31); Focus Energy (Lv 36); Endeavor (Lv 42); Bonemerang (Lv 48); Thrash (Lv 54); Double-Edge (Lv 60)
106,Hitmonlee,Fighting,,50,120,53,35,110,87,455,Brick Break (Lv 0); Fake Out (Lv 1); Tackle (Lv 1); Helping Hand (Lv 1); Focus Energy (Lv 1); Low Sweep (Lv 1); Double Kick (Lv 4); Low Kick (Lv 8); Endure (Lv 12); Sucker Punch (Lv 16); Wide Guard (Lv 21); Blaze Kick (Lv 24); Feint (Lv 28); Mega Kick (Lv 32); Close Combat (Lv 36); Reversal (Lv 40); High Jump Kick (Lv 44); Axe Kick (Lv 50)
107,Hitmonchan,Fighting,,50,105,79,35,110,76,455,Drain Punch (Lv 0); Feint (Lv 1); Tackle (Lv 1); Helping Hand (Lv 1); Fake Out (Lv 1); Focus Energy (Lv 1); Mach Punch (Lv 4); Vacuum Wave (Lv 8); Detect (Lv 12); Bullet Punch (Lv 16); Quick Guard (Lv 21); Thunder Punch (Lv 24); Ice Punch (Lv 24); Fire Punch (Lv 24); Agility (Lv 28); Mega Punch (Lv 32); Close Combat (Lv 36); Counter (Lv 40); Focus Punch (Lv 44)
108,Lickitung,Normal,,90,55,75,60,75,30,385,Lick (Lv 1); Defense Curl (Lv 1); Rollout (Lv 6); Supersonic (Lv 12); Wrap (Lv 18); Disable (Lv 24); Stomp (Lv 30); Knock Off (Lv 36); Screech (Lv 42); Slam (Lv 48); Power Whip (Lv 54); Belly Drum (Lv 60)
109,Koffing,Poison,,40,65,95,60,45,35,340,Tackle (Lv 1); Poison Gas (Lv 1); Smog (Lv 4); Smokescreen (Lv 8); Clear Smog (Lv 12); Assurance (Lv 16); Sludge (Lv 20); Haze (Lv 24); Self-Destruct (Lv 28); Sludge Bomb (Lv 32); Toxic (Lv 36); Belch (Lv 40); Explosion (Lv 44); Memento (Lv 48); Destiny Bond (Lv 52)
110,Weezing,Poison,,65,90,120,85,70,60,490,Double Hit (Lv 0); Tackle (Lv 1); Smokescreen (Lv 1); Smog (Lv 1); Poison Gas (Lv 1); Heat Wave (Lv 1); Clear Smog (Lv 12); Assurance (Lv 16); Sludge (Lv 20); Haze (Lv 24); Self-Destruct (Lv 28); Sludge Bomb (Lv 32); Toxic (Lv 38); Belch (Lv 44); Explosion (Lv 50); Memento (Lv 56); Destiny Bond (Lv 62)
111,Rhyhorn,Ground,Rock,80,85,95,30,30,25,345,Tackle (Lv 1); Tail Whip (Lv 1); Smack Down (Lv 5); Bulldoze (Lv 10); Horn Attack (Lv 15); Scary Face (Lv 20); Stomp (Lv 25); Rock Blast (Lv 30); Drill Run (Lv 35); Take Down (Lv 40); Earthquake (Lv 45); Stone Edge (Lv 50); Megahorn (Lv 55); Horn Drill (Lv 60)
112,Rhydon,Ground,Rock,105,130,120,45,45,40,485,Hammer Arm (Lv 0); Tackle (Lv 1); Tail Whip (Lv 1); Smack Down (Lv 1); Bulldoze (Lv 1); Horn Attack (Lv 15); Scary Face (Lv 20); Stomp (Lv 25); Rock Blast (Lv 30); Drill Run (Lv 35); Take Down (Lv 40); Earthquake (Lv 47); Stone Edge (Lv 54); Megahorn (Lv 61); Horn Drill (Lv 68)
113,Chansey,Normal,,250,5,5,35,105,50,450,Charm (Lv 1); Copycat (Lv 1); Covet (Lv 1); Disarming Voice (Lv 1); Sweet Kiss (Lv 1); Pound (Lv 1); Defense Curl (Lv 1); Tail Whip (Lv 4); Echoed Voice (Lv 8); Life Dew (Lv 12); Sing (Lv 16); Fling (Lv 20); Take Down (Lv 24); Heal Pulse (Lv 28); Helping Hand (Lv 32); Light Screen (Lv 36); Double-Edge (Lv 40); Soft-Boiled (Lv 44); Last Resort (Lv 48); Healing Wish (Lv 52)
114,Tangela,Grass,,65,55,115,100,40,60,435,Absorb (Lv 1); Bind (Lv 1); Stun Spore (Lv 4); Growth (Lv 8); Mega Drain (Lv 12); Vine Whip (Lv 16); Poison Powder (Lv 20); Ancient Power (Lv 24); Knock Off (Lv 28); Giga Drain (Lv 32); Sleep Powder (Lv 36); Slam (Lv 40); Tickle (Lv 44); Power Whip (Lv 48); Ingrain (Lv 52); Grassy Terrain (Lv 56)
115,Kangaskhan,Normal,,105,95,80,40,80,90,490,Pound (Lv 1); Tail Whip (Lv 1); Growl (Lv 4); Fake Out (Lv 8); Bite (Lv 12); Stomp (Lv 16); Focus Energy (Lv 20); Headbutt (Lv 24); Sucker Punch (Lv 28); Double Hit (Lv 32); Crunch (Lv 36); Endure (Lv 40); Reversal (Lv 44); Outrage (Lv 48); Last Resort (Lv 52)
116,Horsea,Water,,30,40,70,70,25,60,295,Leer (Lv 1); Water Gun (Lv 1); Smokescreen (Lv 5); Twister (Lv 10); Focus Energy (Lv 15); Dragon Breath (Lv 20); Bubble Beam (Lv 25); Agility (Lv 30); Water Pulse (Lv 35); Dragon Pulse (Lv 40); Hydro Pump (Lv 45); Dragon Dance (Lv 50); Rain Dance (Lv 55)
117,Seadra,Water,,55,65,95,95,45,85,440,Leer (Lv 1); Water Gun (Lv 1); Smokescreen (Lv 1); Twister (Lv 1); Focus Energy (Lv 15); Dragon Breath (Lv 20); Bubble Beam (Lv 25); Agility (Lv 30); Water Pulse (Lv 37); Dragon Pulse (Lv 44); Hydro Pump (Lv 51); Dragon Dance (Lv 58); Rain Dance (Lv 65)
118,Goldeen,Water,,45,67,60,35,50,63,320,Peck (Lv 1); Tail Whip (Lv 1); Supersonic (Lv 5); Water Pulse (Lv 10); Horn Attack (Lv 15); Agility (Lv 20); Aqua Ring (Lv 25); Flail (Lv 30); Waterfall (Lv 35); Soak (Lv 40); Megahorn (Lv 45); Horn Drill (Lv 50)
119,Seaking,Water,,80,92,65,65,80,68,450,Peck (Lv 1); Tail Whip (Lv 1); Supersonic (Lv 1); Water Pulse (Lv 1); Horn Attack (Lv 15); Agility (Lv 20); Aqua Ring (Lv 25); Flail (Lv 30); Waterfall (Lv 37); Soak (Lv 44); Megahorn (Lv 51); Horn Drill (Lv 58)
120,Staryu,Water,,30,45,55,70,55,85,340,Tackle (Lv 1); Harden (Lv 1); Water Gun (Lv 4); Confuse Ray (Lv 8); Rapid Spin (Lv 12); Minimize (Lv 16); Swift (Lv 20); Psybeam (Lv 24); Brine (Lv 28); Light Screen (Lv 32); Power Gem (Lv 36); Psychic (Lv 40); Surf (Lv 44); Recover (Lv 48); Cosmic Power (Lv 52); Hydro Pump (Lv 56)
121,Starmie,Water,Psychic,60,75,85,100,85,115,520,Rapid Spin (Lv 1); Minimize (Lv 1); Swift (Lv 1); Psybeam (Lv 1); Brine (Lv 1); Light Screen (Lv 1); Power Gem (Lv 1); Psychic (Lv 1); Surf (Lv 1); Recover (Lv 1); Cosmic Power (Lv 1); Hydro Pump (Lv 1); Tackle (Lv 1); Harden (Lv 1); Water Gun (Lv 1); Confuse Ray (Lv 1)
122,Mr. Mime,Psychic,Fairy,40,45,65,100,120,90,460,Quick Guard (Lv 1); Wide Guard (Lv 1); Power Swap (Lv 1); Guard Swap (Lv 1); Pound (Lv 1); Copycat (Lv 1); Baton Pass (Lv 1); Encore (Lv 1); Confusion (Lv 12); Role Play (Lv 16); Protect (Lv 20); Recycle (Lv 24); Psybeam (Lv 28); Mimic (Lv 32); Light Screen (Lv 36); Reflect (Lv 36); Safeguard (Lv 36); Sucker Punch (Lv 40); Dazzling Gleam (Lv 44); Psychic (Lv 48); Teeter Dance (Lv 52)
123,Scyther,Bug,Flying,70,110,80,55,80,105,500,Leer (Lv 1); Quick Attack (Lv 1); Fury Cutter (Lv 4); False Swipe (Lv 8); Wing Attack (Lv 12); Double Team (Lv 16); Double Hit (Lv 20); Slash (Lv 24); Focus Energy (Lv 28); Agility (Lv 32); Air Slash (Lv 36); X-Scissor (Lv 40); Swords Dance (Lv 44)
124,Jynx,Ice,Psychic,65,50,35,115,95,95,455,Sweet Kiss (Lv 1); Lick (Lv 1); Pound (Lv 1); Powder Snow (Lv 1); Copycat (Lv 1); Confusion (Lv 12); Covet (Lv 16); Sing (Lv 20); Fake Tears (Lv 24); Ice Punch (Lv 28); Psychic (Lv 34); Lovely Kiss (Lv 40); Mean Look (Lv 46); Perish Song (Lv 52); Blizzard (Lv 58)
125,Electabuzz,Electric,,65,83,57,95,85,105,490,Leer (Lv 1); Thunder Shock (Lv 1); Quick Attack (Lv 1); Charge (Lv 1); Swift (Lv 12); Shock Wave (Lv 16); Thunder Wave (Lv 20); Screech (Lv 24); Thunder Punch (Lv 28); Discharge (Lv 34); Low Kick (Lv 40); Thunderbolt (Lv 46); Light Screen (Lv 52); Thunder (Lv 58); Giga Impact (Lv 64)
126,Magmar,Fire,,65,95,57,100,85,93,495,Leer (Lv 1); Ember (Lv 1); Smokescreen (Lv 1); Smog (Lv 1); Clear Smog (Lv 12); Flame Wheel (Lv 16); Confuse Ray (Lv 20); Scary Face (Lv 24); Fire Punch (Lv 28); Lava Plume (Lv 34); Low Kick (Lv 40); Flamethrower (Lv 46); Sunny Day (Lv 52); Fire Blast (Lv 58); Hyper Beam (Lv 64)
127,Pinsir,Bug,,65,125,100,55,70,85,500,Vise Grip (Lv 1); Harden (Lv 1); Focus Energy (Lv 4); Bind (Lv 8); Seismic Toss (Lv 12); Bug Bite (Lv 16); Storm Throw (Lv 20); Double Hit (Lv 24); Vital Throw (Lv 28); X-Scissor (Lv 32); Strength (Lv 36); Swords Dance (Lv 40); Submission (Lv 44); Guillotine (Lv 48); Superpower (Lv 52)
128,Tauros,Normal,,75,100,95,40,70,110,490,Tackle (Lv 1); Tail Whip (Lv 1); Work Up (Lv 5); Payback (Lv 10); Assurance (Lv 15); Horn Attack (Lv 20); Scary Face (Lv 25); Zen Headbutt (Lv 30); Raging Bull (Lv 35); Rest (Lv 40); Swagger (Lv 45); Thrash (Lv 50); Double-Edge (Lv 55); Giga Impact (Lv 60)
129,Magikarp,Water,,20,10,55,15,20,80,200,Splash (Lv 1); Tackle (Lv 15); Flail (Lv 25)
130,Gyarados,Water,Flying,95,125,79,60,100,81,540,Bite (Lv 0); Tackle (Lv 1); Leer (Lv 1); Twister (Lv 1); Splash (Lv 1); Flail (Lv 1); Whirlpool (Lv 4); Ice Fang (Lv 8); Brine (Lv 12); Scary Face (Lv 16); Waterfall (Lv 21); Crunch (Lv 24); Rain Dance (Lv 28); Aqua Tail (Lv 32); Dragon Dance (Lv 36); Hydro Pump (Lv 40); Hurricane (Lv 44); Thrash (Lv 48); Hyper Beam (Lv 52)
131,Lapras,Water,Ice,130,85,80,85,95,60,535,Growl (Lv 1); Water Gun (Lv 1); Sing (Lv 5); Mist (Lv 10); Life Dew (Lv 15); Ice Shard (Lv 20); Confuse Ray (Lv 25); Water Pulse (Lv 30); Brine (Lv 35); Body Slam (Lv 40); Ice Beam (Lv 45); Rain Dance (Lv 50); Hydro Pump (Lv 55); Perish Song (Lv 60); Sheer Cold (Lv 65)
132,Ditto,Normal,,48,48,48,48,48,48,288,Transform (Lv 1)
133,Eevee,Normal,,55,55,50,45,65,55,325,Tackle (Lv 1); Tail Whip (Lv 1); Growl (Lv 1); Helping Hand (Lv 1); Covet (Lv 1); Sand Attack (Lv 5); Quick Attack (Lv 10); Baby-Doll Eyes (Lv 15); Swift (Lv 20); Bite (Lv 25); Copycat (Lv 30); Baton Pass (Lv 35); Take Down (Lv 40); Charm (Lv 45); Double-Edge (Lv 50); Last Resort (Lv 55)
134,Vaporeon,Water,,130,65,60,110,95,65,525,Water Gun (Lv 0); Tackle (Lv 1); Take Down (Lv 1); Double-Edge (Lv 1); Tail Whip (Lv 1); Bite (Lv 1); Growl (Lv 1); Copycat (Lv 1); Covet (Lv 1); Helping Hand (Lv 1); Swift (Lv 1); Baton Pass (Lv 1); Charm (Lv 1); Sand Attack (Lv 5); Quick Attack (Lv 10); Baby-Doll Eyes (Lv 15); Haze (Lv 20); Water Pulse (Lv 25); Aurora Beam (Lv 30); Aqua Ring (Lv 35); Muddy Water (Lv 40); Acid Armor (Lv 45); Hydro Pump (Lv 50); Last Resort (Lv 55)
135,Jolteon,Electric,,65,65,60,110,95,130,525,Thunder Shock (Lv 0); Baton Pass (Lv 1); Swift (Lv 1); Helping Hand (Lv 1); Covet (Lv 1); Charm (Lv 1); Bite (Lv 1); Growl (Lv 1); Tail Whip (Lv 1); Double-Edge (Lv 1); Take Down (Lv 1); Tackle (Lv 1); Copycat (Lv 1); Sand Attack (Lv 5); Quick Attack (Lv 10); Baby-Doll Eyes (Lv 15); Thunder Wave (Lv 20); Double Kick (Lv 25); Thunder Fang (Lv 30); Pin Missile (Lv 35); Discharge (Lv 40); Agility (Lv 45); Thunder (Lv 50); Last Resort (Lv 55)
136,Flareon,Fire,,65,130,60,95,110,65,525,Ember (Lv 0); Swift (Lv 1); Tackle (Lv 1); Take Down (Lv 1); Double-Edge (Lv 1); Tail Whip (Lv 1); Copycat (Lv 1); Growl (Lv 1); Covet (Lv 1); Helping Hand (Lv 1); Baton Pass (Lv 1); Charm (Lv 1); Sand Attack (Lv 5); Quick Attack (Lv 10); Baby-Doll Eyes (Lv 15); Smog (Lv 20); Bite (Lv 25); Fire Fang (Lv 30); Fire Spin (Lv 35); Lava Plume (Lv 40); Scary Face (Lv 45); Flare Blitz (Lv 50); Last Resort (Lv 55)
137,Porygon,Normal,,65,60,70,85,75,40,395,Tackle (Lv 1); Conversion (Lv 1); Recycle (Lv 5); Magnet Rise (Lv 10); Thunder Shock (Lv 15); Psybeam (Lv 20); Conversion 2 (Lv 25); Agility (Lv 30); Recover (Lv 35); Discharge (Lv 40); Tri Attack (Lv 45); Double-Edge (Lv 50); Lock-On (Lv 55); Zap Cannon (Lv 60)
138,Omanyte,Rock,Water,35,40,100,90,55,35,355,Bind (Lv 1); Withdraw (Lv 1); Rollout (Lv 5); Sand Attack (Lv 10); Water Gun (Lv 15); Leer (Lv 20); Mud Shot (Lv 25); Ancient Power (Lv 30); Brine (Lv 35); Protect (Lv 41); Rock Blast (Lv 45); Surf (Lv 50); Shell Smash (Lv 55); Hydro Pump (Lv 60)
139,Omastar,Rock,Water,70,60,125,115,70,55,495,Crunch (Lv 0); Bind (Lv 1); Withdraw (Lv 1); Rollout (Lv 1); Sand Attack (Lv 1); Water Gun (Lv 15); Leer (Lv 20); Mud Shot (Lv 25); Ancient Power (Lv 30); Brine (Lv 35); Protect (Lv 43); Rock Blast (Lv 49); Surf (Lv 56); Shell Smash (Lv 63); Hydro Pump (Lv 70)
140,Kabuto,Rock,Water,30,80,90,55,45,55,355,Absorb (Lv 1); Harden (Lv 1); Scratch (Lv 5); Sand Attack (Lv 10); Aqua Jet (Lv 15); Leer (Lv 20); Mud Shot (Lv 25); Ancient Power (Lv 30); Brine (Lv 35); Protect (Lv 41); Leech Life (Lv 45); Liquidation (Lv 50); Metal Sound (Lv 55); Stone Edge (Lv 60)
141,Kabutops,Rock,Water,60,115,105,65,70,80,495,Slash (Lv 0); Night Slash (Lv 1); Feint (Lv 1); Absorb (Lv 1); Harden (Lv 1); Scratch (Lv 1); Sand Attack (Lv 1); Aqua Jet (Lv 15); Leer (Lv 20); Mud Shot (Lv 25); Ancient Power (Lv 30); Brine (Lv 35); Protect (Lv 43); Leech Life (Lv 49); Liquidation (Lv 56); Metal Sound (Lv 63); Stone Edge (Lv 70)
142,Aerodactyl,Rock,Flying,80,105,65,60,75,130,515,Bite (Lv 1); Ancient Power (Lv 1); Supersonic (Lv 5); Wing Attack (Lv 10); Scary Face (Lv 15); Rock Slide (Lv 20); Roar (Lv 25); Crunch (Lv 30); Iron Head (Lv 35); Take Down (Lv 40); Stone Edge (Lv 45); Agility (Lv 50); Hyper Beam (Lv 55); Giga Impact (Lv 60)
143,Snorlax,Normal,,160,110,65,65,110,30,540,Tackle (Lv 1); Last Resort (Lv 1); Swallow (Lv 1); Screech (Lv 1); Defense Curl (Lv 1); Metronome (Lv 1); Lick (Lv 1); Fling (Lv 1); Recycle (Lv 1); Stockpile (Lv 1); Flail (Lv 1); Covet (Lv 1); Block (Lv 1); Yawn (Lv 12); Bite (Lv 16); Snore (Lv 20); Sleep Talk (Lv 20); Rest (Lv 20); Crunch (Lv 24); Body Slam (Lv 28); Heavy Slam (Lv 32); Amnesia (Lv 36); High Horsepower (Lv 40); Hammer Arm (Lv 44); Belly Drum (Lv 48); Belch (Lv 52); Giga Impact (Lv 56)
144,Articuno,Ice,Flying,90,85,100,95,125,85,580,Gust (Lv 1); Mist (Lv 1); Powder Snow (Lv 5); Reflect (Lv 10); Ice Shard (Lv 15); Agility (Lv 20); Ancient Power (Lv 25); Tailwind (Lv 30); Freeze-Dry (Lv 35); Roost (Lv 40); Ice Beam (Lv 45); Snowscape (Lv 50); Hurricane (Lv 55); Haze (Lv 60); Blizzard (Lv 65); Sheer Cold (Lv 70)
145,Zapdos,Electric,Flying,90,90,85,125,90,100,580,Peck (Lv 1); Thunder Wave (Lv 1); Thunder Shock (Lv 5); Light Screen (Lv 10); Pluck (Lv 15); Agility (Lv 20); Ancient Power (Lv 25); Charge (Lv 30); Drill Peck (Lv 35); Roost (Lv 40); Discharge (Lv 45); Rain Dance (Lv 50); Thunder (Lv 55); Detect (Lv 60); Magnetic Flux (Lv 65); Zap Cannon (Lv 70)
146,Moltres,Fire,Flying,90,100,90,125,85,90,580,Gust (Lv 1); Leer (Lv 1); Ember (Lv 5); Safeguard (Lv 10); Wing Attack (Lv 15); Agility (Lv 20); Ancient Power (Lv 25); Incinerate (Lv 30); Air Slash (Lv 35); Roost (Lv 40); Heat Wave (Lv 45); Sunny Day (Lv 50); Hurricane (Lv 55); Endure (Lv 60); Overheat (Lv 65); Sky Attack (Lv 70)
147,Dratini,Dragon,,41,64,45,50,50,50,300,Wrap (Lv 1); Leer (Lv 1); Twister (Lv 5); Thunder Wave (Lv 10); Dragon Tail (Lv 15); Agility (Lv 20); Slam (Lv 25); Aqua Tail (Lv 31); Dragon Rush (Lv 35); Safeguard (Lv 40); Rain Dance (Lv 45); Dragon Dance (Lv 50); Outrage (Lv 55); Hyper Beam (Lv 60)
148,Dragonair,Dragon,,61,84,65,70,70,70,420,Wrap (Lv 1); Leer (Lv 1); Thunder Wave (Lv 1); Twister (Lv 1); Dragon Tail (Lv 15); Agility (Lv 20); Slam (Lv 25); Aqua Tail (Lv 33); Dragon Rush (Lv 39); Safeguard (Lv 46); Rain Dance (Lv 53); Dragon Dance (Lv 60); Outrage (Lv 67); Hyper Beam (Lv 74)
149,Dragonite,Dragon,Flying,91,134,95,100,100,80,600,Hurricane (Lv 0); Roost (Lv 1); Extreme Speed (Lv 1); Twister (Lv 1); Thunder Wave (Lv 1); Fire Punch (Lv 1); Wrap (Lv 1); Wing Attack (Lv 1); Thunder Punch (Lv 1); Leer (Lv 1); Dragon Tail (Lv 15); Agility (Lv 20); Slam (Lv 25); Aqua Tail (Lv 33); Dragon Rush (Lv 39); Outrage (Lv 41); Safeguard (Lv 46); Rain Dance (Lv 53); Dragon Dance (Lv 62); Hyper Beam (Lv 80)
150,Mewtwo,Psychic,,106,110,90,154,90,130,680,Disable (Lv 1); Confusion (Lv 1); Swift (Lv 1); Life Dew (Lv 1); Ancient Power (Lv 8); Psycho Cut (Lv 16); Safeguard (Lv 24); Amnesia (Lv 32); Aura Sphere (Lv 40); Psychic (Lv 48); Power Swap (Lv 56); Guard Swap (Lv 56); Mist (Lv 64); Psystrike (Lv 72); Recover (Lv 80); Future Sight (Lv 88)
151,Mew,Psychic,,100,100,100,100,100,100,600,Pound (Lv 1); Reflect Type (Lv 1); Amnesia (Lv 10); Baton Pass (Lv 20); Ancient Power (Lv 30); Life Dew (Lv 40); Nasty Plot (Lv 50); Metronome (Lv 60); Imprison (Lv 70); Transform (Lv 80); Aura Sphere (Lv 90); Psychic (Lv 100)
152,Chikorita,Grass,,45,49,65,49,65,45,318,Tackle (Lv 1); Growl (Lv 1); Razor Leaf (Lv 6); Poison Powder (Lv 9); Synthesis (Lv 12); Reflect (Lv 17); Magical Leaf (Lv 20); Leech Seed (Lv 23); Sweet Scent (Lv 28); Light Screen (Lv 31); Body Slam (Lv 34); Safeguard (Lv 39); Giga Drain (Lv 42); Solar Beam (Lv 45)
153,Bayleef,Grass,,60,62,80,63,80,60,405,Tackle (Lv 1); Growl (Lv 1); Razor Leaf (Lv 1); Poison Powder (Lv 1); Synthesis (Lv 12); Reflect (Lv 18); Magical Leaf (Lv 22); Leech Seed (Lv 26); Sweet Scent (Lv 32); Light Screen (Lv 36); Body Slam (Lv 40); Safeguard (Lv 46); Giga Drain (Lv 50); Solar Beam (Lv 54)
154,Meganium,Grass,,80,82,100,83,100,80,525,Petal Dance (Lv 0); Tackle (Lv 1); Growl (Lv 1); Razor Leaf (Lv 1); Poison Powder (Lv 1); Petal Blizzard (Lv 1); Synthesis (Lv 12); Reflect (Lv 18); Magical Leaf (Lv 22); Leech Seed (Lv 26); Sweet Scent (Lv 34); Light Screen (Lv 40); Body Slam (Lv 46); Safeguard (Lv 54); Giga Drain (Lv 60); Solar Beam (Lv 65)
155,Cyndaquil,Fire,,39,52,43,60,50,65,309,Tackle (Lv 1); Leer (Lv 1); Smokescreen (Lv 6); Ember (Lv 10); Quick Attack (Lv 13); Flame Wheel (Lv 19); Defense Curl (Lv 22); Flame Charge (Lv 28); Swift (Lv 31); Lava Plume (Lv 37); Flamethrower (Lv 40); Inferno (Lv 46); Rollout (Lv 49); Double-Edge (Lv 55); Overheat (Lv 58); Eruption (Lv 64)
156,Quilava,Fire,,58,64,58,80,65,80,405,Tackle (Lv 1); Leer (Lv 1); Smokescreen (Lv 1); Ember (Lv 10); Quick Attack (Lv 13); Flame Wheel (Lv 20); Defense Curl (Lv 24); Swift (Lv 31); Flame Charge (Lv 35); Lava Plume (Lv 42); Flamethrower (Lv 46); Inferno (Lv 53); Rollout (Lv 57); Double-Edge (Lv 64); Overheat (Lv 68); Eruption (Lv 75)
157,Typhlosion,Fire,,78,84,78,109,85,100,534,Tackle (Lv 1); Double-Edge (Lv 1); Leer (Lv 1); Ember (Lv 1); Gyro Ball (Lv 1); Smokescreen (Lv 1); Eruption (Lv 1); Quick Attack (Lv 13); Flame Wheel (Lv 20); Defense Curl (Lv 24); Swift (Lv 31); Flame Charge (Lv 35); Lava Plume (Lv 43); Flamethrower (Lv 48); Inferno (Lv 56); Rollout (Lv 61); Overheat (Lv 74)
158,Totodile,Water,,50,65,64,44,48,43,314,Scratch (Lv 1); Leer (Lv 1); Water Gun (Lv 6); Bite (Lv 9); Scary Face (Lv 13); Ice Fang (Lv 19); Flail (Lv 22); Crunch (Lv 27); Slash (Lv 30); Screech (Lv 33); Thrash (Lv 37); Aqua Tail (Lv 41); Superpower (Lv 45); Hydro Pump (Lv 50)
159,Croconaw,Water,,65,80,80,59,63,58,405,Scratch (Lv 1); Leer (Lv 1); Water Gun (Lv 1); Bite (Lv 13); Scary Face (Lv 15); Ice Fang (Lv 21); Flail (Lv 24); Crunch (Lv 30); Slash (Lv 34); Screech (Lv 37); Thrash (Lv 42); Aqua Tail (Lv 47); Superpower (Lv 50); Hydro Pump (Lv 55)
160,Feraligatr,Water,,85,105,100,79,83,78,530,Scratch (Lv 1); Leer (Lv 1); Water Gun (Lv 1); Agility (Lv 1); Bite (Lv 13); Scary Face (Lv 15); Ice Fang (Lv 21); Flail (Lv 24); Crunch (Lv 32); Slash (Lv 37); Screech (Lv 44); Thrash (Lv 51); Aqua Tail (Lv 59); Superpower (Lv 65); Hydro Pump (Lv 70)
161,Sentret,Normal,,35,46,34,35,45,20,215,Scratch (Lv 1); Defense Curl (Lv 4); Quick Attack (Lv 7); Fury Swipes (Lv 13); Helping Hand (Lv 16); Follow Me (Lv 19); Slam (Lv 25); Rest (Lv 28); Sucker Punch (Lv 31); Amnesia (Lv 36); Baton Pass (Lv 39); Double-Edge (Lv 42); Hyper Voice (Lv 47)
162,Furret,Normal,,85,76,64,45,55,90,415,Agility (Lv 0); Scratch (Lv 1); Quick Attack (Lv 1); Defense Curl (Lv 1); Coil (Lv 1); Fury Swipes (Lv 13); Helping Hand (Lv 17); Follow Me (Lv 21); Slam (Lv 28); Rest (Lv 32); Sucker Punch (Lv 36); Amnesia (Lv 42); Baton Pass (Lv 46); Double-Edge (Lv 50); Hyper Voice (Lv 56)
163,Hoothoot,Normal,Flying,60,30,30,36,56,50,262,Growl (Lv 1); Peck (Lv 1); Tackle (Lv 3); Echoed Voice (Lv 6); Confusion (Lv 9); Reflect (Lv 12); Defog (Lv 15); Air Slash (Lv 18); Extrasensory (Lv 21); Take Down (Lv 24); Uproar (Lv 27); Roost (Lv 30); Moonblast (Lv 33); Hypnosis (Lv 36); Dream Eater (Lv 39)
164,Noctowl,Normal,Flying,100,50,50,86,96,70,452,Tackle (Lv 1); Growl (Lv 1); Peck (Lv 1); Sky Attack (Lv 1); Echoed Voice (Lv 1); Confusion (Lv 9); Reflect (Lv 12); Air Slash (Lv 18); Extrasensory (Lv 23); Take Down (Lv 28); Uproar (Lv 33); Roost (Lv 38); Moonblast (Lv 43); Hypnosis (Lv 48); Dream Eater (Lv 53)
165,Ledyba,Bug,Flying,40,20,30,40,80,55,265,Tackle (Lv 1); Supersonic (Lv 5); Swift (Lv 8); Light Screen (Lv 12); Reflect (Lv 12); Safeguard (Lv 12); Mach Punch (Lv 15); Silver Wind (Lv 19); Comet Punch (Lv 22); Baton Pass (Lv 26); Agility (Lv 29); Bug Buzz (Lv 33); Air Slash (Lv 36); Double-Edge (Lv 40)
166,Ledian,Bug,Flying,55,35,50,55,110,85,390,Tackle (Lv 1); Supersonic (Lv 1); Swift (Lv 1); Light Screen (Lv 12); Reflect (Lv 12); Safeguard (Lv 12); Mach Punch (Lv 15); Silver Wind (Lv 20); Comet Punch (Lv 24); Baton Pass (Lv 29); Agility (Lv 33); Bug Buzz (Lv 38); Air Slash (Lv 42); Double-Edge (Lv 47)
167,Spinarak,Bug,Poison,40,60,40,40,40,30,250,Poison Sting (Lv 1); String Shot (Lv 1); Absorb (Lv 5); Infestation (Lv 8); Scary Face (Lv 12); Night Shade (Lv 15); Shadow Sneak (Lv 19); Fury Swipes (Lv 22); Sucker Punch (Lv 26); Agility (Lv 29); Pin Missile (Lv 33); Psychic (Lv 36); Poison Jab (Lv 40); Cross Poison (Lv 44); Sticky Web (Lv 47); Toxic Thread (Lv 51)
168,Ariados,Bug,Poison,70,90,70,60,70,40,400,Swords Dance (Lv 0); Poison Sting (Lv 1); Fell Stinger (Lv 1); Absorb (Lv 1); String Shot (Lv 1); Bug Bite (Lv 1); Focus Energy (Lv 1); Infestation (Lv 8); Scary Face (Lv 12); Night Shade (Lv 15); Shadow Sneak (Lv 19); Fury Swipes (Lv 23); Sucker Punch (Lv 28); Agility (Lv 31); Pin Missile (Lv 35); Psychic (Lv 41); Poison Jab (Lv 46); Cross Poison (Lv 50); Sticky Web (Lv 54); Toxic Thread (Lv 59)
169,Crobat,Poison,Flying,85,90,80,70,80,130,535,Cross Poison (Lv 0); Tailwind (Lv 1); Toxic (Lv 1); Screech (Lv 1); Absorb (Lv 1); Supersonic (Lv 1); Astonish (Lv 1); Mean Look (Lv 1); Poison Fang (Lv 15); Quick Guard (Lv 20); Air Cutter (Lv 27); Bite (Lv 34); Haze (Lv 41); Venoshock (Lv 48); Confuse Ray (Lv 55); Air Slash (Lv 62); Leech Life (Lv 69)
170,Chinchou,Water,Electric,75,38,38,56,56,67,330,Supersonic (Lv 1); Water Gun (Lv 1); Electro Ball (Lv 4); Thunder Wave (Lv 8); Bubble Beam (Lv 12); Confuse Ray (Lv 16); Spark (Lv 20); Charge (Lv 24); Discharge (Lv 28); Aqua Ring (Lv 32); Flail (Lv 36); Take Down (Lv 40); Hydro Pump (Lv 44)
171,Lanturn,Water,Electric,125,58,58,76,76,67,460,Swallow (Lv 0); Spit Up (Lv 0); Stockpile (Lv 0); Eerie Impulse (Lv 1); Supersonic (Lv 1); Water Gun (Lv 1); Thunder Wave (Lv 1); Electro Ball (Lv 1); Bubble Beam (Lv 12); Confuse Ray (Lv 16); Spark (Lv 20); Charge (Lv 24); Discharge (Lv 30); Aqua Ring (Lv 36); Flail (Lv 42); Take Down (Lv 48); Hydro Pump (Lv 54)
172,Pichu,Electric,,20,40,15,35,35,60,205,Tail Whip (Lv 1); Thunder Shock (Lv 1); Play Nice (Lv 4); Sweet Kiss (Lv 8); Nuzzle (Lv 12); Nasty Plot (Lv 16); Charm (Lv 20)
173,Cleffa,Fairy,,50,25,28,45,55,15,218,Pound (Lv 1); Splash (Lv 1); Copycat (Lv 1); Sing (Lv 4); Sweet Kiss (Lv 8); Disarming Voice (Lv 12); Encore (Lv 16); Charm (Lv 20)
174,Igglybuff,Normal,Fairy,90,30,15,40,20,15,210,Pound (Lv 1); Sing (Lv 1); Copycat (Lv 1); Defense Curl (Lv 4); Sweet Kiss (Lv 8); Disarming Voice (Lv 12); Disable (Lv 16); Charm (Lv 20)
175,Togepi,Fairy,,35,20,65,40,65,20,245,Growl (Lv 1); Pound (Lv 1); Sweet Kiss (Lv 4); Life Dew (Lv 8); Charm (Lv 12); Ancient Power (Lv 16); Yawn (Lv 20); Metronome (Lv 24); After You (Lv 28); Double-Edge (Lv 32); Safeguard (Lv 36); Follow Me (Lv 40); Baton Pass (Lv 44); Last Resort (Lv 48); Wish (Lv 52)
176,Togetic,Fairy,Flying,55,40,85,80,105,40,405,Fairy Wind (Lv 0); Growl (Lv 1); Pound (Lv 1); Sweet Kiss (Lv 1); Life Dew (Lv 1); Charm (Lv 12); Ancient Power (Lv 16); Yawn (Lv 20); Metronome (Lv 24); After You (Lv 28); Double-Edge (Lv 32); Safeguard (Lv 36); Follow Me (Lv 40); Baton Pass (Lv 44); Last Resort (Lv 48); Wish (Lv 52)
177,Natu,Psychic,Flying,40,50,45,70,45,70,320,Peck (Lv 1); Leer (Lv 1); Stored Power (Lv 5); Teleport (Lv 10); Confuse Ray (Lv 15); Night Shade (Lv 20); Psycho Shift (Lv 26); Power Swap (Lv 30); Guard Swap (Lv 35); Psychic (Lv 35); Wish (Lv 40); Future Sight (Lv 45)
178,Xatu,Psychic,Flying,65,75,70,95,70,95,470,Air Slash (Lv 0); Tailwind (Lv 1); Peck (Lv 1); Leer (Lv 1); Stored Power (Lv 1); Teleport (Lv 1); Confuse Ray (Lv 15); Night Shade (Lv 20); Psycho Shift (Lv 28); Power Swap (Lv 34); Guard Swap (Lv 34); Psychic (Lv 41); Wish (Lv 48); Future Sight (Lv 55)
179,Mareep,Electric,,55,40,40,65,45,35,280,Tackle (Lv 1); Growl (Lv 1); Thunder Wave (Lv 4); Thunder Shock (Lv 8); Cotton Spore (Lv 11); Charge (Lv 15); Take Down (Lv 18); Electro Ball (Lv 22); Confuse Ray (Lv 25); Power Gem (Lv 29); Discharge (Lv 32); Cotton Guard (Lv 36); Dazzling Gleam (Lv 39); Light Screen (Lv 43); Thunder (Lv 46)
180,Flaaffy,Electric,,70,55,55,80,60,45,365,Tackle (Lv 1); Growl (Lv 1); Thunder Shock (Lv 6); Thunder Wave (Lv 9); Cotton Spore (Lv 11); Charge (Lv 16); Take Down (Lv 20); Electro Ball (Lv 25); Confuse Ray (Lv 29); Power Gem (Lv 34); Discharge (Lv 38); Cotton Guard (Lv 43); Dazzling Gleam (Lv 47); Light Screen (Lv 52); Thunder (Lv 56)
181,Ampharos,Electric,,90,75,85,115,90,55,510,Thunder Punch (Lv 0); Fire Punch (Lv 1); Tackle (Lv 1); Growl (Lv 1); Thunder Shock (Lv 1); Thunder Wave (Lv 1); Dragon Pulse (Lv 1); Magnetic Flux (Lv 1); Zap Cannon (Lv 1); Cotton Spore (Lv 11); Charge (Lv 16); Take Down (Lv 20); Electro Ball (Lv 25); Confuse Ray (Lv 29); Power Gem (Lv 35); Discharge (Lv 40); Cotton Guard (Lv 46); Dazzling Gleam (Lv 51); Light Screen (Lv 57); Thunder (Lv 62)
182,Bellossom,Grass,,75,80,95,90,100,50,490,Petal Blizzard (Lv 0); Acid (Lv 1); Absorb (Lv 1); Mega Drain (Lv 1); Growth (Lv 1); Poison Powder (Lv 1); Stun Spore (Lv 1); Sleep Powder (Lv 1); Petal Dance (Lv 1); Toxic (Lv 1); Giga Drain (Lv 1); Sweet Scent (Lv 1); Moonlight (Lv 1); Quiver Dance (Lv 1); Grassy Terrain (Lv 1); Moonblast (Lv 1)
183,Marill,Water,Fairy,70,20,50,20,50,40,250,Tackle (Lv 1); Helping Hand (Lv 1); Tail Whip (Lv 1); Water Gun (Lv 1); Rollout (Lv 1); Defense Curl (Lv 1); Bubble Beam (Lv 6); Charm (Lv 9); Slam (Lv 12); Bounce (Lv 15); Aqua Tail (Lv 19); Play Rough (Lv 21); Aqua Ring (Lv 24); Rain Dance (Lv 27); Hydro Pump (Lv 30); Double-Edge (Lv 33); Superpower (Lv 36)
184,Azumarill,Water,Fairy,100,50,80,60,80,50,420,Tackle (Lv 1); Helping Hand (Lv 1); Tail Whip (Lv 1); Water Gun (Lv 1); Rollout (Lv 1); Defense Curl (Lv 1); Bubble Beam (Lv 6); Charm (Lv 9); Slam (Lv 12); Bounce (Lv 15); Aqua Tail (Lv 21); Play Rough (Lv 25); Aqua Ring (Lv 30); Rain Dance (Lv 35); Hydro Pump (Lv 40); Double-Edge (Lv 45); Superpower (Lv 50)
185,Sudowoodo,Rock,,70,100,115,30,65,30,410,Slam (Lv 0); Wood Hammer (Lv 1); Stone Edge (Lv 1); Copycat (Lv 1); Hammer Arm (Lv 1); Flail (Lv 1); Fake Tears (Lv 1); Rock Throw (Lv 1); Block (Lv 12); Mimic (Lv 16); Rock Tomb (Lv 20); Tearful Look (Lv 24); Sucker Punch (Lv 28); Rock Slide (Lv 32); Low Kick (Lv 36); Counter (Lv 40); Double-Edge (Lv 44); Head Smash (Lv 48)
186,Politoed,Water,,90,75,75,90,100,70,500,Bounce (Lv 0); Pound (Lv 1); Hydro Pump (Lv 1); Belly Drum (Lv 1); Rain Dance (Lv 1)
187,Hoppip,Grass,Flying,35,35,40,35,55,50,250,Splash (Lv 1); Tackle (Lv 1); Tail Whip (Lv 4); Absorb (Lv 6); Fairy Wind (Lv 8); Poison Powder (Lv 10); Stun Spore (Lv 10); Sleep Powder (Lv 10); Bullet Seed (Lv 12); Synthesis (Lv 15); Leech Seed (Lv 19); Mega Drain (Lv 22); Acrobatics (Lv 24); Cotton Spore (Lv 27); U-turn (Lv 29); Giga Drain (Lv 32); Bounce (Lv 35); Memento (Lv 38)
188,Skiploom,Grass,Flying,55,45,50,45,65,80,340,Splash (Lv 1); Tail Whip (Lv 1); Absorb (Lv 1); Synthesis (Lv 1); Tackle (Lv 8); Fairy Wind (Lv 10); Poison Powder (Lv 12); Stun Spore (Lv 12); Sleep Powder (Lv 12); Bullet Seed (Lv 15); Leech Seed (Lv 20); Mega Drain (Lv 24); Acrobatics (Lv 28); Cotton Spore (Lv 31); U-turn (Lv 34); Giga Drain (Lv 37); Bounce (Lv 41); Memento (Lv 44)
189,Jumpluff,Grass,Flying,75,55,70,55,95,110,460,Splash (Lv 1); Tail Whip (Lv 1); Absorb (Lv 1); Synthesis (Lv 1); Tackle (Lv 8); Fairy Wind (Lv 10); Poison Powder (Lv 12); Stun Spore (Lv 12); Sleep Powder (Lv 12); Bullet Seed (Lv 15); Leech Seed (Lv 20); Mega Drain (Lv 24); Acrobatics (Lv 30); Cotton Spore (Lv 35); U-turn (Lv 39); Giga Drain (Lv 43); Bounce (Lv 49); Memento (Lv 55)
190,Aipom,Normal,,55,70,55,40,55,85,360,Scratch (Lv 1); Tail Whip (Lv 1); Sand Attack (Lv 4); Astonish (Lv 8); Baton Pass (Lv 11); Tickle (Lv 15); Fury Swipes (Lv 18); Swift (Lv 22); Screech (Lv 25); Agility (Lv 29); Double Hit (Lv 32); Fling (Lv 36); Nasty Plot (Lv 39); Last Resort (Lv 43)
191,Sunkern,Grass,,30,30,30,30,30,30,180,Tackle (Lv 1); Growth (Lv 1); Absorb (Lv 7); Mega Drain (Lv 10); Razor Leaf (Lv 16); Worry Seed (Lv 19); Giga Drain (Lv 22); Endeavor (Lv 25); Synthesis (Lv 28); Solar Beam (Lv 31); Double-Edge (Lv 34); Sunny Day (Lv 36); Seed Bomb (Lv 39)
192,Sunflora,Grass,,75,75,55,105,85,30,425,Pound (Lv 1); Tackle (Lv 1); Growth (Lv 1); Ingrain (Lv 4); Absorb (Lv 7); Mega Drain (Lv 10); Leech Seed (Lv 13); Razor Leaf (Lv 16); Worry Seed (Lv 19); Giga Drain (Lv 22); Bullet Seed (Lv 25); Petal Dance (Lv 28); Solar Beam (Lv 31); Double-Edge (Lv 34); Sunny Day (Lv 39); Leaf Storm (Lv 43); Petal Blizzard (Lv 50)
193,Yanma,Bug,Flying,65,65,45,75,45,95,390,Tackle (Lv 1); Quick Attack (Lv 6); Double Team (Lv 11); Air Cutter (Lv 14); Detect (Lv 17); Supersonic (Lv 22); Uproar (Lv 27); Bug Bite (Lv 30); Ancient Power (Lv 33); Hypnosis (Lv 38); Wing Attack (Lv 43); Screech (Lv 46); U-turn (Lv 49); Air Slash (Lv 54); Bug Buzz (Lv 57)
194,Wooper,Water,Ground,55,45,45,25,25,15,210,Tail Whip (Lv 1); Water Gun (Lv 1); Rain Dance (Lv 4); Mud Shot (Lv 8); Mist (Lv 12); Haze (Lv 12); Slam (Lv 16); Yawn (Lv 21); Aqua Tail (Lv 24); Muddy Water (Lv 28); Amnesia (Lv 32); Toxic (Lv 36); Earthquake (Lv 40)
195,Quagsire,Water,Ground,95,85,85,65,65,35,430,Tail Whip (Lv 1); Water Gun (Lv 1); Rain Dance (Lv 1); Mud Shot (Lv 1); Mist (Lv 12); Haze (Lv 12); Slam (Lv 16); Yawn (Lv 23); Aqua Tail (Lv 28); Muddy Water (Lv 34); Amnesia (Lv 40); Toxic (Lv 46); Earthquake (Lv 52)
196,Espeon,Psychic,,65,65,60,130,95,110,525,Confusion (Lv 0); Tackle (Lv 1); Take Down (Lv 1); Double-Edge (Lv 1); Tail Whip (Lv 1); Bite (Lv 1); Growl (Lv 1); Copycat (Lv 1); Covet (Lv 1); Helping Hand (Lv 1); Charm (Lv 1); Baton Pass (Lv 1); Sand Attack (Lv 5); Quick Attack (Lv 10); Baby-Doll Eyes (Lv 15); Swift (Lv 20); Psybeam (Lv 25); Morning Sun (Lv 30); Power Swap (Lv 35); Psychic (Lv 40); Psych Up (Lv 45); Future Sight (Lv 50); Last Resort (Lv 55)
197,Umbreon,Dark,,95,65,110,60,130,65,525,Snarl (Lv 0); Charm (Lv 1); Tackle (Lv 1); Take Down (Lv 1); Double-Edge (Lv 1); Tail Whip (Lv 1); Bite (Lv 1); Growl (Lv 1); Copycat (Lv 1); Covet (Lv 1); Helping Hand (Lv 1); Swift (Lv 1); Baton Pass (Lv 1); Sand Attack (Lv 5); Quick Attack (Lv 10); Baby-Doll Eyes (Lv 15); Confuse Ray (Lv 20); Assurance (Lv 25); Moonlight (Lv 30); Guard Swap (Lv 35); Dark Pulse (Lv 40); Screech (Lv 45); Mean Look (Lv 50); Last Resort (Lv 55)
198,Murkrow,Dark,Flying,60,85,42,85,42,91,405,Peck (Lv 1); Astonish (Lv 1); Gust (Lv 5); Haze (Lv 11); Wing Attack (Lv 15); Night Shade (Lv 21); Assurance (Lv 25); Taunt (Lv 31); Mean Look (Lv 35); Foul Play (Lv 40); Sucker Punch (Lv 50); Torment (Lv 55); Quash (Lv 60)
199,Slowking,Water,Psychic,95,75,80,100,110,30,490,Curse (Lv 1); Tackle (Lv 1); Growl (Lv 1); Water Gun (Lv 1); Power Gem (Lv 1); Nasty Plot (Lv 1); Swagger (Lv 1); Yawn (Lv 9); Confusion (Lv 12); Disable (Lv 15); Water Pulse (Lv 18); Headbutt (Lv 21); Amnesia (Lv 27); Surf (Lv 30); Slack Off (Lv 33); Psychic (Lv 36); Psych Up (Lv 39); Rain Dance (Lv 42); Heal Pulse (Lv 45)
200,Misdreavus,Ghost,,60,60,60,85,85,85,435,Growl (Lv 1); Confusion (Lv 1); Astonish (Lv 10); Confuse Ray (Lv 14); Mean Look (Lv 19); Hex (Lv 23); Psybeam (Lv 28); Pain Split (Lv 32); Payback (Lv 37); Shadow Ball (Lv 41); Perish Song (Lv 46); Power Gem (Lv 50)
201,Unown,Psychic,,48,72,48,72,48,48,336,Hidden Power (Lv 1)
202,Wobbuffet,Psychic,,190,33,58,33,58,33,405,Counter (Lv 0); Mirror Coat (Lv 0); Safeguard (Lv 0); Destiny Bond (Lv 0); Splash (Lv 1); Charm (Lv 1); Encore (Lv 1); Amnesia (Lv 1)
203,Girafarig,Normal,Psychic,70,80,65,90,65,85,455,Tackle (Lv 1); Growl (Lv 1); Astonish (Lv 1); Power Swap (Lv 1); Guard Swap (Lv 1); Confusion (Lv 5); Assurance (Lv 10); Stomp (Lv 14); Psybeam (Lv 19); Agility (Lv 23); Double Hit (Lv 28); Twin Beam (Lv 32); Crunch (Lv 37); Baton Pass (Lv 41); Nasty Plot (Lv 46); Psychic (Lv 50)
204,Pineco,Bug,,50,65,90,35,35,15,290,Tackle (Lv 1); Protect (Lv 1); Self-Destruct (Lv 6); Bug Bite (Lv 9); Take Down (Lv 12); Rapid Spin (Lv 17); Rollout (Lv 20); Curse (Lv 23); Spikes (Lv 28); Payback (Lv 31); Explosion (Lv 34); Iron Defense (Lv 39); Gyro Ball (Lv 42); Double-Edge (Lv 45)
205,Forretress,Bug,Steel,75,90,140,60,60,40,465,Heavy Slam (Lv 0); Magnet Rise (Lv 1); Toxic Spikes (Lv 1); Bug Bite (Lv 1); Protect (Lv 1); Zap Cannon (Lv 1); Self-Destruct (Lv 1); Tackle (Lv 1); Take Down (Lv 12); Rapid Spin (Lv 17); Rollout (Lv 20); Curse (Lv 23); Spikes (Lv 28); Payback (Lv 32); Explosion (Lv 36); Iron Defense (Lv 42); Gyro Ball (Lv 46); Double-Edge (Lv 50)
206,Dunsparce,Normal,,100,70,70,65,65,45,415,Defense Curl (Lv 1); Flail (Lv 1); Mud-Slap (Lv 4); Rollout (Lv 8); Glare (Lv 12); Screech (Lv 16); Ancient Power (Lv 20); Drill Run (Lv 24); Yawn (Lv 28); Hyper Drill (Lv 32); Roost (Lv 36); Dragon Rush (Lv 40); Coil (Lv 44); Double-Edge (Lv 48); Endeavor (Lv 52)
207,Gligar,Ground,Flying,65,75,105,35,65,85,430,Poison Sting (Lv 1); Sand Attack (Lv 4); Harden (Lv 7); Knock Off (Lv 10); Quick Attack (Lv 13); Fury Cutter (Lv 16); Poison Tail (Lv 19); Acrobatics (Lv 22); Slash (Lv 27); U-turn (Lv 30); Screech (Lv 35); X-Scissor (Lv 40); Crabhammer (Lv 45); Swords Dance (Lv 50)
208,Steelix,Steel,Ground,75,85,200,55,65,30,510,Crunch (Lv 1); Thunder Fang (Lv 1); Ice Fang (Lv 1); Fire Fang (Lv 1); Rock Polish (Lv 1); Tackle (Lv 1); Harden (Lv 1); Bind (Lv 1); Rock Throw (Lv 1); Smack Down (Lv 4); Autotomize (Lv 8); Dragon Breath (Lv 12); Curse (Lv 16); Rock Slide (Lv 20); Screech (Lv 24); Sand Tomb (Lv 28); Stealth Rock (Lv 32); Slam (Lv 36); Sandstorm (Lv 40); Dig (Lv 44); Iron Tail (Lv 48); Stone Edge (Lv 52); Double-Edge (Lv 56); Magnet Rise (Lv 60)
209,Snubbull,Fairy,,60,80,50,40,40,30,300,Tackle (Lv 1); Tail Whip (Lv 1); Growl (Lv 1); Scary Face (Lv 1); Charm (Lv 1); Thunder Fang (Lv 1); Ice Fang (Lv 1); Fire Fang (Lv 1); Bite (Lv 7); Lick (Lv 13); Headbutt (Lv 19); Roar (Lv 25); Last Resort (Lv 31); Play Rough (Lv 37); Payback (Lv 43); Crunch (Lv 49)
210,Granbull,Fairy,,90,120,75,60,60,45,450,Outrage (Lv 1); Tackle (Lv 1); Tail Whip (Lv 1); Growl (Lv 1); Ice Fang (Lv 1); Scary Face (Lv 1); Fire Fang (Lv 1); Charm (Lv 1); Thunder Fang (Lv 1); Bite (Lv 7); Lick (Lv 13); Headbutt (Lv 19); Roar (Lv 27); Last Resort (Lv 35); Play Rough (Lv 43); Payback (Lv 51); Crunch (Lv 59)
211,Qwilfish,Water,Poison,65,95,85,55,55,85,440,Tackle (Lv 1); Poison Sting (Lv 1); Harden (Lv 4); Water Gun (Lv 8); Fell Stinger (Lv 12); Minimize (Lv 16); Spikes (Lv 20); Brine (Lv 24); Poison Jab (Lv 28); Pin Missile (Lv 32); Toxic Spikes (Lv 36); Stockpile (Lv 40); Spit Up (Lv 40); Toxic (Lv 44); Aqua Tail (Lv 48); Acupressure (Lv 52); Destiny Bond (Lv 56)
212,Scizor,Bug,Steel,70,130,100,55,80,65,500,Bullet Punch (Lv 0); False Swipe (Lv 1); Wing Attack (Lv 1); Leer (Lv 1); Agility (Lv 1); Quick Attack (Lv 1); Air Slash (Lv 1); Fury Cutter (Lv 1); Metal Claw (Lv 12); Double Team (Lv 16); Double Hit (Lv 20); Slash (Lv 24); Focus Energy (Lv 28); Iron Defense (Lv 32); Iron Head (Lv 36); X-Scissor (Lv 40); Swords Dance (Lv 44)
213,Shuckle,Bug,Rock,20,10,230,10,230,5,505,Withdraw (Lv 1); Wrap (Lv 1); Rollout (Lv 5); Struggle Bug (Lv 10); Rock Throw (Lv 15); Safeguard (Lv 20); Rest (Lv 25); Bug Bite (Lv 30); Power Split (Lv 35); Guard Split (Lv 35); Rock Slide (Lv 40); Gastro Acid (Lv 45); Sticky Web (Lv 50); Power Trick (Lv 55); Stone Edge (Lv 60); Shell Smash (Lv 65)
214,Heracross,Bug,Fighting,80,125,75,40,95,85,500,Tackle (Lv 1); Leer (Lv 1); Arm Thrust (Lv 1); Fury Attack (Lv 5); Endure (Lv 10); Aerial Ace (Lv 15); Horn Attack (Lv 20); Counter (Lv 25); Brick Break (Lv 30); Pin Missile (Lv 35); Throat Chop (Lv 40); Thrash (Lv 45); Swords Dance (Lv 50); Megahorn (Lv 55); Close Combat (Lv 60)
215,Sneasel,Dark,Ice,55,95,55,35,75,115,430,Scratch (Lv 1); Leer (Lv 1); Taunt (Lv 6); Quick Attack (Lv 12); Metal Claw (Lv 18); Icy Wind (Lv 24); Fury Swipes (Lv 30); Hone Claws (Lv 36); Beat Up (Lv 42); Agility (Lv 48); Screech (Lv 54); Slash (Lv 60)
216,Teddiursa,Normal,,60,80,50,50,50,40,330,Scratch (Lv 1); Lick (Lv 1); Covet (Lv 1); Fling (Lv 1); Baby-Doll Eyes (Lv 1); Fury Swipes (Lv 8); Payback (Lv 13); Sweet Scent (Lv 17); Slash (Lv 22); Play Nice (Lv 25); Play Rough (Lv 29); Charm (Lv 33); Rest (Lv 37); Snore (Lv 37); Thrash (Lv 41)
217,Ursaring,Normal,,90,130,75,75,75,55,500,Scratch (Lv 1); Leer (Lv 1); Lick (Lv 1); Fake Tears (Lv 1); Covet (Lv 1); Fury Swipes (Lv 8); Payback (Lv 13); Sweet Scent (Lv 17); Slash (Lv 22); Play Nice (Lv 25); Play Rough (Lv 29); Scary Face (Lv 35); Rest (Lv 41); Snore (Lv 41); High Horsepower (Lv 48); Thrash (Lv 56); Hammer Arm (Lv 64)
218,Slugma,Fire,,40,40,40,70,40,20,250,Smog (Lv 1); Yawn (Lv 1); Ember (Lv 6); Rock Throw (Lv 8); Harden (Lv 13); Clear Smog (Lv 20); Ancient Power (Lv 22); Incinerate (Lv 27); Rock Slide (Lv 29); Lava Plume (Lv 34); Amnesia (Lv 36); Body Slam (Lv 41); Recover (Lv 43); Flamethrower (Lv 48); Earth Power (Lv 50)
219,Magcargo,Fire,Rock,60,50,120,90,80,30,430,Shell Smash (Lv 0); Ember (Lv 1); Rock Throw (Lv 1); Smog (Lv 1); Yawn (Lv 1); Earth Power (Lv 1); Harden (Lv 13); Clear Smog (Lv 20); Ancient Power (Lv 22); Incinerate (Lv 27); Rock Slide (Lv 29); Lava Plume (Lv 34); Amnesia (Lv 36); Body Slam (Lv 43); Recover (Lv 47); Flamethrower (Lv 54)
220,Swinub,Ice,Ground,50,50,40,30,30,50,250,Tackle (Lv 1); Mud-Slap (Lv 1); Powder Snow (Lv 5); Flail (Lv 10); Ice Shard (Lv 15); Mist (Lv 20); Endure (Lv 25); Icy Wind (Lv 30); Amnesia (Lv 35); Take Down (Lv 40); Earthquake (Lv 45); Blizzard (Lv 50)
221,Piloswine,Ice,Ground,100,100,80,60,60,50,450,Ice Fang (Lv 0); Tackle (Lv 1); Flail (Lv 1); Powder Snow (Lv 1); Mud-Slap (Lv 1); Ancient Power (Lv 1); Ice Shard (Lv 15); Mist (Lv 20); Endure (Lv 25); Icy Wind (Lv 30); Amnesia (Lv 37); Take Down (Lv 44); Earthquake (Lv 51); Blizzard (Lv 58); Thrash (Lv 65)
222,Corsola,Water,Rock,65,55,95,65,95,35,410,Tackle (Lv 1); Harden (Lv 1); Water Gun (Lv 5); Aqua Ring (Lv 10); Endure (Lv 15); Ancient Power (Lv 20); Bubble Beam (Lv 25); Flail (Lv 30); Life Dew (Lv 35); Power Gem (Lv 40); Earth Power (Lv 45); Recover (Lv 50); Mirror Coat (Lv 55)
223,Remoraid,Water,,35,65,35,65,35,65,300,Water Gun (Lv 1); Helping Hand (Lv 1); Water Pulse (Lv 4); Focus Energy (Lv 8); Psybeam (Lv 12); Aurora Beam (Lv 16); Bubble Beam (Lv 20); Lock-On (Lv 24); Bullet Seed (Lv 28); Ice Beam (Lv 32); Hydro Pump (Lv 36); Soak (Lv 40); Hyper Beam (Lv 44)
224,Octillery,Water,,75,105,75,105,75,45,480,Octazooka (Lv 0); Gunk Shot (Lv 1); Rock Blast (Lv 1); Helping Hand (Lv 1); Water Gun (Lv 1); Wrap (Lv 1); Water Pulse (Lv 1); Focus Energy (Lv 1); Psybeam (Lv 12); Aurora Beam (Lv 16); Bubble Beam (Lv 20); Lock-On (Lv 24); Bullet Seed (Lv 30); Ice Beam (Lv 36); Hydro Pump (Lv 42); Soak (Lv 48); Hyper Beam (Lv 54)
225,Delibird,Ice,Flying,45,55,45,65,45,75,330,Present (Lv 1); Drill Peck (Lv 25)
226,Mantine,Water,Flying,85,40,70,80,140,70,485,Psybeam (Lv 1); Bullet Seed (Lv 1); Roost (Lv 1); Tackle (Lv 1); Water Gun (Lv 1); Supersonic (Lv 1); Wing Attack (Lv 1); Water Pulse (Lv 12); Wide Guard (Lv 16); Agility (Lv 20); Bubble Beam (Lv 24); Headbutt (Lv 28); Air Slash (Lv 32); Aqua Ring (Lv 36); Bounce (Lv 40); Take Down (Lv 44); Hydro Pump (Lv 48)
227,Skarmory,Steel,Flying,65,80,140,40,70,70,465,Leer (Lv 1); Peck (Lv 1); Sand Attack (Lv 4); Fury Attack (Lv 8); Metal Claw (Lv 12); Agility (Lv 16); Wing Attack (Lv 20); Slash (Lv 24); Steel Wing (Lv 28); Payback (Lv 32); Drill Peck (Lv 36); Metal Sound (Lv 40); Spikes (Lv 44); Iron Defense (Lv 48); Brave Bird (Lv 52)
228,Houndour,Dark,Fire,45,60,30,80,50,65,330,Leer (Lv 1); Ember (Lv 1); Howl (Lv 4); Smog (Lv 8); Roar (Lv 13); Bite (Lv 16); Incinerate (Lv 20); Beat Up (Lv 25); Fire Fang (Lv 28); Torment (Lv 32); Comeuppance (Lv 37); Foul Play (Lv 40); Flamethrower (Lv 44); Crunch (Lv 49); Nasty Plot (Lv 52); Inferno (Lv 56)
229,Houndoom,Dark,Fire,75,90,50,110,80,95,500,Leer (Lv 1); Ember (Lv 1); Smog (Lv 1); Thunder Fang (Lv 1); Howl (Lv 1); Nasty Plot (Lv 1); Roar (Lv 13); Bite (Lv 16); Incinerate (Lv 20); Beat Up (Lv 26); Fire Fang (Lv 30); Torment (Lv 35); Comeuppance (Lv 41); Foul Play (Lv 45); Flamethrower (Lv 50); Crunch (Lv 56); Inferno (Lv 62)
230,Kingdra,Water,Dragon,75,95,95,95,95,85,540,Leer (Lv 1); Water Gun (Lv 1); Smokescreen (Lv 1); Twister (Lv 1); Whirlpool (Lv 1); Yawn (Lv 1); Focus Energy (Lv 15); Dragon Breath (Lv 20); Bubble Beam (Lv 25); Agility (Lv 30); Water Pulse (Lv 37); Dragon Pulse (Lv 44); Hydro Pump (Lv 51); Dragon Dance (Lv 58); Rain Dance (Lv 65); Wave Crash (Lv 72)
231,Phanpy,Ground,,90,60,60,40,40,40,330,Tackle (Lv 1); Growl (Lv 1); Defense Curl (Lv 1); Flail (Lv 6); Rollout (Lv 10); Bulldoze (Lv 15); Endure (Lv 19); Slam (Lv 24); Take Down (Lv 28); Charm (Lv 33); Last Resort (Lv 37); Double-Edge (Lv 42)
232,Donphan,Ground,,90,120,120,60,60,50,500,Fury Attack (Lv 0); Horn Attack (Lv 1); Growl (Lv 1); Defense Curl (Lv 1); Thunder Fang (Lv 1); Fire Fang (Lv 1); Bulldoze (Lv 1); Rapid Spin (Lv 6); Rollout (Lv 10); Assurance (Lv 15); Knock Off (Lv 19); Slam (Lv 24); Stomping Tantrum (Lv 30); Scary Face (Lv 37); Earthquake (Lv 43); Giga Impact (Lv 50)
233,Porygon2,Normal,,85,80,90,105,95,60,515,Tackle (Lv 1); Defense Curl (Lv 1); Conversion (Lv 1); Recycle (Lv 1); Magnet Rise (Lv 1); Thunder Shock (Lv 15); Psybeam (Lv 20); Conversion 2 (Lv 25); Agility (Lv 30); Recover (Lv 35); Discharge (Lv 40); Tri Attack (Lv 45); Lock-On (Lv 50); Zap Cannon (Lv 55); Hyper Beam (Lv 60)
234,Stantler,Normal,,73,95,62,85,65,85,465,Tackle (Lv 1); Leer (Lv 3); Astonish (Lv 7); Hypnosis (Lv 10); Stomp (Lv 13); Sand Attack (Lv 16); Take Down (Lv 21); Confuse Ray (Lv 23); Calm Mind (Lv 27); Role Play (Lv 32); Zen Headbutt (Lv 37); Imprison (Lv 49); Double-Edge (Lv 55)
235,Smeargle,Normal,,55,20,35,20,45,75,250,Sketch (Lv 1)
236,Tyrogue,Fighting,,35,35,35,35,35,35,210,Tackle (Lv 1); Focus Energy (Lv 1); Fake Out (Lv 1); Helping Hand (Lv 1)
237,Hitmontop,Fighting,,50,95,95,35,110,70,455,Triple Kick (Lv 0); Tackle (Lv 1); Feint (Lv 1); Helping Hand (Lv 1); Focus Energy (Lv 1); Fake Out (Lv 1); Quick Attack (Lv 4); Gyro Ball (Lv 8); Detect (Lv 12); Rapid Spin (Lv 16); Wide Guard (Lv 21); Quick Guard (Lv 21); Sucker Punch (Lv 24); Agility (Lv 28); Dig (Lv 32); Close Combat (Lv 36); Counter (Lv 40); Endeavor (Lv 44)
238,Smoochum,Ice,Psychic,45,30,15,85,65,65,305,Lick (Lv 1); Pound (Lv 1); Powder Snow (Lv 4); Copycat (Lv 8); Confusion (Lv 12); Covet (Lv 16); Sing (Lv 20); Fake Tears (Lv 24); Ice Punch (Lv 28); Psychic (Lv 32); Sweet Kiss (Lv 36); Mean Look (Lv 40); Perish Song (Lv 44); Blizzard (Lv 48)
239,Elekid,Electric,,45,63,37,65,55,95,360,Leer (Lv 1); Quick Attack (Lv 1); Thunder Shock (Lv 4); Charge (Lv 8); Swift (Lv 12); Shock Wave (Lv 16); Thunder Wave (Lv 20); Screech (Lv 24); Thunder Punch (Lv 28); Discharge (Lv 32); Low Kick (Lv 36); Thunderbolt (Lv 40); Light Screen (Lv 44); Thunder (Lv 48)
240,Magby,Fire,,45,75,37,70,55,83,365,Leer (Lv 1); Smog (Lv 1); Ember (Lv 4); Smokescreen (Lv 8); Clear Smog (Lv 12); Flame Wheel (Lv 16); Confuse Ray (Lv 20); Scary Face (Lv 24); Fire Punch (Lv 28); Lava Plume (Lv 32); Low Kick (Lv 36); Flamethrower (Lv 40); Sunny Day (Lv 44); Fire Blast (Lv 48)
241,Miltank,Normal,,95,80,105,40,70,100,490,Tackle (Lv 1); Growl (Lv 1); Rollout (Lv 5); Defense Curl (Lv 10); Stomp (Lv 15); Heal Bell (Lv 20); Headbutt (Lv 25); Zen Headbutt (Lv 30); Milk Drink (Lv 35); Body Slam (Lv 40); Play Rough (Lv 45); Charm (Lv 50); High Horsepower (Lv 55)
242,Blissey,Normal,,255,10,10,75,135,55,540,Charm (Lv 1); Copycat (Lv 1); Covet (Lv 1); Disarming Voice (Lv 1); Sweet Kiss (Lv 1); Pound (Lv 1); Defense Curl (Lv 1); Tail Whip (Lv 4); Echoed Voice (Lv 8); Life Dew (Lv 12); Sing (Lv 16); Fling (Lv 20); Take Down (Lv 24); Heal Pulse (Lv 28); Helping Hand (Lv 32); Light Screen (Lv 36); Double-Edge (Lv 40); Soft-Boiled (Lv 44); Last Resort (Lv 48); Healing Wish (Lv 52)
243,Raikou,Electric,,90,85,75,115,100,115,580,Leer (Lv 1); Charge (Lv 1); Extreme Speed (Lv 1); Thunder Shock (Lv 1); Quick Attack (Lv 1); Spark (Lv 6); Bite (Lv 12); Calm Mind (Lv 18); Roar (Lv 24); Thunder Fang (Lv 30); Howl (Lv 36); Crunch (Lv 42); Extrasensory (Lv 48); Discharge (Lv 54); Reflect (Lv 60); Rain Dance (Lv 66); Thunder (Lv 72); Zap Cannon (Lv 78)
244,Entei,Fire,,115,115,85,90,75,100,580,Stomp (Lv 1); Leer (Lv 1); Ember (Lv 1); Smokescreen (Lv 1); Flame Wheel (Lv 6); Bite (Lv 12); Calm Mind (Lv 18); Roar (Lv 24); Fire Fang (Lv 30); Scary Face (Lv 36); Crunch (Lv 42); Extrasensory (Lv 48); Lava Plume (Lv 54); Swagger (Lv 60); Sunny Day (Lv 66); Fire Blast (Lv 72); Eruption (Lv 78)
245,Suicune,Water,,100,75,115,90,115,85,580,Gust (Lv 1); Leer (Lv 1); Mist (Lv 1); Water Gun (Lv 1); Water Pulse (Lv 6); Bite (Lv 12); Calm Mind (Lv 18); Roar (Lv 24); Ice Fang (Lv 30); Tailwind (Lv 36); Crunch (Lv 42); Extrasensory (Lv 48); Surf (Lv 54); Mirror Coat (Lv 60); Rain Dance (Lv 66); Hydro Pump (Lv 72); Blizzard (Lv 78)
246,Larvitar,Rock,Ground,50,64,50,45,50,41,300,Tackle (Lv 1); Leer (Lv 1); Rock Throw (Lv 3); Payback (Lv 6); Bite (Lv 9); Scary Face (Lv 12); Rock Slide (Lv 15); Stomping Tantrum (Lv 18); Screech (Lv 21); Smack Down (Lv 24); Crunch (Lv 27); Earthquake (Lv 31); Stone Edge (Lv 33); Thrash (Lv 36); Sandstorm (Lv 39); Hyper Beam (Lv 42)
247,Pupitar,Rock,Ground,70,84,70,65,70,51,410,Iron Defense (Lv 0); Tackle (Lv 1); Payback (Lv 1); Leer (Lv 1); Rock Throw (Lv 1); Bite (Lv 9); Scary Face (Lv 12); Rock Slide (Lv 15); Stomping Tantrum (Lv 18); Screech (Lv 21); Smack Down (Lv 24); Crunch (Lv 27); Earthquake (Lv 33); Stone Edge (Lv 37); Thrash (Lv 42); Sandstorm (Lv 47); Hyper Beam (Lv 52)
248,Tyranitar,Rock,Dark,100,134,110,95,100,61,600,Tackle (Lv 1); Fire Fang (Lv 1); Leer (Lv 1); Ice Fang (Lv 1); Rock Throw (Lv 1); Thunder Fang (Lv 1); Dark Pulse (Lv 1); Payback (Lv 1); Iron Defense (Lv 1); Bite (Lv 9); Scary Face (Lv 12); Rock Slide (Lv 15); Stomping Tantrum (Lv 18); Screech (Lv 21); Smack Down (Lv 24); Crunch (Lv 27); Earthquake (Lv 33); Stone Edge (Lv 37); Thrash (Lv 42); Sandstorm (Lv 47); Hyper Beam (Lv 52); Giga Impact (Lv 59)
249,Lugia,Psychic,Flying,106,90,130,90,154,110,680,Gust (Lv 1); Whirlwind (Lv 1); Ancient Power (Lv 1); Weather Ball (Lv 1); Mist (Lv 9); Safeguard (Lv 18); Calm Mind (Lv 27); Extrasensory (Lv 36); Recover (Lv 45); Aeroblast (Lv 54); Rain Dance (Lv 63); Hydro Pump (Lv 72); Future Sight (Lv 81); Sky Attack (Lv 90)
250,Ho-Oh,Fire,Flying,106,130,90,110,154,90,680,Gust (Lv 1); Whirlwind (Lv 1); Ancient Power (Lv 1); Weather Ball (Lv 1); Life Dew (Lv 9); Safeguard (Lv 18); Calm Mind (Lv 27); Extrasensory (Lv 36); Recover (Lv 45); Sacred Fire (Lv 54); Sunny Day (Lv 63); Fire Blast (Lv 72); Future Sight (Lv 81); Sky Attack (Lv 90); Overheat (Lv 99)
251,Celebi,Psychic,Grass,100,100,100,100,100,100,600,Confusion (Lv 1); Heal Bell (Lv 1); Magical Leaf (Lv 10); Baton Pass (Lv 20); Ancient Power (Lv 30); Life Dew (Lv 40); Leech Seed (Lv 50); Recover (Lv 60); Future Sight (Lv 70); Healing Wish (Lv 80); Leaf Storm (Lv 90); Perish Song (Lv 100)
252,Treecko,Grass,,40,45,35,65,55,70,310,Pound (Lv 1); Leer (Lv 1); Leafage (Lv 3); Quick Attack (Lv 6); Mega Drain (Lv 9); Detect (Lv 12); Quick Guard (Lv 15); Assurance (Lv 18); Giga Drain (Lv 21); Slam (Lv 24); Double Team (Lv 27); Energy Ball (Lv 30); Screech (Lv 33); Endeavor (Lv 36); Leaf Storm (Lv 39)
253,Grovyle,Grass,,50,65,45,85,65,95,405,Pound (Lv 1); Leer (Lv 1); Quick Attack (Lv 1); Leafage (Lv 1); Mega Drain (Lv 9); Detect (Lv 12); Quick Guard (Lv 15); Assurance (Lv 20); Giga Drain (Lv 25); Slam (Lv 30); Double Team (Lv 35); Leaf Blade (Lv 40); Screech (Lv 45); Endeavor (Lv 50); Leaf Storm (Lv 55)
254,Sceptile,Grass,,70,85,65,105,85,120,530,Leaf Blade (Lv 0); Pound (Lv 1); Leer (Lv 1); Quick Attack (Lv 1); Leafage (Lv 1); Mega Drain (Lv 5); Detect (Lv 12); Quick Guard (Lv 15); Assurance (Lv 20); Giga Drain (Lv 25); Slam (Lv 30); Double Team (Lv 35); Screech (Lv 42); Endeavor (Lv 49); Leaf Storm (Lv 56)
255,Torchic,Fire,,45,60,40,70,50,45,310,Scratch (Lv 1); Growl (Lv 1); Ember (Lv 3); Quick Attack (Lv 6); Flame Charge (Lv 9); Detect (Lv 12); Sand Attack (Lv 15); Aerial Ace (Lv 18); Slash (Lv 21); Bounce (Lv 24); Focus Energy (Lv 27); Flamethrower (Lv 30); Feather Dance (Lv 33); Reversal (Lv 36); Flare Blitz (Lv 39)
256,Combusken,Fire,Fighting,60,85,60,85,60,55,405,Double Kick (Lv 0); Scratch (Lv 1); Growl (Lv 1); Ember (Lv 1); Quick Attack (Lv 1); Flame Charge (Lv 9); Detect (Lv 12); Sand Attack (Lv 15); Aerial Ace (Lv 20); Slash (Lv 25); Bounce (Lv 30); Focus Energy (Lv 35); Blaze Kick (Lv 40); Bulk Up (Lv 45); Reversal (Lv 50); Flare Blitz (Lv 55)
257,Blaziken,Fire,Fighting,80,120,70,110,70,80,530,Blaze Kick (Lv 0); Scratch (Lv 1); Double Kick (Lv 1); Growl (Lv 1); Quick Attack (Lv 1); Flame Charge (Lv 9); Detect (Lv 12); Sand Attack (Lv 15); Aerial Ace (Lv 20); Slash (Lv 25); Bounce (Lv 30); Focus Energy (Lv 35); Bulk Up (Lv 42); Reversal (Lv 49); Flare Blitz (Lv 56); Brave Bird (Lv 63)
258,Mudkip,Water,,50,70,50,50,50,40,310,Tackle (Lv 1); Growl (Lv 1); Water Gun (Lv 3); Rock Smash (Lv 6); Rock Throw (Lv 9); Protect (Lv 12); Supersonic (Lv 15); Water Pulse (Lv 18); Rock Slide (Lv 21); Take Down (Lv 24); Amnesia (Lv 27); Surf (Lv 30); Screech (Lv 33); Endeavor (Lv 36); Hydro Pump (Lv 39)
259,Marshtomp,Water,Ground,70,85,70,60,70,50,405,Mud Shot (Lv 0); Tackle (Lv 1); Growl (Lv 1); Water Gun (Lv 1); Rock Throw (Lv 9); Protect (Lv 12); Supersonic (Lv 15); Water Pulse (Lv 20); Rock Slide (Lv 25); Take Down (Lv 30); Amnesia (Lv 35); Muddy Water (Lv 40); Screech (Lv 45); Endeavor (Lv 50); Hydro Pump (Lv 55)
260,Swampert,Water,Ground,100,110,90,85,90,60,535,Tackle (Lv 1); Growl (Lv 1); Water Gun (Lv 1); Mud Shot (Lv 1); Rock Throw (Lv 9); Protect (Lv 12); Supersonic (Lv 15); Water Pulse (Lv 20); Rock Slide (Lv 25); Take Down (Lv 30); Amnesia (Lv 35); Muddy Water (Lv 42); Screech (Lv 49); Endeavor (Lv 56); Hydro Pump (Lv 63)
261,Poochyena,Dark,,35,55,35,30,30,35,220,Tackle (Lv 1); Howl (Lv 4); Sand Attack (Lv 7); Bite (Lv 10); Leer (Lv 13); Roar (Lv 16); Swagger (Lv 19); Assurance (Lv 22); Scary Face (Lv 25); Taunt (Lv 28); Crunch (Lv 31); Yawn (Lv 34); Take Down (Lv 36); Sucker Punch (Lv 40); Play Rough (Lv 44)
262,Mightyena,Dark,,70,90,70,60,60,70,420,Snarl (Lv 0); Crunch (Lv 1); Fire Fang (Lv 1); Ice Fang (Lv 1); Thunder Fang (Lv 1); Thief (Lv 1); Sand Attack (Lv 1); Bite (Lv 1); Tackle (Lv 1); Howl (Lv 13); Leer (Lv 13); Roar (Lv 16); Swagger (Lv 20); Assurance (Lv 24); Scary Face (Lv 28); Taunt (Lv 36); Yawn (Lv 44); Take Down (Lv 48); Sucker Punch (Lv 52); Play Rough (Lv 56)
263,Zigzagoon,Normal,,38,30,41,30,41,60,240,Tackle (Lv 1); Growl (Lv 1); Sand Attack (Lv 3); Tail Whip (Lv 6); Covet (Lv 9); Headbutt (Lv 12); Baby-Doll Eyes (Lv 15); Pin Missile (Lv 18); Rest (Lv 21); Take Down (Lv 24); Fling (Lv 27); Flail (Lv 30); Belly Drum (Lv 33); Double-Edge (Lv 36)
264,Linoone,Normal,,78,70,61,50,61,100,420,Slash (Lv 0); Switcheroo (Lv 1); Pin Missile (Lv 1); Baby-Doll Eyes (Lv 1); Tackle (Lv 1); Growl (Lv 1); Sand Attack (Lv 1); Tail Whip (Lv 1); Covet (Lv 9); Headbutt (Lv 12); Hone Claws (Lv 15); Fury Swipes (Lv 18); Rest (Lv 23); Take Down (Lv 28); Fling (Lv 33); Flail (Lv 38); Belly Drum (Lv 43); Double-Edge (Lv 48)
265,Wurmple,Bug,,45,45,35,20,30,20,195,Tackle (Lv 1); String Shot (Lv 1); Poison Sting (Lv 5); Bug Bite (Lv 15)
266,Silcoon,Bug,,50,35,55,25,25,15,205,Harden (Lv 0)
267,Beautifly,Bug,Flying,60,70,50,100,50,65,395,Gust (Lv 0); Absorb (Lv 12); Stun Spore (Lv 15); Morning Sun (Lv 17); Air Cutter (Lv 20); Mega Drain (Lv 22); Silver Wind (Lv 25); Attract (Lv 27); Whirlwind (Lv 30); Giga Drain (Lv 32); Bug Buzz (Lv 35); Rage (Lv 37); Quiver Dance (Lv 40)
268,Cascoon,Bug,,50,35,55,25,25,15,205,Harden (Lv 0)
269,Dustox,Bug,Poison,60,50,70,50,90,65,385,Gust (Lv 0); Confusion (Lv 12); Poison Powder (Lv 15); Moonlight (Lv 17); Venoshock (Lv 20); Psybeam (Lv 22); Silver Wind (Lv 25); Light Screen (Lv 27); Whirlwind (Lv 30); Toxic (Lv 32); Bug Buzz (Lv 35); Protect (Lv 37); Quiver Dance (Lv 40)
270,Lotad,Water,Grass,40,30,30,40,50,30,220,Growl (Lv 1); Astonish (Lv 1); Absorb (Lv 3); Water Gun (Lv 6); Mist (Lv 9); Mega Drain (Lv 12); Flail (Lv 16); Bubble Beam (Lv 20); Leech Seed (Lv 24); Giga Drain (Lv 28); Rain Dance (Lv 33); Zen Headbutt (Lv 38); Energy Ball (Lv 43)
271,Lombre,Water,Grass,60,50,50,60,70,50,340,Growl (Lv 1); Water Gun (Lv 1); Astonish (Lv 1); Teeter Dance (Lv 1); Absorb (Lv 1); Knock Off (Lv 1); Fake Out (Lv 1); Flail (Lv 1); Mist (Lv 9); Mega Drain (Lv 12); Fury Swipes (Lv 18); Bubble Beam (Lv 24); Leech Seed (Lv 30); Giga Drain (Lv 36); Zen Headbutt (Lv 50); Energy Ball (Lv 57); Hydro Pump (Lv 64)
272,Ludicolo,Water,Grass,80,70,70,90,100,70,480,Fake Out (Lv 1); Rain Dance (Lv 1); Bubble Beam (Lv 1)
273,Seedot,Grass,,40,40,50,30,30,30,220,Tackle (Lv 1); Harden (Lv 1); Absorb (Lv 3); Astonish (Lv 6); Growth (Lv 9); Rollout (Lv 12); Mega Drain (Lv 15); Payback (Lv 18); Headbutt (Lv 21); Sunny Day (Lv 24); Synthesis (Lv 27); Sucker Punch (Lv 30); Explosion (Lv 33)
274,Nuzleaf,Grass,Dark,70,70,40,60,40,60,340,Razor Leaf (Lv 0); Tackle (Lv 1); Absorb (Lv 1); Harden (Lv 1); Explosion (Lv 1); Swagger (Lv 1); Air Cutter (Lv 1); Fake Out (Lv 1); Torment (Lv 1); Astonish (Lv 1); Growth (Lv 9); Rollout (Lv 12); Mega Drain (Lv 18); Payback (Lv 24); Synthesis (Lv 30); Sunny Day (Lv 36); Extrasensory (Lv 43); Sucker Punch (Lv 50); Leaf Blade (Lv 57)
275,Shiftry,Grass,Dark,90,100,60,90,60,80,480,Leaf Blade (Lv 0); Sunny Day (Lv 1); Air Cutter (Lv 1); Payback (Lv 1); Hurricane (Lv 1)
276,Taillow,Normal,Flying,40,55,30,30,30,85,270,Peck (Lv 1); Growl (Lv 1); Focus Energy (Lv 5); Quick Attack (Lv 9); Wing Attack (Lv 13); Double Team (Lv 17); Aerial Ace (Lv 21); Quick Guard (Lv 25); Agility (Lv 29); Air Slash (Lv 33); Endeavor (Lv 37); Brave Bird (Lv 41); Reversal (Lv 45)
277,Swellow,Normal,Flying,60,85,60,75,50,125,455,Brave Bird (Lv 1); Air Slash (Lv 1); Pluck (Lv 1); Peck (Lv 1); Growl (Lv 1); Focus Energy (Lv 1); Quick Attack (Lv 1); Wing Attack (Lv 13); Double Team (Lv 17); Aerial Ace (Lv 21); Quick Guard (Lv 27); Agility (Lv 33); Endeavor (Lv 45); Reversal (Lv 57)
278,Wingull,Water,Flying,40,30,30,55,30,85,270,Growl (Lv 1); Water Gun (Lv 1); Quick Attack (Lv 5); Supersonic (Lv 10); Wing Attack (Lv 15); Water Pulse (Lv 20); Agility (Lv 26); Air Slash (Lv 30); Mist (Lv 35); Roost (Lv 40); Hurricane (Lv 45)
279,Pelipper,Water,Flying,60,50,100,95,70,65,440,Growl (Lv 1); Supersonic (Lv 1); Air Slash (Lv 1); Water Gun (Lv 1); Tailwind (Lv 1); Agility (Lv 1); Quick Attack (Lv 1); Protect (Lv 1); Soak (Lv 1); Wing Attack (Lv 15); Water Pulse (Lv 20); Stockpile (Lv 28); Spit Up (Lv 28); Swallow (Lv 28); Fling (Lv 34); Mist (Lv 41); Roost (Lv 48); Hurricane (Lv 55); Hydro Pump (Lv 62)
280,Ralts,Psychic,Fairy,28,25,25,45,35,40,198,Growl (Lv 1); Disarming Voice (Lv 1); Double Team (Lv 3); Confusion (Lv 6); Hypnosis (Lv 9); Draining Kiss (Lv 12); Teleport (Lv 15); Psybeam (Lv 18); Life Dew (Lv 21); Charm (Lv 24); Calm Mind (Lv 27); Psychic (Lv 30); Heal Pulse (Lv 33); Dream Eater (Lv 36); Future Sight (Lv 39)
281,Kirlia,Psychic,Fairy,38,35,35,65,55,50,278,Growl (Lv 1); Confusion (Lv 1); Double Team (Lv 1); Disarming Voice (Lv 1); Hypnosis (Lv 9); Draining Kiss (Lv 12); Teleport (Lv 15); Psybeam (Lv 18); Life Dew (Lv 23); Charm (Lv 28); Calm Mind (Lv 33); Psychic (Lv 38); Heal Pulse (Lv 43); Dream Eater (Lv 48); Future Sight (Lv 53)
282,Gardevoir,Psychic,Fairy,68,65,65,125,115,80,518,Dazzling Gleam (Lv 0); Growl (Lv 1); Confusion (Lv 1); Mystical Fire (Lv 1); Double Team (Lv 1); Misty Terrain (Lv 1); Charm (Lv 1); Disarming Voice (Lv 1); Healing Wish (Lv 1); Heal Pulse (Lv 1); Hypnosis (Lv 9); Draining Kiss (Lv 12); Teleport (Lv 15); Psybeam (Lv 18); Life Dew (Lv 23); Wish (Lv 28); Calm Mind (Lv 35); Psychic (Lv 42); Moonblast (Lv 49); Dream Eater (Lv 56); Future Sight (Lv 63)
283,Surskit,Bug,Water,40,30,32,50,52,65,269,Water Gun (Lv 1); Quick Attack (Lv 6); Sweet Scent (Lv 9); Soak (Lv 14); Bubble Beam (Lv 17); Agility (Lv 22); Mist (Lv 25); Haze (Lv 25); Baton Pass (Lv 35); Sticky Web (Lv 38)
284,Masquerain,Bug,Flying,70,60,62,100,82,80,454,Whirlwind (Lv 1); Water Gun (Lv 1); Quick Attack (Lv 1); Sweet Scent (Lv 1); Soak (Lv 1); Gust (Lv 17); Scary Face (Lv 22); Air Cutter (Lv 22); Stun Spore (Lv 26); Air Slash (Lv 32); Giga Drain (Lv 38); Bug Buzz (Lv 44); Quiver Dance (Lv 52)
285,Shroomish,Grass,,60,40,60,40,60,35,295,Tackle (Lv 1); Absorb (Lv 1); Stun Spore (Lv 5); Leech Seed (Lv 8); Mega Drain (Lv 12); Headbutt (Lv 15); Poison Powder (Lv 19); Giga Drain (Lv 26); Growth (Lv 29); Toxic (Lv 33); Seed Bomb (Lv 36); Spore (Lv 40)
286,Breloom,Grass,Fighting,60,130,80,60,60,70,460,Mach Punch (Lv 0); Stun Spore (Lv 1); Tackle (Lv 1); Absorb (Lv 1); Leech Seed (Lv 1); Growth (Lv 1); Poison Powder (Lv 1); Toxic (Lv 1); Mega Drain (Lv 12); Headbutt (Lv 15); Feint (Lv 19); Counter (Lv 22); Force Palm (Lv 28); Worry Seed (Lv 33); Brick Break (Lv 39); Seed Bomb (Lv 44); Dynamic Punch (Lv 50); Focus Punch (Lv 55)
287,Slakoth,Normal,,60,60,60,35,35,30,280,Scratch (Lv 1); Yawn (Lv 1); Encore (Lv 6); Slack Off (Lv 9); Headbutt (Lv 14); Amnesia (Lv 17); Covet (Lv 22); Throat Chop (Lv 25); Counter (Lv 30); Flail (Lv 33); Play Rough (Lv 38)
288,Vigoroth,Normal,,80,80,80,55,55,90,440,Scratch (Lv 1); Focus Energy (Lv 1); Encore (Lv 1); Uproar (Lv 1); Fury Swipes (Lv 14); Endure (Lv 17); Slash (Lv 23); Throat Chop (Lv 27); Counter (Lv 33); Focus Punch (Lv 37); Reversal (Lv 43)
289,Slaking,Normal,,150,160,100,95,65,100,670,Swagger (Lv 0); Scratch (Lv 1); Encore (Lv 1); Yawn (Lv 1); Slack Off (Lv 1); Sucker Punch (Lv 1); Amnesia (Lv 17); Covet (Lv 23); Throat Chop (Lv 27); Counter (Lv 33); Flail (Lv 39); Fling (Lv 45); Mega Kick (Lv 52); Hammer Arm (Lv 63)
290,Nincada,Bug,Ground,31,45,90,30,30,40,266,Sand Attack (Lv 1); Scratch (Lv 1); Harden (Lv 5); False Swipe (Lv 10); Mud-Slap (Lv 15); Absorb (Lv 21); Metal Claw (Lv 25); Fury Swipes (Lv 30); Mind Reader (Lv 35); Dig (Lv 40)
291,Ninjask,Bug,Flying,61,90,45,50,50,160,456,Double Team (Lv 0); Screech (Lv 0); Fury Cutter (Lv 0); Baton Pass (Lv 1); Aerial Ace (Lv 1); Mud-Slap (Lv 1); Metal Claw (Lv 1); Dig (Lv 1); Sand Attack (Lv 1); Scratch (Lv 1); Harden (Lv 1); False Swipe (Lv 1); Agility (Lv 15); Absorb (Lv 23); Bug Bite (Lv 29); Fury Swipes (Lv 36); Mind Reader (Lv 43); Slash (Lv 50); Swords Dance (Lv 57); X-Scissor (Lv 64)
292,Shedinja,Bug,Ghost,1,90,45,30,30,40,236,Shadow Claw (Lv 1); Grudge (Lv 1); Mud-Slap (Lv 1); Metal Claw (Lv 1); Dig (Lv 1); Scratch (Lv 1); Sand Attack (Lv 1); Harden (Lv 1); False Swipe (Lv 1); Confuse Ray (Lv 15); Absorb (Lv 23); Shadow Sneak (Lv 29); Fury Swipes (Lv 36); Mind Reader (Lv 43); Shadow Ball (Lv 50); Spite (Lv 57); Phantom Force (Lv 64)
293,Whismur,Normal,,64,51,23,51,23,28,240,Astonish (Lv 1); Pound (Lv 1); Echoed Voice (Lv 5); Howl (Lv 10); Rest (Lv 15); Sleep Talk (Lv 15); Stomp (Lv 21); Roar (Lv 25); Supersonic (Lv 30); Uproar (Lv 35); Screech (Lv 40); Hyper Voice (Lv 45)
294,Loudred,Normal,,84,71,43,71,43,48,360,Bite (Lv 0); Astonish (Lv 1); Pound (Lv 1); Echoed Voice (Lv 1); Howl (Lv 1); Rest (Lv 15); Sleep Talk (Lv 15); Stomp (Lv 23); Roar (Lv 29); Supersonic (Lv 36); Uproar (Lv 43); Screech (Lv 50); Hyper Voice (Lv 57)
295,Exploud,Normal,,104,91,63,91,73,68,490,Crunch (Lv 0); Bite (Lv 1); Ice Fang (Lv 1); Fire Fang (Lv 1); Thunder Fang (Lv 1); Astonish (Lv 1); Pound (Lv 1); Echoed Voice (Lv 1); Howl (Lv 1); Rest (Lv 15); Sleep Talk (Lv 15); Stomp (Lv 23); Roar (Lv 29); Supersonic (Lv 36); Uproar (Lv 45); Screech (Lv 54); Hyper Voice (Lv 63); Boomburst (Lv 72); Hyper Beam (Lv 81)
296,Makuhita,Fighting,,72,60,30,20,30,25,237,Tackle (Lv 1); Focus Energy (Lv 1); Sand Attack (Lv 4); Arm Thrust (Lv 7); Fake Out (Lv 10); Force Palm (Lv 13); Whirlwind (Lv 16); Knock Off (Lv 19); Bulk Up (Lv 22); Belly Drum (Lv 25); Detect (Lv 28); Seismic Toss (Lv 31); Focus Punch (Lv 34); Endure (Lv 37); Close Combat (Lv 40); Reversal (Lv 43); Heavy Slam (Lv 46)
297,Hariyama,Fighting,,144,120,60,40,60,50,474,Sand Attack (Lv 1); Tackle (Lv 1); Focus Energy (Lv 1); Brine (Lv 1); Arm Thrust (Lv 1); Fake Out (Lv 10); Force Palm (Lv 13); Whirlwind (Lv 16); Knock Off (Lv 19); Bulk Up (Lv 22); Belly Drum (Lv 26); Detect (Lv 30); Seismic Toss (Lv 34); Focus Punch (Lv 38); Endure (Lv 42); Close Combat (Lv 46); Reversal (Lv 50); Heavy Slam (Lv 54); Headlong Rush (Lv 60)
298,Azurill,Normal,Fairy,50,20,40,20,40,20,190,Tail Whip (Lv 1); Water Gun (Lv 1); Splash (Lv 1); Helping Hand (Lv 3); Bubble Beam (Lv 6); Charm (Lv 9); Slam (Lv 12); Bounce (Lv 15)
299,Nosepass,Rock,,30,45,135,45,90,30,375,Tackle (Lv 1); Harden (Lv 4); Block (Lv 7); Rock Throw (Lv 10); Thunder Wave (Lv 13); Rest (Lv 16); Spark (Lv 19); Rock Slide (Lv 22); Power Gem (Lv 25); Rock Blast (Lv 28); Discharge (Lv 31); Sandstorm (Lv 34); Earth Power (Lv 37); Stone Edge (Lv 40); Zap Cannon (Lv 43); Lock-On (Lv 43)
300,Skitty,Normal,,50,45,45,35,35,50,260,Fake Out (Lv 1); Growl (Lv 1); Tail Whip (Lv 1); Tackle (Lv 1); Foresight (Lv 4); Sing (Lv 7); Attract (Lv 10); Disarming Voice (Lv 13); Double Slap (Lv 16); Copycat (Lv 19); Feint Attack (Lv 22); Charm (Lv 25); Wake-Up Slap (Lv 28); Assist (Lv 31); Covet (Lv 34); Heal Bell (Lv 37); Double-Edge (Lv 40); Captivate (Lv 43); Play Rough (Lv 46)
301,Delcatty,Normal,,70,65,65,55,55,90,400,Fake Out (Lv 1); Sing (Lv 1); Attract (Lv 1); Double Slap (Lv 1)
302,Sableye,Dark,Ghost,50,75,75,65,65,50,380,Scratch (Lv 1); Leer (Lv 1); Astonish (Lv 3); Shadow Sneak (Lv 9); Fake Out (Lv 12); Disable (Lv 15); Detect (Lv 18); Night Shade (Lv 21); Fury Swipes (Lv 24); Knock Off (Lv 27); Quash (Lv 30); Shadow Claw (Lv 33); Mean Look (Lv 36); Power Gem (Lv 39); Zen Headbutt (Lv 42); Shadow Ball (Lv 45); Foul Play (Lv 48)
303,Mawile,Steel,Fairy,50,85,85,55,55,50,380,Astonish (Lv 1); Growl (Lv 1); Fairy Wind (Lv 4); Baton Pass (Lv 8); Bite (Lv 12); Stockpile (Lv 16); Swallow (Lv 16); Spit Up (Lv 16); Sucker Punch (Lv 20); Iron Defense (Lv 24); Crunch (Lv 28); Sweet Scent (Lv 32); Iron Head (Lv 36); Taunt (Lv 40); Fake Tears (Lv 44); Play Rough (Lv 48)
304,Aron,Steel,Rock,50,70,100,40,40,30,330,Tackle (Lv 1); Harden (Lv 1); Metal Claw (Lv 4); Rock Tomb (Lv 8); Roar (Lv 12); Headbutt (Lv 16); Protect (Lv 20); Rock Slide (Lv 24); Iron Head (Lv 28); Metal Sound (Lv 33); Take Down (Lv 36); Autotomize (Lv 40); Iron Tail (Lv 44); Iron Defense (Lv 48); Heavy Slam (Lv 52); Double-Edge (Lv 56); Metal Burst (Lv 60)
305,Lairon,Steel,Rock,60,90,140,50,50,40,430,Tackle (Lv 1); Harden (Lv 1); Metal Claw (Lv 1); Rock Tomb (Lv 1); Roar (Lv 12); Headbutt (Lv 16); Protect (Lv 20); Rock Slide (Lv 24); Iron Head (Lv 28); Metal Sound (Lv 35); Take Down (Lv 40); Autotomize (Lv 46); Iron Tail (Lv 52); Iron Defense (Lv 58); Heavy Slam (Lv 64); Double-Edge (Lv 70); Metal Burst (Lv 76)
306,Aggron,Steel,Rock,70,110,180,60,60,50,530,Tackle (Lv 1); Harden (Lv 1); Metal Claw (Lv 1); Rock Tomb (Lv 1); Roar (Lv 12); Headbutt (Lv 16); Protect (Lv 20); Rock Slide (Lv 24); Iron Head (Lv 28); Metal Sound (Lv 35); Take Down (Lv 40); Autotomize (Lv 48); Iron Tail (Lv 56); Iron Defense (Lv 64); Heavy Slam (Lv 72); Double-Edge (Lv 80); Metal Burst (Lv 88)
307,Meditite,Fighting,Psychic,30,40,55,40,55,60,280,Confusion (Lv 1); Work Up (Lv 1); Detect (Lv 9); Endure (Lv 12); Feint (Lv 15); Force Palm (Lv 17); Psybeam (Lv 20); Calm Mind (Lv 23); Zen Headbutt (Lv 25); High Jump Kick (Lv 28); Psych Up (Lv 31); Acupressure (Lv 33); Power Trick (Lv 36); Reversal (Lv 39); Recover (Lv 41); Counter (Lv 44)
308,Medicham,Fighting,Psychic,60,60,75,60,75,80,410,Fire Punch (Lv 1); Ice Punch (Lv 1); Thunder Punch (Lv 1); Work Up (Lv 1); Detect (Lv 1); Confusion (Lv 1); Endure (Lv 12); Feint (Lv 15); Force Palm (Lv 17); Psybeam (Lv 20); Calm Mind (Lv 23); Zen Headbutt (Lv 25); High Jump Kick (Lv 28); Psych Up (Lv 31); Acupressure (Lv 33); Power Trick (Lv 36); Recover (Lv 47); Counter (Lv 53); Axe Kick (Lv 53)
309,Electrike,Electric,,40,45,40,65,40,65,295,Tackle (Lv 1); Thunder Wave (Lv 1); Leer (Lv 4); Howl (Lv 8); Quick Attack (Lv 12); Shock Wave (Lv 16); Bite (Lv 20); Thunder Fang (Lv 24); Roar (Lv 28); Discharge (Lv 32); Charge (Lv 36); Wild Charge (Lv 40); Thunder (Lv 44)
310,Manectric,Electric,,70,75,60,105,60,105,475,Fire Fang (Lv 1); Tackle (Lv 1); Thunder Wave (Lv 1); Leer (Lv 1); Howl (Lv 1); Quick Attack (Lv 12); Shock Wave (Lv 16); Bite (Lv 20); Thunder Fang (Lv 24); Roar (Lv 30); Discharge (Lv 36); Charge (Lv 42); Wild Charge (Lv 48); Thunder (Lv 54); Electric Terrain (Lv 60)
311,Plusle,Electric,,60,50,40,85,75,95,405,Quick Attack (Lv 1); Play Nice (Lv 1); Growl (Lv 1); Thunder Wave (Lv 1); Helping Hand (Lv 4); Spark (Lv 7); Encore (Lv 10); Switcheroo (Lv 13); Swift (Lv 16); Electro Ball (Lv 19); Copycat (Lv 22); Charge (Lv 26); Discharge (Lv 31); Baton Pass (Lv 34); Agility (Lv 37); Last Resort (Lv 40); Thunder (Lv 43); Nasty Plot (Lv 46); Entrainment (Lv 49)
312,Minun,Electric,,60,40,50,75,85,95,405,Quick Attack (Lv 1); Play Nice (Lv 1); Growl (Lv 1); Thunder Wave (Lv 1); Helping Hand (Lv 4); Spark (Lv 7); Encore (Lv 10); Switcheroo (Lv 13); Swift (Lv 16); Electro Ball (Lv 19); Copycat (Lv 22); Charge (Lv 26); Discharge (Lv 31); Baton Pass (Lv 34); Agility (Lv 37); Last Resort (Lv 40); Thunder (Lv 43); Nasty Plot (Lv 46); Entrainment (Lv 49)
313,Volbeat,Bug,,65,73,75,47,85,85,430,Tackle (Lv 1); Double Team (Lv 5); Confuse Ray (Lv 8); Quick Attack (Lv 12); Struggle Bug (Lv 15); Moonlight (Lv 19); Tail Glow (Lv 22); Protect (Lv 26); Zen Headbutt (Lv 29); Helping Hand (Lv 33); Bug Buzz (Lv 36); Play Rough (Lv 40); Double-Edge (Lv 43); Infestation (Lv 47)
314,Illumise,Bug,,65,47,75,73,85,85,430,Tackle (Lv 1); Play Nice (Lv 1); Sweet Scent (Lv 5); Charm (Lv 9); Quick Attack (Lv 12); Struggle Bug (Lv 15); Moonlight (Lv 19); Wish (Lv 22); Encore (Lv 26); Flatter (Lv 29); Zen Headbutt (Lv 33); Helping Hand (Lv 36); Bug Buzz (Lv 40); Play Rough (Lv 43); Infestation (Lv 47)
315,Roselia,Grass,Poison,50,60,45,100,80,65,400,Poison Sting (Lv 0); Absorb (Lv 1); Growth (Lv 1); Stun Spore (Lv 1); Worry Seed (Lv 1); Mega Drain (Lv 5); Leech Seed (Lv 10); Magical Leaf (Lv 15); Toxic Spikes (Lv 20); Sweet Scent (Lv 25); Giga Drain (Lv 30); Synthesis (Lv 35); Toxic (Lv 40); Petal Blizzard (Lv 45); Aromatherapy (Lv 50); Ingrain (Lv 55); Petal Dance (Lv 60)
316,Gulpin,Poison,,70,43,53,43,53,40,302,Pound (Lv 1); Yawn (Lv 5); Poison Gas (Lv 8); Sludge (Lv 10); Amnesia (Lv 12); Acid Spray (Lv 17); Encore (Lv 20); Toxic (Lv 25); Stockpile (Lv 28); Spit Up (Lv 28); Swallow (Lv 28); Sludge Bomb (Lv 33); Gastro Acid (Lv 36); Belch (Lv 41); Pain Split (Lv 44); Gunk Shot (Lv 49)
317,Swalot,Poison,,100,73,83,73,83,55,467,Body Slam (Lv 0); Pound (Lv 1); Sludge (Lv 1); Poison Gas (Lv 1); Yawn (Lv 1); Gunk Shot (Lv 1); Amnesia (Lv 12); Acid Spray (Lv 17); Encore (Lv 20); Toxic (Lv 25); Stockpile (Lv 30); Spit Up (Lv 30); Swallow (Lv 30); Sludge Bomb (Lv 37); Gastro Acid (Lv 42); Belch (Lv 49)
318,Carvanha,Water,Dark,45,90,20,65,20,65,305,Aqua Jet (Lv 1); Leer (Lv 1); Poison Fang (Lv 4); Focus Energy (Lv 8); Scary Face (Lv 12); Bite (Lv 16); Ice Fang (Lv 20); Screech (Lv 24); Swagger (Lv 28); Crunch (Lv 32); Agility (Lv 36); Liquidation (Lv 40); Take Down (Lv 44)
319,Sharpedo,Water,Dark,70,120,40,95,40,95,460,Slash (Lv 0); Night Slash (Lv 1); Aqua Jet (Lv 1); Leer (Lv 1); Poison Fang (Lv 1); Focus Energy (Lv 1); Scary Face (Lv 12); Bite (Lv 16); Ice Fang (Lv 20); Screech (Lv 24); Swagger (Lv 28); Crunch (Lv 34); Agility (Lv 40); Liquidation (Lv 46); Take Down (Lv 52)
320,Wailmer,Water,,130,70,35,70,35,60,400,Splash (Lv 1); Growl (Lv 3); Astonish (Lv 6); Water Gun (Lv 12); Mist (Lv 15); Water Pulse (Lv 18); Heavy Slam (Lv 21); Brine (Lv 24); Whirlpool (Lv 27); Dive (Lv 30); Bounce (Lv 33); Body Slam (Lv 36); Rest (Lv 39); Amnesia (Lv 42); Hydro Pump (Lv 45); Water Spout (Lv 48)
321,Wailord,Water,,170,90,45,90,45,60,500,Soak (Lv 1); Noble Roar (Lv 1); Splash (Lv 1); Growl (Lv 1); Astonish (Lv 1); Water Gun (Lv 1); Mist (Lv 15); Water Pulse (Lv 18); Heavy Slam (Lv 21); Brine (Lv 24); Whirlpool (Lv 27); Dive (Lv 30); Bounce (Lv 33); Body Slam (Lv 36); Rest (Lv 39); Amnesia (Lv 44); Hydro Pump (Lv 49); Water Spout (Lv 54)
322,Numel,Fire,Ground,60,60,40,65,45,35,305,Tackle (Lv 1); Growl (Lv 1); Ember (Lv 5); Focus Energy (Lv 8); Bulldoze (Lv 12); Incinerate (Lv 15); Amnesia (Lv 19); Lava Plume (Lv 22); Earth Power (Lv 26); Curse (Lv 29); Take Down (Lv 31); Earthquake (Lv 40); Flamethrower (Lv 43); Double-Edge (Lv 47)
323,Camerupt,Fire,Ground,70,100,70,105,75,40,460,Rock Slide (Lv 0); Tackle (Lv 1); Growl (Lv 1); Ember (Lv 1); Fissure (Lv 1); Focus Energy (Lv 1); Eruption (Lv 1); Bulldoze (Lv 12); Incinerate (Lv 15); Amnesia (Lv 19); Lava Plume (Lv 22); Earth Power (Lv 26); Curse (Lv 29); Take Down (Lv 31); Yawn (Lv 39); Earthquake (Lv 46)
324,Torkoal,Fire,,70,85,140,85,70,20,470,Ember (Lv 1); Smog (Lv 1); Withdraw (Lv 4); Rapid Spin (Lv 8); Smokescreen (Lv 12); Clear Smog (Lv 16); Flame Wheel (Lv 20); Protect (Lv 24); Lava Plume (Lv 28); Body Slam (Lv 32); Iron Defense (Lv 36); Flamethrower (Lv 40); Curse (Lv 44); Heat Wave (Lv 48); Amnesia (Lv 52); Inferno (Lv 56); Shell Smash (Lv 60); Eruption (Lv 64)
325,Spoink,Psychic,,60,25,35,70,80,60,330,Splash (Lv 1); Confusion (Lv 7); Growl (Lv 10); Psybeam (Lv 14); Psych Up (Lv 18); Confuse Ray (Lv 22); Rest (Lv 29); Power Gem (Lv 29); Snore (Lv 33); Psyshock (Lv 38); Payback (Lv 40); Psychic (Lv 44); Bounce (Lv 50)
326,Grumpig,Psychic,,80,45,65,90,110,80,470,Teeter Dance (Lv 0); Psybeam (Lv 1); Confusion (Lv 1); Splash (Lv 1); Belch (Lv 1); Psych Up (Lv 18); Confuse Ray (Lv 22); Zen Headbutt (Lv 26); Power Gem (Lv 29); Rest (Lv 35); Snore (Lv 35); Psyshock (Lv 42); Payback (Lv 46); Psychic (Lv 52); Bounce (Lv 60)
327,Spinda,Normal,,60,60,60,60,60,60,360,Tackle (Lv 1); Copycat (Lv 5); Feint Attack (Lv 10); Psybeam (Lv 14); Hypnosis (Lv 19); Dizzy Punch (Lv 23); Sucker Punch (Lv 28); Teeter Dance (Lv 32); Uproar (Lv 37); Psych Up (Lv 41); Double-Edge (Lv 46); Flail (Lv 50); Thrash (Lv 55)
328,Trapinch,Ground,,45,100,45,45,45,10,290,Sand Attack (Lv 1); Astonish (Lv 1); Bite (Lv 8); Mud-Slap (Lv 12); Sand Tomb (Lv 16); Bulldoze (Lv 20); Dig (Lv 24); Crunch (Lv 28); Sandstorm (Lv 32); Earth Power (Lv 36); Earthquake (Lv 40); Superpower (Lv 44); Fissure (Lv 48)
329,Vibrava,Ground,Dragon,50,70,50,50,50,70,340,Dragon Breath (Lv 0); Sand Attack (Lv 1); Bite (Lv 1); Dig (Lv 1); Mud-Slap (Lv 12); Sand Tomb (Lv 16); Dragon Tail (Lv 20); Screech (Lv 24); Bug Buzz (Lv 28); Sandstorm (Lv 32); Earth Power (Lv 38); Earthquake (Lv 44); Uproar (Lv 50); Dragon Rush (Lv 56); Boomburst (Lv 62)
330,Flygon,Ground,Dragon,80,100,80,80,80,100,520,Dragon Claw (Lv 0); Sand Attack (Lv 1); Supersonic (Lv 1); Dragon Breath (Lv 1); Bulldoze (Lv 1); Mud-Slap (Lv 12); Sand Tomb (Lv 16); Dragon Tail (Lv 20); Screech (Lv 24); Bug Buzz (Lv 28); Sandstorm (Lv 32); Earth Power (Lv 38); Earthquake (Lv 44); Uproar (Lv 52); Dragon Rush (Lv 60); Boomburst (Lv 68)
331,Cacnea,Grass,,50,85,40,85,40,35,335,Poison Sting (Lv 1); Leer (Lv 1); Absorb (Lv 4); Growth (Lv 7); Leech Seed (Lv 10); Sand Attack (Lv 13); Bullet Seed (Lv 16); Power Trip (Lv 19); Ingrain (Lv 22); Payback (Lv 26); Spikes (Lv 30); Sucker Punch (Lv 34); Pin Missile (Lv 38); Energy Ball (Lv 42); Cotton Spore (Lv 46); Sandstorm (Lv 50); Destiny Bond (Lv 54)
332,Cacturne,Grass,Dark,70,115,60,115,60,55,475,Spiky Shield (Lv 0); Poison Sting (Lv 1); Leer (Lv 1); Absorb (Lv 1); Growth (Lv 1); Destiny Bond (Lv 1); Leech Seed (Lv 10); Sand Attack (Lv 13); Bullet Seed (Lv 16); Power Trip (Lv 19); Ingrain (Lv 22); Payback (Lv 26); Spikes (Lv 30); Sucker Punch (Lv 35); Pin Missile (Lv 38); Energy Ball (Lv 44); Cotton Spore (Lv 49); Sandstorm (Lv 54)
333,Swablu,Normal,Flying,45,40,60,40,75,50,310,Growl (Lv 1); Peck (Lv 1); Disarming Voice (Lv 4); Mist (Lv 8); Fury Attack (Lv 12); Round (Lv 16); Dragon Breath (Lv 20); Safeguard (Lv 24); Sing (Lv 28); Cotton Guard (Lv 32); Take Down (Lv 36); Moonblast (Lv 40); Perish Song (Lv 44)
334,Altaria,Dragon,Flying,75,70,90,70,105,80,490,Dragon Pulse (Lv 0); Growl (Lv 1); Mist (Lv 1); Peck (Lv 1); Pluck (Lv 1); Disarming Voice (Lv 1); Fury Attack (Lv 12); Round (Lv 16); Dragon Breath (Lv 20); Safeguard (Lv 24); Sing (Lv 28); Cotton Guard (Lv 32); Take Down (Lv 38); Moonblast (Lv 44); Perish Song (Lv 50); Sky Attack (Lv 56)
335,Zangoose,Normal,,73,115,60,60,60,90,458,Scratch (Lv 1); Leer (Lv 1); Quick Attack (Lv 5); Fury Cutter (Lv 8); Metal Claw (Lv 12); Hone Claws (Lv 15); Slash (Lv 19); Power Trip (Lv 22); Crush Claw (Lv 26); False Swipe (Lv 29); Switcheroo (Lv 33); Detect (Lv 36); X-Scissor (Lv 40); Taunt (Lv 43); Swords Dance (Lv 47); Close Combat (Lv 50)
336,Seviper,Poison,,73,100,60,100,60,65,458,Wrap (Lv 1); Swagger (Lv 1); Bite (Lv 4); Lick (Lv 6); Poison Tail (Lv 9); Feint (Lv 11); Screech (Lv 14); Glare (Lv 19); Poison Fang (Lv 21); Venoshock (Lv 24); Gastro Acid (Lv 29); Poison Jab (Lv 31); Haze (Lv 34); Crunch (Lv 39); Belch (Lv 41); Coil (Lv 44); Sludge Bomb (Lv 46)
337,Lunatone,Rock,Psychic,90,55,65,95,85,70,460,Moonblast (Lv 1); Moonlight (Lv 1); Tackle (Lv 1); Harden (Lv 1); Confusion (Lv 1); Rock Throw (Lv 1); Hypnosis (Lv 5); Rock Polish (Lv 10); Rock Slide (Lv 15); Psyshock (Lv 20); Cosmic Power (Lv 25); Psychic (Lv 30); Stone Edge (Lv 35); Future Sight (Lv 40); Magic Room (Lv 45); Explosion (Lv 50)
338,Solrock,Rock,Psychic,90,95,85,55,65,70,460,Flare Blitz (Lv 1); Morning Sun (Lv 1); Tackle (Lv 1); Harden (Lv 1); Confusion (Lv 1); Rock Throw (Lv 1); Hypnosis (Lv 5); Rock Polish (Lv 10); Rock Slide (Lv 15); Zen Headbutt (Lv 20); Cosmic Power (Lv 25); Psychic (Lv 30); Stone Edge (Lv 35); Solar Beam (Lv 40); Wonder Room (Lv 45); Explosion (Lv 50)
339,Barboach,Water,Ground,50,48,43,46,41,60,288,Water Gun (Lv 1); Mud-Slap (Lv 1); Rest (Lv 6); Snore (Lv 6); Water Pulse (Lv 12); Amnesia (Lv 18); Aqua Tail (Lv 24); Muddy Water (Lv 31); Earthquake (Lv 36); Future Sight (Lv 42); Fissure (Lv 48)
340,Whiscash,Water,Ground,110,78,73,76,71,60,468,Thrash (Lv 0); Water Gun (Lv 1); Rest (Lv 1); Snore (Lv 1); Mud-Slap (Lv 1); Tickle (Lv 1); Zen Headbutt (Lv 1); Belch (Lv 1); Water Pulse (Lv 12); Amnesia (Lv 18); Aqua Tail (Lv 24); Muddy Water (Lv 33); Earthquake (Lv 40); Future Sight (Lv 48); Fissure (Lv 56)
341,Corphish,Water,,43,80,65,50,35,35,308,Water Gun (Lv 1); Harden (Lv 1); Leer (Lv 4); Taunt (Lv 8); Bubble Beam (Lv 12); Knock Off (Lv 16); Double Hit (Lv 20); Protect (Lv 24); Night Slash (Lv 28); Razor Shell (Lv 32); Swords Dance (Lv 36); Crunch (Lv 40); Crabhammer (Lv 44); Endeavor (Lv 48); Guillotine (Lv 52)
342,Crawdaunt,Water,Dark,63,120,85,90,55,55,468,Swift (Lv 0); Leer (Lv 1); Water Gun (Lv 1); Harden (Lv 1); Taunt (Lv 1); Bubble Beam (Lv 12); Knock Off (Lv 16); Double Hit (Lv 20); Protect (Lv 24); Night Slash (Lv 28); Razor Shell (Lv 34); Swords Dance (Lv 40); Crunch (Lv 46); Crabhammer (Lv 52); Endeavor (Lv 58); Guillotine (Lv 64)
343,Baltoy,Ground,Psychic,40,40,55,40,70,55,300,Harden (Lv 1); Mud-Slap (Lv 1); Rapid Spin (Lv 3); Confusion (Lv 6); Rock Tomb (Lv 9); Power Trick (Lv 12); Psybeam (Lv 15); Ancient Power (Lv 18); Imprison (Lv 21); Cosmic Power (Lv 24); Extrasensory (Lv 27); Earth Power (Lv 30); Self-Destruct (Lv 33); Guard Split (Lv 36); Power Split (Lv 36); Sandstorm (Lv 39); Explosion (Lv 42)
344,Claydol,Ground,Psychic,60,70,105,70,120,75,500,Hyper Beam (Lv 0); Teleport (Lv 1); Harden (Lv 1); Mud-Slap (Lv 1); Rapid Spin (Lv 1); Confusion (Lv 1); Rock Tomb (Lv 9); Power Trick (Lv 12); Psybeam (Lv 15); Ancient Power (Lv 18); Imprison (Lv 21); Cosmic Power (Lv 24); Extrasensory (Lv 27); Earth Power (Lv 30); Self-Destruct (Lv 33); Guard Split (Lv 38); Power Split (Lv 38); Sandstorm (Lv 43); Explosion (Lv 48)
345,Lileep,Rock,Grass,66,41,77,61,87,23,355,Wrap (Lv 1); Astonish (Lv 1); Acid (Lv 4); Confuse Ray (Lv 8); Ingrain (Lv 12); Ancient Power (Lv 16); Mega Drain (Lv 20); Brine (Lv 24); Amnesia (Lv 28); Gastro Acid (Lv 32); Giga Drain (Lv 36); Stockpile (Lv 41); Spit Up (Lv 41); Swallow (Lv 41); Energy Ball (Lv 44)
346,Cradily,Rock,Grass,86,81,97,81,107,43,495,Leech Seed (Lv 1); Wrap (Lv 1); Astonish (Lv 1); Acid (Lv 1); Confuse Ray (Lv 1); Ingrain (Lv 12); Ancient Power (Lv 16); Mega Drain (Lv 20); Brine (Lv 24); Amnesia (Lv 28); Gastro Acid (Lv 32); Giga Drain (Lv 36); Stockpile (Lv 43); Spit Up (Lv 43); Swallow (Lv 43); Energy Ball (Lv 48)
347,Anorith,Rock,Bug,45,95,50,40,50,75,355,Fury Cutter (Lv 1); Harden (Lv 1); Water Gun (Lv 4); Smack Down (Lv 8); Metal Claw (Lv 12); Ancient Power (Lv 16); Bug Bite (Lv 20); Brine (Lv 24); Slash (Lv 28); Crush Claw (Lv 32); Rock Blast (Lv 36); Protect (Lv 41); X-Scissor (Lv 44)
348,Armaldo,Rock,Bug,75,125,100,70,80,45,495,Fury Cutter (Lv 1); Harden (Lv 1); Water Gun (Lv 1); Smack Down (Lv 1); Metal Claw (Lv 12); Ancient Power (Lv 16); Bug Bite (Lv 20); Brine (Lv 24); Slash (Lv 28); Crush Claw (Lv 32); Rock Blast (Lv 36); Protect (Lv 43); X-Scissor (Lv 48)
349,Feebas,Water,,20,15,20,10,55,80,200,Splash (Lv 1); Tackle (Lv 15); Flail (Lv 25)
350,Milotic,Water,,95,60,79,100,125,81,540,Water Pulse (Lv 0); Tackle (Lv 1); Wrap (Lv 1); Water Gun (Lv 1); Splash (Lv 1); Flail (Lv 1); Disarming Voice (Lv 4); Twister (Lv 8); Aqua Ring (Lv 12); Attract (Lv 16); Life Dew (Lv 20); Dragon Tail (Lv 24); Recover (Lv 28); Aqua Tail (Lv 32); Safeguard (Lv 36); Surf (Lv 40); Rain Dance (Lv 44); Coil (Lv 48); Hydro Pump (Lv 52)
351,Castform,Normal,,70,70,70,70,70,70,420,Tackle (Lv 1); Water Gun (Lv 10); Ember (Lv 10); Powder Snow (Lv 10); Headbutt (Lv 15); Rain Dance (Lv 20); Sunny Day (Lv 20); Hail (Lv 20); Weather Ball (Lv 25); Hydro Pump (Lv 35); Fire Blast (Lv 35); Blizzard (Lv 35); Hurricane (Lv 45)
352,Kecleon,Normal,,60,90,70,60,120,40,440,Thief (Lv 1); Tail Whip (Lv 1); Astonish (Lv 1); Lick (Lv 1); Scratch (Lv 1); Bind (Lv 4); Shadow Sneak (Lv 7); Feint (Lv 10); Fury Swipes (Lv 13); Feint Attack (Lv 16); Psybeam (Lv 18); Ancient Power (Lv 21); Slash (Lv 25); Camouflage (Lv 30); Shadow Claw (Lv 33); Screech (Lv 38); Substitute (Lv 42); Sucker Punch (Lv 46); Synchronoise (Lv 50)
353,Shuppet,Ghost,,44,75,35,63,33,45,295,Astonish (Lv 1); Screech (Lv 4); Night Shade (Lv 7); Spite (Lv 10); Will-O-Wisp (Lv 16); Shadow Sneak (Lv 19); Hex (Lv 22); Curse (Lv 26); Shadow Ball (Lv 30); Role Play (Lv 34); Sucker Punch (Lv 38); Trick (Lv 42); Phantom Force (Lv 48)
354,Banette,Ghost,,64,115,65,83,63,65,455,Knock Off (Lv 0); Night Shade (Lv 1); Screech (Lv 1); Spite (Lv 1); Will-O-Wisp (Lv 16); Shadow Sneak (Lv 19); Hex (Lv 22); Curse (Lv 26); Shadow Ball (Lv 30); Role Play (Lv 34); Sucker Punch (Lv 40); Trick (Lv 46); Phantom Force (Lv 53)
355,Duskull,Ghost,,20,40,90,30,90,25,295,Leer (Lv 1); Astonish (Lv 1); Disable (Lv 4); Shadow Sneak (Lv 8); Confuse Ray (Lv 12); Night Shade (Lv 16); Payback (Lv 20); Will-O-Wisp (Lv 24); Mean Look (Lv 28); Hex (Lv 32); Curse (Lv 36); Shadow Ball (Lv 40); Future Sight (Lv 44)
356,Dusclops,Ghost,,40,70,130,60,130,25,455,Shadow Punch (Lv 0); Fire Punch (Lv 1); Ice Punch (Lv 1); Thunder Punch (Lv 1); Bind (Lv 1); Leer (Lv 1); Disable (Lv 1); Shadow Sneak (Lv 1); Gravity (Lv 1); Astonish (Lv 1); Confuse Ray (Lv 12); Night Shade (Lv 16); Payback (Lv 20); Will-O-Wisp (Lv 24); Mean Look (Lv 28); Hex (Lv 32); Curse (Lv 36); Shadow Ball (Lv 42); Future Sight (Lv 48)
357,Tropius,Grass,Flying,99,68,83,72,87,51,460,Gust (Lv 1); Leer (Lv 1); Growth (Lv 1); Razor Leaf (Lv 1); Leaf Storm (Lv 1); Sweet Scent (Lv 6); Stomp (Lv 10); Magical Leaf (Lv 16); Whirlwind (Lv 21); Wide Guard (Lv 30); Air Slash (Lv 36); Body Slam (Lv 41); Outrage (Lv 46); Synthesis (Lv 50); Solar Beam (Lv 56)
358,Chimecho,Psychic,,75,50,80,95,90,65,455,Wrap (Lv 1); Growl (Lv 1); Confusion (Lv 1); Astonish (Lv 1); Healing Wish (Lv 1); Yawn (Lv 13); Stored Power (Lv 16); Take Down (Lv 19); Extrasensory (Lv 22); Heal Bell (Lv 27); Uproar (Lv 32); Safeguard (Lv 37); Double-Edge (Lv 42); Heal Pulse (Lv 47)
359,Absol,Dark,,65,130,60,75,60,75,465,Quick Attack (Lv 1); Leer (Lv 1); Double Team (Lv 5); Knock Off (Lv 10); Detect (Lv 15); Taunt (Lv 20); Slash (Lv 25); Night Slash (Lv 30); Focus Energy (Lv 35); Sucker Punch (Lv 40); Swords Dance (Lv 45); Future Sight (Lv 50); Perish Song (Lv 55)
360,Wynaut,Psychic,,95,23,48,23,48,23,260,Counter (Lv 1); Mirror Coat (Lv 1); Safeguard (Lv 1); Destiny Bond (Lv 1); Splash (Lv 1); Charm (Lv 1); Encore (Lv 1); Amnesia (Lv 1)
361,Snorunt,Ice,,50,50,50,50,50,50,300,Headbutt (Lv 1); Powder Snow (Lv 1); Astonish (Lv 1); Leer (Lv 5); Double Team (Lv 10); Ice Shard (Lv 15); Protect (Lv 20); Icy Wind (Lv 25); Frost Breath (Lv 30); Bite (Lv 35); Ice Fang (Lv 40); Snowscape (Lv 45); Weather Ball (Lv 50); Crunch (Lv 55); Blizzard (Lv 60)
362,Glalie,Ice,,80,80,80,80,80,80,480,Freeze-Dry (Lv 0); Headbutt (Lv 1); Leer (Lv 1); Double Team (Lv 1); Powder Snow (Lv 1); Astonish (Lv 1); Sheer Cold (Lv 1); Ice Shard (Lv 15); Protect (Lv 20); Icy Wind (Lv 25); Frost Breath (Lv 30); Bite (Lv 35); Ice Fang (Lv 40); Snowscape (Lv 47); Weather Ball (Lv 54); Crunch (Lv 61); Blizzard (Lv 68)
363,Spheal,Ice,Water,70,40,50,55,50,25,290,Rollout (Lv 1); Defense Curl (Lv 1); Growl (Lv 4); Water Gun (Lv 8); Powder Snow (Lv 12); Rest (Lv 16); Snore (Lv 20); Brine (Lv 24); Aurora Beam (Lv 28); Encore (Lv 33); Body Slam (Lv 36); Surf (Lv 40); Blizzard (Lv 44); Hail (Lv 48); Sheer Cold (Lv 52)
364,Sealeo,Ice,Water,90,60,70,75,70,45,410,Swagger (Lv 0); Rollout (Lv 1); Defense Curl (Lv 1); Growl (Lv 1); Water Gun (Lv 1); Powder Snow (Lv 12); Rest (Lv 16); Snore (Lv 20); Brine (Lv 24); Aurora Beam (Lv 28); Encore (Lv 35); Body Slam (Lv 40); Surf (Lv 46); Blizzard (Lv 52); Hail (Lv 58); Sheer Cold (Lv 64)
365,Walrein,Ice,Water,110,80,90,95,90,65,530,Swagger (Lv 1); Crunch (Lv 1); Ice Fang (Lv 1); Rollout (Lv 1); Defense Curl (Lv 1); Growl (Lv 1); Water Gun (Lv 1); Powder Snow (Lv 12); Rest (Lv 16); Snore (Lv 20); Brine (Lv 24); Aurora Beam (Lv 28); Encore (Lv 35); Body Slam (Lv 40); Surf (Lv 48); Blizzard (Lv 56); Hail (Lv 64); Sheer Cold (Lv 72)
366,Clamperl,Water,,35,64,85,74,55,32,345,Clamp (Lv 1); Water Gun (Lv 1); Whirlpool (Lv 1); Iron Defense (Lv 1); Shell Smash (Lv 50)
367,Huntail,Water,,55,104,105,94,75,52,485,Whirlpool (Lv 1); Bite (Lv 1); Screech (Lv 5); Scary Face (Lv 9); Feint Attack (Lv 11); Water Pulse (Lv 14); Ice Fang (Lv 16); Brine (Lv 19); Sucker Punch (Lv 23); Dive (Lv 26); Baton Pass (Lv 29); Crunch (Lv 34); Aqua Tail (Lv 39); Coil (Lv 45); Hydro Pump (Lv 50)
368,Gorebyss,Water,,55,84,105,114,75,52,485,Whirlpool (Lv 1); Confusion (Lv 1); Water Sport (Lv 5); Agility (Lv 9); Draining Kiss (Lv 11); Water Pulse (Lv 14); Amnesia (Lv 16); Aqua Ring (Lv 19); Captivate (Lv 23); Dive (Lv 26); Baton Pass (Lv 29); Psychic (Lv 34); Aqua Tail (Lv 39); Coil (Lv 45); Hydro Pump (Lv 50)
369,Relicanth,Water,Rock,100,90,130,45,65,55,485,Tackle (Lv 1); Harden (Lv 1); Water Gun (Lv 5); Ancient Power (Lv 10); Yawn (Lv 15); Dive (Lv 20); Take Down (Lv 25); Aqua Tail (Lv 30); Rest (Lv 35); Flail (Lv 40); Hydro Pump (Lv 45); Double-Edge (Lv 50); Head Smash (Lv 55)
370,Luvdisc,Water,,43,30,55,40,65,97,330,Tackle (Lv 1); Charm (Lv 1); Water Gun (Lv 4); Agility (Lv 7); Wish (Lv 13); Water Pulse (Lv 17); Attract (Lv 20); Draining Kiss (Lv 22); Flail (Lv 26); Sweet Kiss (Lv 31); Take Down (Lv 34); Baby-Doll Eyes (Lv 37); Aqua Ring (Lv 40); Soak (Lv 42); Hydro Pump (Lv 46); Safeguard (Lv 49)
371,Bagon,Dragon,,45,75,60,40,30,50,300,Leer (Lv 1); Ember (Lv 1); Bite (Lv 5); Dragon Breath (Lv 10); Headbutt (Lv 15); Scary Face (Lv 20); Crunch (Lv 25); Dragon Claw (Lv 31); Zen Headbutt (Lv 35); Focus Energy (Lv 40); Flamethrower (Lv 45); Outrage (Lv 50); Double-Edge (Lv 55)
372,Shelgon,Dragon,,65,95,100,60,50,50,420,Protect (Lv 0); Leer (Lv 1); Bite (Lv 1); Ember (Lv 1); Dragon Breath (Lv 1); Headbutt (Lv 15); Scary Face (Lv 20); Crunch (Lv 25); Dragon Claw (Lv 33); Zen Headbutt (Lv 39); Focus Energy (Lv 46); Flamethrower (Lv 53); Outrage (Lv 60); Double-Edge (Lv 67)
373,Salamence,Dragon,Flying,95,135,80,110,80,100,600,Fly (Lv 0); Roost (Lv 1); Dragon Breath (Lv 1); Dragon Tail (Lv 1); Ember (Lv 1); Dual Wingbeat (Lv 1); Leer (Lv 1); Bite (Lv 1); Protect (Lv 1); Headbutt (Lv 15); Scary Face (Lv 20); Crunch (Lv 25); Dragon Claw (Lv 33); Zen Headbutt (Lv 39); Focus Energy (Lv 46); Flamethrower (Lv 55); Double-Edge (Lv 73)
374,Beldum,Steel,Psychic,40,55,80,35,60,30,300,Tackle (Lv 1)
375,Metang,Steel,Psychic,60,75,100,55,80,50,420,Confusion (Lv 0); Metal Claw (Lv 0); Tackle (Lv 1); Bullet Punch (Lv 1); Hone Claws (Lv 1); Zen Headbutt (Lv 6); Magnet Rise (Lv 12); Flash Cannon (Lv 18); Take Down (Lv 26); Psychic (Lv 34); Scary Face (Lv 42); Meteor Mash (Lv 50); Iron Defense (Lv 58); Agility (Lv 66); Hyper Beam (Lv 74)
376,Metagross,Steel,Psychic,80,135,130,95,90,70,600,Hammer Arm (Lv 0); Tackle (Lv 1); Confusion (Lv 1); Metal Claw (Lv 1); Bullet Punch (Lv 1); Zen Headbutt (Lv 6); Magnet Rise (Lv 12); Flash Cannon (Lv 16); Take Down (Lv 26); Psychic (Lv 34); Scary Face (Lv 42); Meteor Mash (Lv 52); Iron Defense (Lv 62); Agility (Lv 72); Hyper Beam (Lv 82)
377,Regirock,Rock,,80,100,200,50,100,50,580,Rock Throw (Lv 1); Charge Beam (Lv 1); Bulldoze (Lv 6); Ancient Power (Lv 12); Stomp (Lv 18); Rock Slide (Lv 24); Curse (Lv 30); Iron Defense (Lv 36); Hammer Arm (Lv 42); Stone Edge (Lv 48); Superpower (Lv 54); Lock-On (Lv 60); Zap Cannon (Lv 66); Hyper Beam (Lv 72); Explosion (Lv 78)
378,Regice,Ice,,80,50,100,100,200,50,580,Icy Wind (Lv 1); Charge Beam (Lv 1); Bulldoze (Lv 6); Ancient Power (Lv 12); Stomp (Lv 18); Ice Beam (Lv 24); Curse (Lv 30); Amnesia (Lv 36); Hammer Arm (Lv 42); Blizzard (Lv 48); Superpower (Lv 54); Lock-On (Lv 60); Zap Cannon (Lv 66); Hyper Beam (Lv 72); Explosion (Lv 78)
379,Registeel,Steel,,80,75,150,75,150,50,580,Metal Claw (Lv 1); Charge Beam (Lv 1); Bulldoze (Lv 6); Ancient Power (Lv 12); Stomp (Lv 18); Flash Cannon (Lv 24); Iron Head (Lv 24); Curse (Lv 30); Amnesia (Lv 36); Iron Defense (Lv 36); Hammer Arm (Lv 42); Heavy Slam (Lv 48); Superpower (Lv 54); Lock-On (Lv 60); Zap Cannon (Lv 66); Hyper Beam (Lv 72); Explosion (Lv 78)
380,Latias,Dragon,Psychic,80,80,90,110,130,110,600,Charm (Lv 1); Stored Power (Lv 1); Helping Hand (Lv 5); Recover (Lv 10); Confusion (Lv 15); Tailwind (Lv 20); Dragon Breath (Lv 25); Wish (Lv 30); Mist Ball (Lv 35); Zen Headbutt (Lv 40); Dragon Pulse (Lv 45); Heal Pulse (Lv 50); Reflect Type (Lv 55); Psychic (Lv 60); Guard Split (Lv 65); Healing Wish (Lv 70)
381,Latios,Dragon,Psychic,80,90,80,130,110,110,600,Dragon Dance (Lv 1); Stored Power (Lv 1); Helping Hand (Lv 5); Recover (Lv 10); Confusion (Lv 15); Tailwind (Lv 20); Dragon Breath (Lv 25); Ally Switch (Lv 30); Luster Purge (Lv 35); Zen Headbutt (Lv 40); Dragon Pulse (Lv 45); Heal Pulse (Lv 50); Simple Beam (Lv 55); Psychic (Lv 60); Power Split (Lv 65); Memento (Lv 70)
382,Kyogre,Water,,100,100,90,150,140,90,670,Body Slam (Lv 1); Scary Face (Lv 1); Ancient Power (Lv 1); Water Pulse (Lv 1); Origin Pulse (Lv 1); Aqua Tail (Lv 9); Calm Mind (Lv 18); Muddy Water (Lv 27); Ice Beam (Lv 36); Sheer Cold (Lv 45); Aqua Ring (Lv 54); Hydro Pump (Lv 72); Double-Edge (Lv 81); Water Spout (Lv 90)
383,Groudon,Ground,,100,150,140,100,90,90,670,Scary Face (Lv 1); Ancient Power (Lv 1); Mud Shot (Lv 1); Lava Plume (Lv 1); Precipice Blades (Lv 1); Earth Power (Lv 9); Bulk Up (Lv 18); Earthquake (Lv 27); Hammer Arm (Lv 36); Fissure (Lv 45); Rest (Lv 54); Fire Blast (Lv 72); Solar Beam (Lv 81); Eruption (Lv 90)
384,Rayquaza,Dragon,Flying,105,150,90,150,90,95,680,Scary Face (Lv 1); Twister (Lv 1); Ancient Power (Lv 1); Air Slash (Lv 1); Dragon Ascent (Lv 1); Crunch (Lv 9); Dragon Dance (Lv 18); Extreme Speed (Lv 27); Dragon Pulse (Lv 36); Hyper Voice (Lv 45); Rest (Lv 54); Fly (Lv 63); Hurricane (Lv 72); Outrage (Lv 81); Hyper Beam (Lv 90)
385,Jirachi,Steel,Psychic,100,100,100,100,100,100,600,Confusion (Lv 1); Wish (Lv 1); Swift (Lv 7); Life Dew (Lv 21); Zen Headbutt (Lv 28); Gravity (Lv 35); Psychic (Lv 42); Meteor Mash (Lv 49); Healing Wish (Lv 56); Rest (Lv 63); Future Sight (Lv 70); Double-Edge (Lv 77); Cosmic Power (Lv 84); Last Resort (Lv 91); Doom Desire (Lv 98)
386,Deoxys,Psychic,,50,150,50,150,50,150,600,Wrap (Lv 1); Leer (Lv 1); Night Shade (Lv 7); Teleport (Lv 13); Knock Off (Lv 19); Psyshock (Lv 25); Psychic (Lv 31); Gravity (Lv 37); Skill Swap (Lv 43); Zen Headbutt (Lv 49); Cosmic Power (Lv 55); Recover (Lv 61); Psycho Boost (Lv 67); Hyper Beam (Lv 73)
387,Turtwig,Grass,,55,68,64,45,55,31,318,Tackle (Lv 1); Withdraw (Lv 5); Absorb (Lv 9); Razor Leaf (Lv 13); Curse (Lv 17); Bite (Lv 21); Mega Drain (Lv 25); Leech Seed (Lv 29); Synthesis (Lv 33); Crunch (Lv 37); Giga Drain (Lv 41); Leaf Storm (Lv 45)
388,Grotle,Grass,,75,89,85,55,65,36,405,Tackle (Lv 1); Absorb (Lv 1); Withdraw (Lv 1); Razor Leaf (Lv 13); Curse (Lv 17); Bite (Lv 22); Mega Drain (Lv 27); Leech Seed (Lv 32); Synthesis (Lv 37); Crunch (Lv 42); Giga Drain (Lv 47); Leaf Storm (Lv 52)
389,Torterra,Grass,Ground,95,109,105,75,85,56,525,Earthquake (Lv 0); Tackle (Lv 1); Absorb (Lv 1); Razor Leaf (Lv 1); Withdraw (Lv 1); Wood Hammer (Lv 1); Curse (Lv 17); Bite (Lv 22); Mega Drain (Lv 27); Leech Seed (Lv 33); Synthesis (Lv 39); Crunch (Lv 45); Giga Drain (Lv 51); Leaf Storm (Lv 57); Headlong Rush (Lv 63)
390,Chimchar,Fire,,44,58,44,58,44,61,309,Scratch (Lv 1); Leer (Lv 1); Ember (Lv 7); Taunt (Lv 9); Fury Swipes (Lv 15); Flame Wheel (Lv 17); Nasty Plot (Lv 23); Torment (Lv 25); Facade (Lv 31); Fire Spin (Lv 33); Acrobatics (Lv 39); Slack Off (Lv 41); Flamethrower (Lv 47)
391,Monferno,Fire,Fighting,64,78,52,78,52,81,405,Mach Punch (Lv 0); Scratch (Lv 1); Leer (Lv 1); Ember (Lv 1); Taunt (Lv 9); Fury Swipes (Lv 16); Flame Wheel (Lv 19); Feint (Lv 26); Torment (Lv 29); Close Combat (Lv 36); Fire Spin (Lv 39); Acrobatics (Lv 46); Slack Off (Lv 49); Flare Blitz (Lv 56)
392,Infernape,Fire,Fighting,76,104,71,104,71,108,534,Close Combat (Lv 0); Scratch (Lv 1); Leer (Lv 1); Ember (Lv 1); Mach Punch (Lv 1); Fury Swipes (Lv 16); Flame Wheel (Lv 19); Feint (Lv 26); Torment (Lv 29); Fire Spin (Lv 42); Flare Blitz (Lv 47); Acrobatics (Lv 52); Calm Mind (Lv 58); Raging Fury (Lv 65)
393,Piplup,Water,,53,51,53,61,56,40,314,Pound (Lv 1); Growl (Lv 4); Water Gun (Lv 8); Charm (Lv 11); Peck (Lv 15); Bubble Beam (Lv 18); Swagger (Lv 22); Fury Attack (Lv 25); Brine (Lv 29); Whirlpool (Lv 32); Mist (Lv 36); Drill Peck (Lv 39); Hydro Pump (Lv 43)
394,Prinplup,Water,,64,66,68,81,76,50,405,Metal Claw (Lv 0); Tackle (Lv 1); Growl (Lv 1); Water Gun (Lv 1); Peck (Lv 15); Bubble Beam (Lv 19); Swagger (Lv 24); Fury Attack (Lv 28); Brine (Lv 33); Whirlpool (Lv 37); Mist (Lv 42); Drill Peck (Lv 46); Hydro Pump (Lv 50)
395,Empoleon,Water,Steel,84,86,88,111,101,60,530,Aqua Jet (Lv 0); Tackle (Lv 1); Growl (Lv 1); Water Gun (Lv 1); Metal Claw (Lv 1); Swords Dance (Lv 11); Peck (Lv 15); Bubble Beam (Lv 19); Swagger (Lv 24); Fury Attack (Lv 28); Brine (Lv 33); Whirlpool (Lv 39); Mist (Lv 46); Drill Peck (Lv 52); Hydro Pump (Lv 59); Wave Crash (Lv 66)
396,Starly,Normal,Flying,40,55,30,30,30,60,245,Tackle (Lv 1); Growl (Lv 1); Quick Attack (Lv 5); Wing Attack (Lv 9); Double Team (Lv 13); Endeavor (Lv 17); Whirlwind (Lv 21); Aerial Ace (Lv 25); Take Down (Lv 29); Agility (Lv 33); Brave Bird (Lv 37); Final Gambit (Lv 41)
397,Staravia,Normal,Flying,55,75,50,40,40,80,340,Tackle (Lv 1); Growl (Lv 1); Quick Attack (Lv 1); Wing Attack (Lv 9); Double Team (Lv 13); Endeavor (Lv 18); Whirlwind (Lv 23); Aerial Ace (Lv 28); Take Down (Lv 33); Agility (Lv 38); Brave Bird (Lv 43); Final Gambit (Lv 48)
398,Staraptor,Normal,Flying,85,120,70,50,60,100,485,Close Combat (Lv 0); Wing Attack (Lv 1); Tackle (Lv 1); Growl (Lv 1); Quick Attack (Lv 1); Double Team (Lv 13); Endeavor (Lv 18); Whirlwind (Lv 23); Aerial Ace (Lv 28); Take Down (Lv 33); Agility (Lv 41); Brave Bird (Lv 49); Final Gambit (Lv 57)
399,Bidoof,Normal,,59,45,40,35,40,31,250,Tackle (Lv 1); Growl (Lv 1); Defense Curl (Lv 5); Rollout (Lv 9); Headbutt (Lv 13); Hyper Fang (Lv 17); Yawn (Lv 21); Crunch (Lv 25); Take Down (Lv 29); Super Fang (Lv 33); Swords Dance (Lv 37); Amnesia (Lv 41); Superpower (Lv 45); Curse (Lv 49)
400,Bibarel,Normal,Water,79,85,60,55,60,71,410,Water Gun (Lv 0); Aqua Jet (Lv 1); Rototiller (Lv 1); Tackle (Lv 1); Growl (Lv 1); Defense Curl (Lv 5); Rollout (Lv 9); Headbutt (Lv 13); Hyper Fang (Lv 18); Yawn (Lv 23); Crunch (Lv 28); Take Down (Lv 33); Super Fang (Lv 38); Swords Dance (Lv 43); Amnesia (Lv 48); Superpower (Lv 53); Curse (Lv 58)
401,Kricketot,Bug,,37,25,41,25,41,25,194,Tackle (Lv 1); Growl (Lv 1); Struggle Bug (Lv 6); Bug Bite (Lv 16)
402,Kricketune,Bug,,77,85,51,55,51,65,384,Fury Cutter (Lv 0); Tackle (Lv 1); Growl (Lv 1); Absorb (Lv 14); Sing (Lv 18); Focus Energy (Lv 22); Slash (Lv 26); X-Scissor (Lv 30); Screech (Lv 34); Fell Stinger (Lv 36); Taunt (Lv 38); Night Slash (Lv 42); Sticky Web (Lv 44); Bug Buzz (Lv 46); Perish Song (Lv 50)
403,Shinx,Electric,,45,65,34,40,34,45,263,Tackle (Lv 1); Leer (Lv 1); Thunder Shock (Lv 4); Charge (Lv 8); Bite (Lv 12); Spark (Lv 16); Roar (Lv 20); Volt Switch (Lv 24); Scary Face (Lv 28); Thunder Wave (Lv 32); Crunch (Lv 36); Discharge (Lv 40); Swagger (Lv 44); Wild Charge (Lv 48)
404,Luxio,Electric,,60,85,49,60,49,60,363,Tackle (Lv 1); Leer (Lv 1); Thunder Shock (Lv 1); Charge (Lv 1); Bite (Lv 12); Spark (Lv 18); Roar (Lv 24); Volt Switch (Lv 31); Scary Face (Lv 36); Thunder Wave (Lv 42); Crunch (Lv 48); Discharge (Lv 54); Swagger (Lv 60); Wild Charge (Lv 68)
405,Luxray,Electric,,80,120,79,95,79,70,523,Tackle (Lv 1); Leer (Lv 1); Thunder Shock (Lv 1); Charge (Lv 1); Electric Terrain (Lv 1); Bite (Lv 12); Spark (Lv 18); Roar (Lv 24); Volt Switch (Lv 33); Scary Face (Lv 40); Thunder Wave (Lv 48); Crunch (Lv 56); Discharge (Lv 64); Swagger (Lv 72); Wild Charge (Lv 80)
406,Budew,Grass,Poison,40,30,35,50,70,55,280,Absorb (Lv 1); Growth (Lv 1); Stun Spore (Lv 1); Worry Seed (Lv 1)
407,Roserade,Grass,Poison,60,70,65,125,105,90,515,Grassy Terrain (Lv 1); Poison Sting (Lv 1); Venom Drench (Lv 1); Mega Drain (Lv 1); Leech Seed (Lv 1); Magical Leaf (Lv 1); Toxic Spikes (Lv 1); Sweet Scent (Lv 1); Giga Drain (Lv 1); Synthesis (Lv 1); Toxic (Lv 1); Petal Blizzard (Lv 1); Aromatherapy (Lv 1); Ingrain (Lv 1); Petal Dance (Lv 1); Absorb (Lv 1); Growth (Lv 1); Stun Spore (Lv 1); Worry Seed (Lv 1)
408,Cranidos,Rock,,67,125,40,30,30,58,350,Headbutt (Lv 1); Leer (Lv 1); Focus Energy (Lv 6); Rock Smash (Lv 10); Take Down (Lv 15); Scary Face (Lv 19); Assurance (Lv 24); Slam (Lv 28); Ancient Power (Lv 33); Zen Headbutt (Lv 37); Screech (Lv 42); Head Smash (Lv 46)
409,Rampardos,Rock,,97,165,60,65,50,58,495,Endeavor (Lv 0); Headbutt (Lv 1); Leer (Lv 1); Focus Energy (Lv 1); Rock Smash (Lv 10); Take Down (Lv 15); Scary Face (Lv 19); Assurance (Lv 24); Slam (Lv 28); Ancient Power (Lv 36); Zen Headbutt (Lv 43); Screech (Lv 51); Head Smash (Lv 58)
410,Shieldon,Rock,Steel,30,42,118,42,88,30,350,Tackle (Lv 1); Protect (Lv 1); Taunt (Lv 6); Metal Sound (Lv 10); Take Down (Lv 15); Iron Defense (Lv 19); Swagger (Lv 24); Ancient Power (Lv 28); Endure (Lv 33); Metal Burst (Lv 37); Iron Head (Lv 42); Heavy Slam (Lv 46)
411,Bastiodon,Rock,Steel,60,52,168,47,138,30,495,Block (Lv 0); Tackle (Lv 1); Protect (Lv 1); Taunt (Lv 1); Metal Sound (Lv 1); Take Down (Lv 15); Iron Defense (Lv 19); Swagger (Lv 24); Ancient Power (Lv 28); Endure (Lv 36); Metal Burst (Lv 43); Iron Head (Lv 51); Heavy Slam (Lv 58)
412,Burmy,Bug,,40,29,45,29,45,36,224,Protect (Lv 1); Tackle (Lv 10); Bug Bite (Lv 15); Hidden Power (Lv 20)
413,Wormadam,Bug,Grass,60,59,85,79,105,36,424,Quiver Dance (Lv 0); Sucker Punch (Lv 1); Tackle (Lv 1); Protect (Lv 1); Bug Bite (Lv 1); Hidden Power (Lv 20); Confusion (Lv 23); Razor Leaf (Lv 26); Growth (Lv 29); Psybeam (Lv 32); Captivate (Lv 35); Flail (Lv 38); Attract (Lv 41); Psychic (Lv 44); Leaf Storm (Lv 47); Bug Buzz (Lv 50)
414,Mothim,Bug,Flying,70,94,50,94,50,66,424,Quiver Dance (Lv 0); Tackle (Lv 1); Protect (Lv 1); Bug Bite (Lv 1); Hidden Power (Lv 20); Confusion (Lv 23); Gust (Lv 26); Poison Powder (Lv 29); Psybeam (Lv 32); Camouflage (Lv 35); Silver Wind (Lv 38); Air Slash (Lv 41); Psychic (Lv 44); Lunge (Lv 47); Bug Buzz (Lv 50)
415,Combee,Bug,Flying,30,30,42,30,42,70,244,Gust (Lv 1); Sweet Scent (Lv 1); Bug Bite (Lv 1); Struggle Bug (Lv 1)
416,Vespiquen,Bug,Flying,70,80,102,80,102,40,474,Slash (Lv 0); Sweet Scent (Lv 1); Struggle Bug (Lv 1); Bug Bite (Lv 1); Gust (Lv 1); Confuse Ray (Lv 1); Poison Sting (Lv 1); Fury Cutter (Lv 4); Aromatic Mist (Lv 8); Fell Stinger (Lv 12); Fury Swipes (Lv 16); Swagger (Lv 20); Roost (Lv 24); Air Slash (Lv 28); Power Gem (Lv 32); Toxic (Lv 36); Attack Order (Lv 40); Defend Order (Lv 40); Destiny Bond (Lv 44)
417,Pachirisu,Electric,,60,45,70,45,90,95,405,Growl (Lv 1); Thunder Shock (Lv 1); Quick Attack (Lv 5); Charm (Lv 9); Spark (Lv 13); Endure (Lv 17); Nuzzle (Lv 19); Swift (Lv 21); Electro Ball (Lv 25); Sweet Kiss (Lv 29); Thunder Wave (Lv 33); Super Fang (Lv 37); Discharge (Lv 41); Last Resort (Lv 45); Thunder (Lv 49)
418,Buizel,Water,,55,65,35,60,30,85,330,Tackle (Lv 1); Growl (Lv 4); Soak (Lv 7); Quick Attack (Lv 11); Water Gun (Lv 15); Bite (Lv 18); Swift (Lv 21); Aqua Jet (Lv 24); Double Hit (Lv 27); Whirlpool (Lv 31); Liquidation (Lv 35); Aqua Tail (Lv 38); Agility (Lv 41); Hydro Pump (Lv 45); Wave Crash (Lv 49)
419,Floatzel,Water,,85,105,55,85,50,115,495,Growl (Lv 1); Quick Attack (Lv 1); Crunch (Lv 1); Ice Fang (Lv 1); Soak (Lv 1); Water Gun (Lv 15); Bite (Lv 18); Swift (Lv 21); Aqua Jet (Lv 24); Double Hit (Lv 29); Whirlpool (Lv 35); Liquidation (Lv 41); Aqua Tail (Lv 46); Agility (Lv 51); Hydro Pump (Lv 57); Wave Crash (Lv 62)
420,Cherubi,Grass,,45,35,45,62,53,35,275,Morning Sun (Lv 1); Tackle (Lv 1); Leafage (Lv 5); Growth (Lv 10); Helping Hand (Lv 15); Magical Leaf (Lv 20); Leech Seed (Lv 26); Take Down (Lv 30); Petal Blizzard (Lv 35); Worry Seed (Lv 40); Solar Beam (Lv 45)
421,Cherrim,Grass,,70,60,70,87,78,85,450,Sunny Day (Lv 0); Flower Shield (Lv 1); Morning Sun (Lv 1); Tackle (Lv 1); Leafage (Lv 1); Growth (Lv 1); Helping Hand (Lv 15); Magical Leaf (Lv 20); Leech Seed (Lv 28); Take Down (Lv 34); Petal Blizzard (Lv 41); Worry Seed (Lv 48); Solar Beam (Lv 55); Petal Dance (Lv 62)
422,Shellos,Water,,76,48,48,57,62,34,325,Water Gun (Lv 1); Mud-Slap (Lv 1); Harden (Lv 5); Recover (Lv 10); Water Pulse (Lv 15); Ancient Power (Lv 20); Body Slam (Lv 25); Muddy Water (Lv 31); Earth Power (Lv 35); Rain Dance (Lv 40); Memento (Lv 45)
423,Gastrodon,Water,Ground,111,83,68,92,82,39,475,Water Gun (Lv 1); Recover (Lv 1); Harden (Lv 1); Mud-Slap (Lv 1); Water Pulse (Lv 15); Ancient Power (Lv 20); Body Slam (Lv 25); Muddy Water (Lv 33); Earth Power (Lv 39); Rain Dance (Lv 46); Memento (Lv 53)
424,Ambipom,Normal,,75,100,66,60,66,115,482,Scratch (Lv 1); Sand Attack (Lv 1); Tail Whip (Lv 1); Astonish (Lv 1); Baton Pass (Lv 11); Tickle (Lv 15); Fury Swipes (Lv 18); Swift (Lv 22); Screech (Lv 25); Agility (Lv 29); Double Hit (Lv 32); Fling (Lv 36); Nasty Plot (Lv 39); Last Resort (Lv 43)
425,Drifloon,Ghost,Flying,90,50,34,60,44,70,348,Minimize (Lv 1); Astonish (Lv 1); Gust (Lv 4); Focus Energy (Lv 8); Payback (Lv 12); Hex (Lv 16); Shadow Ball (Lv 20); Stockpile (Lv 24); Spit Up (Lv 24); Swallow (Lv 24); Self-Destruct (Lv 29); Destiny Bond (Lv 32); Baton Pass (Lv 36); Tailwind (Lv 40); Explosion (Lv 44)
426,Drifblim,Ghost,Flying,150,80,44,90,54,80,498,Phantom Force (Lv 0); Astonish (Lv 1); Strength Sap (Lv 1); Gust (Lv 1); Focus Energy (Lv 1); Minimize (Lv 1); Payback (Lv 12); Hex (Lv 16); Shadow Ball (Lv 20); Stockpile (Lv 24); Spit Up (Lv 24); Swallow (Lv 24); Self-Destruct (Lv 31); Destiny Bond (Lv 36); Baton Pass (Lv 42); Tailwind (Lv 48); Explosion (Lv 54)
427,Buneary,Normal,,55,66,44,44,56,85,350,Splash (Lv 1); Pound (Lv 1); Defense Curl (Lv 4); Baby-Doll Eyes (Lv 8); After You (Lv 12); Quick Attack (Lv 16); Double Kick (Lv 20); Charm (Lv 24); Baton Pass (Lv 28); Headbutt (Lv 32); Agility (Lv 36); Entrainment (Lv 40); Flatter (Lv 44); Bounce (Lv 48); Healing Wish (Lv 52)
428,Lopunny,Normal,,65,76,84,54,96,105,480,Mirror Coat (Lv 1); Magic Coat (Lv 1); Splash (Lv 1); Pound (Lv 1); Defense Curl (Lv 1); Baby-Doll Eyes (Lv 1); After You (Lv 12); Quick Attack (Lv 16); Double Kick (Lv 20); Charm (Lv 24); Baton Pass (Lv 28); Headbutt (Lv 32); Agility (Lv 36); Entrainment (Lv 40); Flatter (Lv 44); Bounce (Lv 48); Healing Wish (Lv 52); High Jump Kick (Lv 56)
429,Mismagius,Ghost,,60,60,60,105,105,105,495,Growl (Lv 1); Spite (Lv 1); Astonish (Lv 1); Magical Leaf (Lv 1); Power Gem (Lv 1); Phantom Force (Lv 1); Mystical Fire (Lv 1)
430,Honchkrow,Dark,Flying,100,125,52,105,52,71,505,Wing Attack (Lv 1); Haze (Lv 1); Astonish (Lv 1); Sucker Punch (Lv 1); Night Slash (Lv 1); Quash (Lv 1); Swagger (Lv 25); Nasty Plot (Lv 35); Foul Play (Lv 45); Dark Pulse (Lv 55); Comeuppance (Lv 65)
431,Glameow,Normal,,49,55,42,42,37,85,310,Fake Out (Lv 1); Scratch (Lv 5); Growl (Lv 8); Hypnosis (Lv 13); Feint Attack (Lv 17); Fury Swipes (Lv 20); Charm (Lv 25); Assist (Lv 29); Captivate (Lv 32); Slash (Lv 37); Sucker Punch (Lv 41); Attract (Lv 44); Hone Claws (Lv 48); Play Rough (Lv 50)
432,Purugly,Normal,,71,82,64,64,59,112,452,Swagger (Lv 0); Fake Out (Lv 1); Scratch (Lv 1); Growl (Lv 1); Hypnosis (Lv 13); Feint Attack (Lv 17); Fury Swipes (Lv 20); Charm (Lv 25); Assist (Lv 29); Captivate (Lv 32); Slash (Lv 37); Body Slam (Lv 45); Attract (Lv 52); Hone Claws (Lv 60)
433,Chingling,Psychic,,45,30,50,65,50,45,285,Wrap (Lv 1); Growl (Lv 4); Astonish (Lv 7); Confusion (Lv 10); Yawn (Lv 13); Last Resort (Lv 16); Entrainment (Lv 19); Uproar (Lv 32)
434,Stunky,Poison,Dark,63,63,47,41,41,74,329,Scratch (Lv 1); Poison Gas (Lv 1); Feint (Lv 3); Smokescreen (Lv 6); Acid Spray (Lv 9); Fury Swipes (Lv 12); Focus Energy (Lv 15); Bite (Lv 18); Venoshock (Lv 21); Screech (Lv 24); Toxic (Lv 27); Sucker Punch (Lv 30); Memento (Lv 33); Night Slash (Lv 36); Belch (Lv 39); Explosion (Lv 42)
435,Skuntank,Poison,Dark,103,93,67,71,61,84,479,Flamethrower (Lv 0); Scratch (Lv 1); Smokescreen (Lv 1); Poison Gas (Lv 1); Feint (Lv 1); Fury Swipes (Lv 12); Focus Energy (Lv 15); Bite (Lv 18); Venoshock (Lv 21); Screech (Lv 24); Toxic (Lv 27); Sucker Punch (Lv 30); Memento (Lv 33); Night Slash (Lv 38); Belch (Lv 43); Explosion (Lv 48)
436,Bronzor,Steel,Psychic,57,24,86,24,86,23,300,Tackle (Lv 1); Confusion (Lv 1); Confuse Ray (Lv 4); Payback (Lv 8); Imprison (Lv 12); Gyro Ball (Lv 16); Hypnosis (Lv 20); Safeguard (Lv 24); Extrasensory (Lv 28); Heavy Slam (Lv 32); Iron Defense (Lv 36); Metal Sound (Lv 40); Future Sight (Lv 44)
437,Bronzong,Steel,Psychic,67,89,116,79,116,33,500,Block (Lv 0); Tackle (Lv 1); Confusion (Lv 1); Confuse Ray (Lv 1); Weather Ball (Lv 1); Payback (Lv 1); Sunny Day (Lv 1); Imprison (Lv 12); Gyro Ball (Lv 16); Hypnosis (Lv 20); Safeguard (Lv 24); Extrasensory (Lv 28); Heavy Slam (Lv 32); Iron Defense (Lv 38); Metal Sound (Lv 44); Future Sight (Lv 50); Rain Dance (Lv 56)
438,Bonsly,Rock,,50,80,95,10,45,10,290,Fake Tears (Lv 1); Copycat (Lv 1); Flail (Lv 4); Rock Throw (Lv 8); Block (Lv 12); Mimic (Lv 16); Rock Tomb (Lv 20); Tearful Look (Lv 24); Sucker Punch (Lv 28); Rock Slide (Lv 32); Low Kick (Lv 36); Counter (Lv 40); Double-Edge (Lv 44)
439,Mime Jr.,Psychic,Fairy,20,25,45,70,90,60,310,Pound (Lv 1); Copycat (Lv 1); Baton Pass (Lv 4); Encore (Lv 8); Confusion (Lv 12); Role Play (Lv 16); Protect (Lv 20); Recycle (Lv 24); Psybeam (Lv 28); Mimic (Lv 32); Light Screen (Lv 36); Reflect (Lv 36); Safeguard (Lv 36); Sucker Punch (Lv 40); Dazzling Gleam (Lv 44); Psychic (Lv 48); Teeter Dance (Lv 52)
440,Happiny,Normal,,100,5,5,15,65,30,220,Pound (Lv 1); Copycat (Lv 1); Defense Curl (Lv 4); Sweet Kiss (Lv 8); Disarming Voice (Lv 12); Covet (Lv 16); Charm (Lv 20)
441,Chatot,Normal,Flying,76,65,45,92,42,91,411,Hyper Voice (Lv 1); Chatter (Lv 1); Confide (Lv 1); Taunt (Lv 1); Peck (Lv 1); Growl (Lv 5); Mirror Move (Lv 9); Sing (Lv 13); Fury Attack (Lv 17); Round (Lv 29); Mimic (Lv 33); Echoed Voice (Lv 37); Roost (Lv 41); Uproar (Lv 45); Synchronoise (Lv 49); Feather Dance (Lv 50)
442,Spiritomb,Ghost,Dark,50,92,108,92,108,35,485,Night Shade (Lv 1); Confuse Ray (Lv 1); Shadow Sneak (Lv 5); Spite (Lv 10); Payback (Lv 15); Nasty Plot (Lv 20); Hex (Lv 25); Memento (Lv 30); Sucker Punch (Lv 35); Curse (Lv 40); Shadow Ball (Lv 45); Dark Pulse (Lv 50); Hypnosis (Lv 55); Dream Eater (Lv 60)
443,Gible,Dragon,Ground,58,70,45,40,45,42,300,Tackle (Lv 1); Sand Tomb (Lv 1); Sand Attack (Lv 6); Dragon Breath (Lv 12); Bulldoze (Lv 18); Bite (Lv 25); Slash (Lv 30); Dragon Claw (Lv 36); Dig (Lv 42); Sandstorm (Lv 48); Take Down (Lv 54); Dragon Rush (Lv 60)
444,Gabite,Dragon,Ground,68,90,65,50,55,82,410,Sand Attack (Lv 1); Tackle (Lv 1); Dragon Breath (Lv 1); Sand Tomb (Lv 1); Bulldoze (Lv 18); Bite (Lv 27); Slash (Lv 34); Dragon Claw (Lv 42); Dig (Lv 50); Sandstorm (Lv 58); Take Down (Lv 66); Dragon Rush (Lv 74)
445,Garchomp,Dragon,Ground,108,130,95,80,85,102,600,Crunch (Lv 0); Sand Attack (Lv 1); Tackle (Lv 1); Dragon Breath (Lv 1); Sand Tomb (Lv 1); Bulldoze (Lv 18); Bite (Lv 27); Slash (Lv 34); Dragon Claw (Lv 42); Dig (Lv 52); Sandstorm (Lv 62); Take Down (Lv 72); Dragon Rush (Lv 82)
446,Munchlax,Normal,,135,85,40,40,85,5,390,Tackle (Lv 1); Lick (Lv 1); Defense Curl (Lv 4); Recycle (Lv 8); Covet (Lv 12); Bite (Lv 16); Stockpile (Lv 20); Swallow (Lv 20); Screech (Lv 24); Body Slam (Lv 28); Fling (Lv 32); Amnesia (Lv 36); Metronome (Lv 40); Flail (Lv 44); Belly Drum (Lv 48); Last Resort (Lv 52)
447,Riolu,Fighting,,40,70,40,35,40,60,285,Quick Attack (Lv 1); Endure (Lv 1); Feint (Lv 4); Metal Claw (Lv 8); Counter (Lv 12); Work Up (Lv 16); Rock Smash (Lv 20); Vacuum Wave (Lv 24); Screech (Lv 28); Quick Guard (Lv 32); Force Palm (Lv 36); Swords Dance (Lv 40); Helping Hand (Lv 44); Copycat (Lv 48); Final Gambit (Lv 52); Reversal (Lv 56)
448,Lucario,Fighting,Steel,70,110,70,115,70,90,525,Aura Sphere (Lv 0); Copycat (Lv 1); Feint (Lv 1); Helping Hand (Lv 1); Rock Smash (Lv 1); Metal Claw (Lv 1); Vacuum Wave (Lv 1); Detect (Lv 1); Reversal (Lv 1); Screech (Lv 1); Quick Attack (Lv 1); Final Gambit (Lv 1); Life Dew (Lv 1); Counter (Lv 12); Work Up (Lv 16); Force Palm (Lv 20); Calm Mind (Lv 24); Metal Sound (Lv 28); Quick Guard (Lv 32); Bone Rush (Lv 36); Swords Dance (Lv 40); Heal Pulse (Lv 44); Meteor Mash (Lv 48); Dragon Pulse (Lv 52); Extreme Speed (Lv 56); Close Combat (Lv 60)
449,Hippopotas,Ground,,68,72,78,38,42,32,330,Sand Attack (Lv 1); Tackle (Lv 1); Bite (Lv 4); Yawn (Lv 8); Sand Tomb (Lv 12); Dig (Lv 16); Crunch (Lv 20); Sandstorm (Lv 24); Take Down (Lv 28); Roar (Lv 32); Rest (Lv 36); Earthquake (Lv 40); Double-Edge (Lv 44); Fissure (Lv 48); Slack Off (Lv 52)
450,Hippowdon,Ground,,108,112,118,68,72,47,525,Fire Fang (Lv 1); Thunder Fang (Lv 1); Yawn (Lv 1); Ice Fang (Lv 1); Sand Attack (Lv 1); Tackle (Lv 1); Bite (Lv 1); Sand Tomb (Lv 12); Dig (Lv 16); Crunch (Lv 20); Sandstorm (Lv 24); Take Down (Lv 28); Roar (Lv 32); Rest (Lv 38); Earthquake (Lv 44); Double-Edge (Lv 50); Fissure (Lv 56); Slack Off (Lv 62)
451,Skorupi,Poison,Bug,40,50,90,30,55,65,330,Poison Sting (Lv 1); Leer (Lv 1); Hone Claws (Lv 3); Fell Stinger (Lv 6); Poison Fang (Lv 9); Bite (Lv 12); Toxic Spikes (Lv 15); Bug Bite (Lv 18); Venoshock (Lv 21); Knock Off (Lv 24); Scary Face (Lv 27); Pin Missile (Lv 30); Toxic (Lv 33); Night Slash (Lv 36); Cross Poison (Lv 39); X-Scissor (Lv 42); Acupressure (Lv 45); Crunch (Lv 48)
452,Drapion,Poison,Dark,70,90,110,60,75,95,500,Thunder Fang (Lv 1); Ice Fang (Lv 1); Fire Fang (Lv 1); Poison Sting (Lv 1); Leer (Lv 1); Hone Claws (Lv 1); Fell Stinger (Lv 1); Poison Fang (Lv 9); Bite (Lv 12); Toxic Spikes (Lv 15); Bug Bite (Lv 18); Venoshock (Lv 21); Knock Off (Lv 24); Scary Face (Lv 27); Pin Missile (Lv 30); Toxic (Lv 33); Night Slash (Lv 36); Cross Poison (Lv 39); X-Scissor (Lv 44); Acupressure (Lv 49); Crunch (Lv 54)
453,Croagunk,Poison,Fighting,48,61,40,61,40,50,300,Poison Sting (Lv 1); Mud-Slap (Lv 1); Astonish (Lv 4); Taunt (Lv 8); Flatter (Lv 12); Low Kick (Lv 16); Venoshock (Lv 20); Sucker Punch (Lv 24); Swagger (Lv 28); Poison Jab (Lv 32); Toxic (Lv 36); Nasty Plot (Lv 40); Sludge Bomb (Lv 44); Belch (Lv 48)
454,Toxicroak,Poison,Fighting,83,106,65,86,65,85,490,Poison Sting (Lv 1); Mud-Slap (Lv 1); Taunt (Lv 1); Astonish (Lv 1); Flatter (Lv 12); Low Kick (Lv 16); Venoshock (Lv 20); Sucker Punch (Lv 24); Swagger (Lv 28); Poison Jab (Lv 32); Toxic (Lv 36); Nasty Plot (Lv 42); Sludge Bomb (Lv 48); Belch (Lv 54)
455,Carnivine,Grass,,74,100,72,90,72,46,454,Bind (Lv 1); Growth (Lv 1); Bite (Lv 7); Vine Whip (Lv 11); Sweet Scent (Lv 17); Ingrain (Lv 21); Feint Attack (Lv 27); Leaf Tornado (Lv 31); Stockpile (Lv 37); Spit Up (Lv 37); Swallow (Lv 37); Crunch (Lv 41); Wring Out (Lv 47); Power Whip (Lv 50)
456,Finneon,Water,,49,49,56,49,61,66,330,Pound (Lv 1); Water Gun (Lv 6); Rain Dance (Lv 13); Gust (Lv 17); Water Pulse (Lv 22); Attract (Lv 26); Safeguard (Lv 29); Aqua Ring (Lv 33); Whirlpool (Lv 38); U-turn (Lv 42); Bounce (Lv 45); Tailwind (Lv 49); Soak (Lv 54)
457,Lumineon,Water,,69,69,76,69,86,91,460,Pound (Lv 1); Gust (Lv 1); Water Gun (Lv 1); Soak (Lv 1); Rain Dance (Lv 13); Water Pulse (Lv 22); Attract (Lv 26); Safeguard (Lv 29); Aqua Ring (Lv 35); Whirlpool (Lv 42); U-turn (Lv 48); Bounce (Lv 53); Tailwind (Lv 59)
458,Mantyke,Water,Flying,45,20,50,60,120,50,345,Tackle (Lv 1); Water Gun (Lv 1); Supersonic (Lv 4); Wing Attack (Lv 8); Water Pulse (Lv 12); Wide Guard (Lv 16); Agility (Lv 20); Bubble Beam (Lv 24); Headbutt (Lv 28); Air Slash (Lv 32); Aqua Ring (Lv 36); Bounce (Lv 40); Take Down (Lv 44); Hydro Pump (Lv 48)
459,Snover,Grass,Ice,60,62,50,62,60,40,334,Leer (Lv 1); Powder Snow (Lv 1); Leafage (Lv 5); Mist (Lv 10); Ice Shard (Lv 15); Razor Leaf (Lv 20); Icy Wind (Lv 25); Swagger (Lv 30); Ingrain (Lv 35); Wood Hammer (Lv 41); Blizzard (Lv 45); Sheer Cold (Lv 50)
460,Abomasnow,Grass,Ice,90,92,75,92,85,60,494,Ice Punch (Lv 0); Leer (Lv 1); Mist (Lv 1); Powder Snow (Lv 1); Leafage (Lv 1); Aurora Veil (Lv 1); Ice Shard (Lv 15); Razor Leaf (Lv 20); Icy Wind (Lv 25); Swagger (Lv 30); Ingrain (Lv 35); Wood Hammer (Lv 43); Blizzard (Lv 49); Sheer Cold (Lv 56)
461,Weavile,Dark,Ice,70,120,65,45,85,125,510,Scratch (Lv 1); Leer (Lv 1); Agility (Lv 1); Quick Attack (Lv 1); Assurance (Lv 1); Taunt (Lv 1); Slash (Lv 1); Beat Up (Lv 1); Ice Shard (Lv 1); Metal Claw (Lv 18); Icy Wind (Lv 24); Fury Swipes (Lv 30); Hone Claws (Lv 36); Fling (Lv 42); Nasty Plot (Lv 48); Screech (Lv 54); Night Slash (Lv 60); Dark Pulse (Lv 66)
462,Magnezone,Electric,Steel,70,70,115,130,90,60,535,Electric Terrain (Lv 1); Mirror Coat (Lv 1); Magnetic Flux (Lv 1); Tri Attack (Lv 1); Tackle (Lv 1); Thunder Wave (Lv 1); Thunder Shock (Lv 1); Supersonic (Lv 1); Electro Ball (Lv 12); Gyro Ball (Lv 16); Spark (Lv 20); Screech (Lv 24); Magnet Rise (Lv 28); Flash Cannon (Lv 34); Discharge (Lv 40); Metal Sound (Lv 46); Light Screen (Lv 52); Lock-On (Lv 58); Zap Cannon (Lv 64)
463,Lickilicky,Normal,,110,85,95,80,95,50,515,Lick (Lv 1); Defense Curl (Lv 1); Rollout (Lv 1); Supersonic (Lv 1); Wrap (Lv 18); Disable (Lv 24); Stomp (Lv 30); Knock Off (Lv 36); Screech (Lv 42); Slam (Lv 48); Power Whip (Lv 54); Belly Drum (Lv 60)
464,Rhyperior,Ground,Rock,115,140,130,55,55,40,535,Tackle (Lv 1); Tail Whip (Lv 1); Hammer Arm (Lv 1); Smack Down (Lv 1); Bulldoze (Lv 1); Horn Attack (Lv 15); Scary Face (Lv 20); Stomp (Lv 25); Rock Blast (Lv 30); Drill Run (Lv 35); Take Down (Lv 40); Earthquake (Lv 47); Stone Edge (Lv 54); Megahorn (Lv 61); Horn Drill (Lv 68); Rock Wrecker (Lv 75)
465,Tangrowth,Grass,,100,100,125,110,50,50,535,Block (Lv 1); Absorb (Lv 1); Bind (Lv 1); Stun Spore (Lv 1); Growth (Lv 1); Mega Drain (Lv 12); Vine Whip (Lv 16); Poison Powder (Lv 20); Ancient Power (Lv 24); Knock Off (Lv 28); Giga Drain (Lv 32); Sleep Powder (Lv 36); Slam (Lv 40); Tickle (Lv 44); Power Whip (Lv 48); Ingrain (Lv 52); Grassy Terrain (Lv 56)
466,Electivire,Electric,,75,123,67,95,85,95,540,Leer (Lv 1); Thunder Shock (Lv 1); Quick Attack (Lv 1); Charge (Lv 1); Swift (Lv 12); Shock Wave (Lv 16); Thunder Wave (Lv 20); Screech (Lv 24); Thunder Punch (Lv 28); Discharge (Lv 34); Low Kick (Lv 40); Thunderbolt (Lv 46); Light Screen (Lv 52); Thunder (Lv 58); Giga Impact (Lv 64)
467,Magmortar,Fire,,75,95,67,125,95,83,540,Leer (Lv 1); Ember (Lv 1); Smokescreen (Lv 1); Smog (Lv 1); Clear Smog (Lv 12); Flame Wheel (Lv 16); Confuse Ray (Lv 20); Scary Face (Lv 24); Fire Punch (Lv 28); Lava Plume (Lv 34); Low Kick (Lv 40); Flamethrower (Lv 46); Sunny Day (Lv 52); Fire Blast (Lv 58); Hyper Beam (Lv 64)
468,Togekiss,Fairy,Flying,85,50,95,120,115,80,545,Air Slash (Lv 0); Fairy Wind (Lv 1); Sky Attack (Lv 1); Aura Sphere (Lv 1); Extreme Speed (Lv 1); Tri Attack (Lv 1); Charm (Lv 1); Ancient Power (Lv 1); Yawn (Lv 1); Metronome (Lv 1); After You (Lv 1); Double-Edge (Lv 1); Safeguard (Lv 1); Follow Me (Lv 1); Baton Pass (Lv 1); Last Resort (Lv 1); Wish (Lv 1); Growl (Lv 1); Pound (Lv 1); Sweet Kiss (Lv 1); Life Dew (Lv 1)
469,Yanmega,Bug,Flying,86,76,86,116,56,95,515,Tackle (Lv 1); Double Team (Lv 1); Night Slash (Lv 1); Air Slash (Lv 1); Bug Buzz (Lv 1); Quick Attack (Lv 14); Detect (Lv 17); Supersonic (Lv 22); Uproar (Lv 27); Bug Bite (Lv 30); Ancient Power (Lv 33); Feint (Lv 38); Slash (Lv 43); Screech (Lv 46); U-turn (Lv 49)
470,Leafeon,Grass,,65,110,130,60,65,95,525,Razor Leaf (Lv 0); Swift (Lv 1); Tackle (Lv 1); Take Down (Lv 1); Double-Edge (Lv 1); Tail Whip (Lv 1); Bite (Lv 1); Growl (Lv 1); Copycat (Lv 1); Covet (Lv 1); Helping Hand (Lv 1); Charm (Lv 1); Baton Pass (Lv 1); Sand Attack (Lv 5); Quick Attack (Lv 10); Baby-Doll Eyes (Lv 15); Leech Seed (Lv 20); Magical Leaf (Lv 25); Synthesis (Lv 30); Sunny Day (Lv 35); Giga Drain (Lv 40); Swords Dance (Lv 45); Leaf Blade (Lv 50); Last Resort (Lv 55)
471,Glaceon,Ice,,65,60,110,130,95,65,525,Icy Wind (Lv 0); Charm (Lv 1); Tackle (Lv 1); Take Down (Lv 1); Double-Edge (Lv 1); Tail Whip (Lv 1); Growl (Lv 1); Swift (Lv 1); Copycat (Lv 1); Covet (Lv 1); Baton Pass (Lv 1); Helping Hand (Lv 1); Sand Attack (Lv 5); Quick Attack (Lv 10); Baby-Doll Eyes (Lv 15); Ice Shard (Lv 20); Bite (Lv 25); Ice Fang (Lv 30); Snowscape (Lv 35); Freeze-Dry (Lv 40); Mirror Coat (Lv 45); Blizzard (Lv 50); Last Resort (Lv 55)
472,Gliscor,Ground,Flying,75,95,125,45,75,95,510,Sand Attack (Lv 1); Harden (Lv 1); Poison Jab (Lv 1); Thunder Fang (Lv 1); Ice Fang (Lv 1); Fire Fang (Lv 1); Quick Attack (Lv 13); Fury Cutter (Lv 16); Knock Off (Lv 19); Acrobatics (Lv 22); Night Slash (Lv 27); U-turn (Lv 30); Screech (Lv 35); X-Scissor (Lv 40); Crabhammer (Lv 45); Swords Dance (Lv 50)
473,Mamoswine,Ice,Ground,110,130,80,70,60,80,530,Double Hit (Lv 0); Tackle (Lv 1); Flail (Lv 1); Powder Snow (Lv 1); Mud-Slap (Lv 1); Ancient Power (Lv 1); Ice Fang (Lv 1); Ice Shard (Lv 15); Mist (Lv 20); Endure (Lv 25); Icy Wind (Lv 30); Amnesia (Lv 37); Take Down (Lv 44); Earthquake (Lv 51); Blizzard (Lv 58); Thrash (Lv 65)
474,Porygon-Z,Normal,,85,80,70,135,75,90,535,Conversion (Lv 1); Nasty Plot (Lv 1); Magnet Rise (Lv 1); Recycle (Lv 1); Trick Room (Lv 1); Defense Curl (Lv 1); Tackle (Lv 1); Thunder Shock (Lv 15); Psybeam (Lv 20); Conversion 2 (Lv 25); Agility (Lv 30); Recover (Lv 35); Discharge (Lv 40); Tri Attack (Lv 45); Double-Edge (Lv 50); Lock-On (Lv 55); Zap Cannon (Lv 60); Hyper Beam (Lv 65)
475,Gallade,Psychic,Fighting,68,125,65,65,115,80,518,Slash (Lv 0); Night Slash (Lv 1); Imprison (Lv 1); Life Dew (Lv 1); Future Sight (Lv 1); Fury Cutter (Lv 1); Sacred Sword (Lv 1); Charm (Lv 1); Disarming Voice (Lv 1); Calm Mind (Lv 1); Leaf Blade (Lv 1); Double Team (Lv 1); Draining Kiss (Lv 1); Hypnosis (Lv 1); Psychic (Lv 1); Confusion (Lv 1); Psybeam (Lv 1); Growl (Lv 1); Leer (Lv 1); Dream Eater (Lv 1); Aqua Cutter (Lv 1); Helping Hand (Lv 9); Feint (Lv 12); Teleport (Lv 15); Aerial Ace (Lv 18); False Swipe (Lv 23); Protect (Lv 28); Swords Dance (Lv 35); Psycho Cut (Lv 42); Heal Pulse (Lv 49); Wide Guard (Lv 56); Quick Guard (Lv 56); Close Combat (Lv 63)
476,Probopass,Rock,Steel,60,55,145,75,150,40,525,Tri Attack (Lv 0); Magnetic Flux (Lv 1); Magnet Rise (Lv 1); Gravity (Lv 1); Block (Lv 1); Wide Guard (Lv 1); Iron Defense (Lv 1); Tackle (Lv 1); Thunder Wave (Lv 13); Rest (Lv 16); Spark (Lv 19); Rock Slide (Lv 22); Power Gem (Lv 25); Rock Blast (Lv 28); Discharge (Lv 31); Sandstorm (Lv 34); Earth Power (Lv 37); Stone Edge (Lv 40); Zap Cannon (Lv 43); Lock-On (Lv 43)
477,Dusknoir,Ghost,,45,100,135,65,135,45,525,Fire Punch (Lv 1); Ice Punch (Lv 1); Thunder Punch (Lv 1); Bind (Lv 1); Leer (Lv 1); Disable (Lv 1); Shadow Sneak (Lv 1); Gravity (Lv 1); Shadow Punch (Lv 1); Astonish (Lv 1); Confuse Ray (Lv 12); Night Shade (Lv 16); Payback (Lv 20); Will-O-Wisp (Lv 24); Mean Look (Lv 28); Hex (Lv 32); Curse (Lv 36); Shadow Ball (Lv 42); Future Sight (Lv 48); Destiny Bond (Lv 54)
478,Froslass,Ice,Ghost,70,80,70,80,70,110,480,Hex (Lv 0); Crunch (Lv 1); Ice Fang (Lv 1); Astonish (Lv 1); Destiny Bond (Lv 1); Protect (Lv 1); Headbutt (Lv 1); Double Team (Lv 1); Bite (Lv 1); Leer (Lv 1); Powder Snow (Lv 1); Ice Shard (Lv 15); Draining Kiss (Lv 20); Icy Wind (Lv 25); Frost Breath (Lv 30); Confuse Ray (Lv 35); Snowscape (Lv 40); Will-O-Wisp (Lv 47); Aurora Veil (Lv 54); Shadow Ball (Lv 61); Blizzard (Lv 68)
479,Rotom,Electric,Ghost,50,50,77,95,77,91,440,Double Team (Lv 1); Astonish (Lv 1); Thunder Shock (Lv 5); Confuse Ray (Lv 10); Charge (Lv 15); Electro Ball (Lv 20); Thunder Wave (Lv 25); Shock Wave (Lv 30); Hex (Lv 35); Substitute (Lv 40); Trick (Lv 45); Discharge (Lv 50); Uproar (Lv 55)
480,Uxie,Psychic,,75,75,130,75,130,95,580,Confusion (Lv 1); Rest (Lv 1); Swift (Lv 7); Endure (Lv 14); Psybeam (Lv 21); Imprison (Lv 28); Extrasensory (Lv 35); Amnesia (Lv 42); Psychic (Lv 49); Yawn (Lv 56); Future Sight (Lv 63); Flail (Lv 70); Memento (Lv 77); Mystical Power (Lv 84)
481,Mesprit,Psychic,,80,105,105,105,105,80,580,Confusion (Lv 1); Rest (Lv 1); Swift (Lv 7); Protect (Lv 14); Psybeam (Lv 21); Imprison (Lv 28); Extrasensory (Lv 35); Charm (Lv 42); Psychic (Lv 49); Flatter (Lv 56); Future Sight (Lv 63); Copycat (Lv 70); Healing Wish (Lv 77); Mystical Power (Lv 84)
482,Azelf,Psychic,,75,125,70,125,70,115,580,Confusion (Lv 1); Rest (Lv 1); Swift (Lv 7); Detect (Lv 14); Psybeam (Lv 21); Imprison (Lv 28); Extrasensory (Lv 35); Nasty Plot (Lv 42); Psychic (Lv 49); Uproar (Lv 56); Future Sight (Lv 63); Last Resort (Lv 70); Explosion (Lv 77); Mystical Power (Lv 84)
483,Dialga,Steel,Dragon,100,120,120,150,100,90,680,Scary Face (Lv 1); Metal Claw (Lv 1); Dragon Breath (Lv 8); Ancient Power (Lv 16); Slash (Lv 24); Flash Cannon (Lv 32); Dragon Claw (Lv 40); Aura Sphere (Lv 48); Power Gem (Lv 56); Metal Burst (Lv 64); Earth Power (Lv 72); Iron Tail (Lv 80); Roar of Time (Lv 88)
484,Palkia,Water,Dragon,90,120,100,150,120,100,680,Scary Face (Lv 1); Water Pulse (Lv 1); Dragon Breath (Lv 8); Ancient Power (Lv 16); Slash (Lv 24); Aqua Ring (Lv 32); Aura Sphere (Lv 48); Power Gem (Lv 56); Aqua Tail (Lv 64); Earth Power (Lv 72); Spacial Rend (Lv 80); Hydro Pump (Lv 88)
485,Heatran,Fire,Steel,91,90,106,130,106,77,600,Leer (Lv 1); Fire Spin (Lv 1); Metal Claw (Lv 6); Ancient Power (Lv 12); Fire Fang (Lv 18); Scary Face (Lv 24); Iron Head (Lv 30); Crunch (Lv 36); Lava Plume (Lv 42); Metal Sound (Lv 48); Earth Power (Lv 54); Heat Wave (Lv 60); Stone Edge (Lv 66); Magma Storm (Lv 72)
486,Regigigas,Normal,,110,160,110,80,110,100,670,Pound (Lv 1); Confuse Ray (Lv 1); Payback (Lv 6); Facade (Lv 12); Stomp (Lv 18); Protect (Lv 24); Knock Off (Lv 30); Mega Punch (Lv 36); Body Press (Lv 42); Wide Guard (Lv 48); Zen Headbutt (Lv 54); Heavy Slam (Lv 60); Hammer Arm (Lv 66); Giga Impact (Lv 72); Crush Grip (Lv 78)
487,Giratina,Ghost,Dragon,150,100,120,100,120,90,680,Shadow Sneak (Lv 1); Defog (Lv 1); Dragon Breath (Lv 7); Ancient Power (Lv 14); Hex (Lv 21); Slash (Lv 28); Scary Face (Lv 35); Shadow Claw (Lv 42); Pain Split (Lv 49); Aura Sphere (Lv 56); Dragon Claw (Lv 63); Earth Power (Lv 70); Shadow Force (Lv 77); Destiny Bond (Lv 84)
488,Cresselia,Psychic,,120,70,110,75,120,85,580,Confusion (Lv 1); Double Team (Lv 1); Mist (Lv 6); Aurora Beam (Lv 12); Psybeam (Lv 18); Ally Switch (Lv 24); Slash (Lv 30); Psycho Cut (Lv 36); Moonlight (Lv 42); Safeguard (Lv 48); Psychic (Lv 54); Moonblast (Lv 60); Future Sight (Lv 66); Lunar Dance (Lv 72); Lunar Blessing (Lv 72)
489,Phione,Water,,80,80,80,80,80,80,480,Water Gun (Lv 1); Charm (Lv 9); Supersonic (Lv 16); Bubble Beam (Lv 24); Acid Armor (Lv 31); Whirlpool (Lv 39); Water Pulse (Lv 46); Aqua Ring (Lv 54); Dive (Lv 61); Rain Dance (Lv 69); Take Heart (Lv 75)
490,Manaphy,Water,,100,100,100,100,100,100,600,Water Gun (Lv 1); Tail Glow (Lv 1); Heart Swap (Lv 1); Charm (Lv 9); Supersonic (Lv 16); Bubble Beam (Lv 24); Acid Armor (Lv 31); Whirlpool (Lv 39); Water Pulse (Lv 46); Aqua Ring (Lv 54); Dive (Lv 61); Rain Dance (Lv 69); Take Heart (Lv 76)
491,Darkrai,Dark,,70,90,90,135,90,125,600,Disable (Lv 1); Quick Attack (Lv 11); Hypnosis (Lv 20); Sucker Punch (Lv 29); Night Shade (Lv 38); Double Team (Lv 47); Haze (Lv 57); Dark Void (Lv 66); Nasty Plot (Lv 75); Dream Eater (Lv 84); Dark Pulse (Lv 93)
492,Shaymin,Grass,,100,100,100,100,100,100,600,Growth (Lv 1); Magical Leaf (Lv 10); Leech Seed (Lv 19); Synthesis (Lv 28); Sweet Scent (Lv 37); Play Rough (Lv 46); Worry Seed (Lv 55); Grassy Terrain (Lv 64); Energy Ball (Lv 73); Sweet Kiss (Lv 82); Healing Wish (Lv 91); Seed Flare (Lv 100)
493,Arceus,Normal,,120,120,120,120,120,120,720,Seismic Toss (Lv 1); Cosmic Power (Lv 1); Gravity (Lv 10); Earth Power (Lv 20); Hyper Voice (Lv 30); Extreme Speed (Lv 40); Healing Wish (Lv 50); Future Sight (Lv 60); Recover (Lv 70); Hyper Beam (Lv 80); Perish Song (Lv 90); Judgment (Lv 100)
494,Victini,Psychic,Fire,100,100,100,100,100,100,600,V-create (Lv 1); Quick Attack (Lv 1); Flame Charge (Lv 1); Confusion (Lv 1); Focus Energy (Lv 1); Work Up (Lv 7); Incinerate (Lv 14); Stored Power (Lv 21); Headbutt (Lv 28); Endure (Lv 35); Zen Headbutt (Lv 42); Inferno (Lv 49); Reversal (Lv 56); Searing Shot (Lv 63); Double-Edge (Lv 70); Flare Blitz (Lv 77); Overheat (Lv 84); Final Gambit (Lv 91)
495,Snivy,Grass,,45,45,55,45,55,63,308,Tackle (Lv 1); Leer (Lv 4); Vine Whip (Lv 7); Wrap (Lv 10); Growth (Lv 13); Magical Leaf (Lv 16); Leech Seed (Lv 19); Mega Drain (Lv 22); Slam (Lv 25); Leaf Blade (Lv 28); Coil (Lv 31); Giga Drain (Lv 34); Gastro Acid (Lv 37); Leaf Storm (Lv 40)
496,Servine,Grass,,60,60,75,60,75,83,413,Vine Whip (Lv 1); Tackle (Lv 1); Wrap (Lv 1); Leer (Lv 1); Growth (Lv 13); Magical Leaf (Lv 16); Leech Seed (Lv 20); Mega Drain (Lv 24); Slam (Lv 28); Leaf Blade (Lv 32); Coil (Lv 36); Giga Drain (Lv 40); Gastro Acid (Lv 44); Leaf Storm (Lv 48)
497,Serperior,Grass,,75,75,95,75,95,113,528,Vine Whip (Lv 1); Tackle (Lv 1); Wrap (Lv 1); Leer (Lv 1); Growth (Lv 13); Magical Leaf (Lv 16); Leech Seed (Lv 20); Mega Drain (Lv 24); Slam (Lv 28); Leaf Blade (Lv 32); Coil (Lv 38); Giga Drain (Lv 44); Gastro Acid (Lv 50); Leaf Storm (Lv 56)
498,Tepig,Fire,,65,63,45,45,45,45,308,Tackle (Lv 1); Tail Whip (Lv 3); Ember (Lv 7); Endure (Lv 9); Defense Curl (Lv 13); Flame Charge (Lv 15); Smog (Lv 19); Rollout (Lv 21); Take Down (Lv 25); Heat Crash (Lv 27); Assurance (Lv 31); Flamethrower (Lv 33); Head Smash (Lv 37); Roar (Lv 39); Flare Blitz (Lv 43)
499,Pignite,Fire,Fighting,90,93,55,70,55,55,418,Arm Thrust (Lv 0); Tackle (Lv 1); Tail Whip (Lv 1); Ember (Lv 1); Endure (Lv 1); Defense Curl (Lv 13); Flame Charge (Lv 15); Smog (Lv 20); Rollout (Lv 23); Take Down (Lv 28); Heat Crash (Lv 31); Assurance (Lv 36); Flamethrower (Lv 39); Head Smash (Lv 44); Roar (Lv 47); Flare Blitz (Lv 52)
500,Emboar,Fire,Fighting,110,123,65,100,65,65,528,Tackle (Lv 1); Tail Whip (Lv 1); Ember (Lv 1); Arm Thrust (Lv 1); Defense Curl (Lv 13); Flame Charge (Lv 15); Smog (Lv 20); Rollout (Lv 23); Take Down (Lv 28); Heat Crash (Lv 31); Assurance (Lv 38); Flamethrower (Lv 43); Head Smash (Lv 50); Roar (Lv 55); Flare Blitz (Lv 62)
501,Oshawott,Water,,55,55,45,63,45,45,308,Tackle (Lv 1); Tail Whip (Lv 5); Water Gun (Lv 7); Soak (Lv 11); Focus Energy (Lv 13); Razor Shell (Lv 17); Fury Cutter (Lv 19); Water Pulse (Lv 23); Aerial Ace (Lv 25); Aqua Jet (Lv 29); Encore (Lv 31); Aqua Tail (Lv 35); Retaliate (Lv 37); Swords Dance (Lv 41); Hydro Pump (Lv 43)
502,Dewott,Water,,75,75,60,83,60,60,413,Tackle (Lv 1); Tail Whip (Lv 1); Water Gun (Lv 1); Soak (Lv 1); Focus Energy (Lv 13); Razor Shell (Lv 18); Fury Cutter (Lv 21); Water Pulse (Lv 26); Aerial Ace (Lv 29); Aqua Jet (Lv 34); Encore (Lv 37); Aqua Tail (Lv 42); Retaliate (Lv 45); Swords Dance (Lv 50); Hydro Pump (Lv 53)
503,Samurott,Water,,95,100,85,108,70,70,528,Slash (Lv 0); Megahorn (Lv 1); Tackle (Lv 1); Tail Whip (Lv 1); Water Gun (Lv 1); Soak (Lv 1); Focus Energy (Lv 13); Razor Shell (Lv 18); Fury Cutter (Lv 21); Water Pulse (Lv 25); Aerial Ace (Lv 29); Aqua Jet (Lv 34); Encore (Lv 39); Aqua Tail (Lv 46); Retaliate (Lv 51); Swords Dance (Lv 58); Hydro Pump (Lv 63)
504,Patrat,Normal,,45,55,39,35,39,42,255,Tackle (Lv 1); Leer (Lv 3); Bite (Lv 6); Bide (Lv 8); Detect (Lv 11); Sand Attack (Lv 13); Crunch (Lv 16); Hypnosis (Lv 18); Super Fang (Lv 21); After You (Lv 23); Focus Energy (Lv 26); Work Up (Lv 28); Hyper Fang (Lv 31); Nasty Plot (Lv 33); Mean Look (Lv 36); Baton Pass (Lv 38); Slam (Lv 41)
505,Watchog,Normal,,60,85,69,60,69,77,420,Confuse Ray (Lv 0); Rototiller (Lv 1); Tackle (Lv 1); Leer (Lv 1); Bite (Lv 1); Low Kick (Lv 1); Bide (Lv 8); Detect (Lv 11); Sand Attack (Lv 13); Crunch (Lv 16); Hypnosis (Lv 18); Super Fang (Lv 22); After You (Lv 25); Focus Energy (Lv 29); Psych Up (Lv 32); Hyper Fang (Lv 36); Nasty Plot (Lv 39); Mean Look (Lv 43); Baton Pass (Lv 46); Slam (Lv 50)
506,Lillipup,Normal,,45,60,45,25,45,55,275,Tackle (Lv 1); Leer (Lv 1); Work Up (Lv 4); Bite (Lv 8); Retaliate (Lv 12); Baby-Doll Eyes (Lv 17); Play Rough (Lv 20); Crunch (Lv 24); Take Down (Lv 28); Helping Hand (Lv 32); Reversal (Lv 36); Roar (Lv 40); Last Resort (Lv 44); Giga Impact (Lv 48)
507,Herdier,Normal,,65,80,65,35,65,60,370,Tackle (Lv 1); Leer (Lv 1); Work Up (Lv 1); Bite (Lv 1); Retaliate (Lv 12); Baby-Doll Eyes (Lv 19); Play Rough (Lv 24); Crunch (Lv 30); Take Down (Lv 36); Helping Hand (Lv 42); Reversal (Lv 48); Roar (Lv 54); Last Resort (Lv 60); Giga Impact (Lv 66)
508,Stoutland,Normal,,85,110,90,45,90,80,500,Ice Fang (Lv 1); Fire Fang (Lv 1); Thunder Fang (Lv 1); Tackle (Lv 1); Leer (Lv 1); Work Up (Lv 1); Bite (Lv 1); Retaliate (Lv 12); Baby-Doll Eyes (Lv 19); Play Rough (Lv 24); Crunch (Lv 30); Take Down (Lv 38); Helping Hand (Lv 46); Reversal (Lv 54); Roar (Lv 62); Last Resort (Lv 70); Giga Impact (Lv 78)
509,Purrloin,Dark,,41,50,37,50,37,66,281,Scratch (Lv 1); Growl (Lv 1); Sand Attack (Lv 4); Fake Out (Lv 5); Fury Swipes (Lv 12); Torment (Lv 16); Assurance (Lv 21); Hone Claws (Lv 24); Sucker Punch (Lv 28); Nasty Plot (Lv 32); Night Slash (Lv 36); Play Rough (Lv 40)
510,Liepard,Dark,,64,88,50,88,50,106,446,Scratch (Lv 1); Growl (Lv 1); Sand Attack (Lv 1); Fake Out (Lv 1); Fury Swipes (Lv 12); Torment (Lv 16); Assurance (Lv 23); Hone Claws (Lv 28); Sucker Punch (Lv 34); Nasty Plot (Lv 40); Night Slash (Lv 46); Play Rough (Lv 52)
511,Pansage,Grass,,50,53,48,53,48,64,316,Scratch (Lv 1); Play Nice (Lv 1); Leer (Lv 4); Lick (Lv 7); Vine Whip (Lv 10); Fury Swipes (Lv 13); Leech Seed (Lv 16); Bite (Lv 19); Seed Bomb (Lv 22); Torment (Lv 25); Fling (Lv 28); Acrobatics (Lv 31); Grass Knot (Lv 34); Recycle (Lv 37); Natural Gift (Lv 40); Crunch (Lv 43)
512,Simisage,Grass,,75,98,63,98,63,101,498,Leer (Lv 1); Lick (Lv 1); Fury Swipes (Lv 1); Seed Bomb (Lv 1)
513,Pansear,Fire,,50,53,48,53,48,64,316,Scratch (Lv 1); Play Nice (Lv 1); Leer (Lv 4); Lick (Lv 7); Incinerate (Lv 10); Fury Swipes (Lv 13); Yawn (Lv 16); Bite (Lv 19); Flame Burst (Lv 22); Amnesia (Lv 25); Fling (Lv 28); Acrobatics (Lv 31); Fire Blast (Lv 34); Recycle (Lv 37); Natural Gift (Lv 40); Crunch (Lv 43)
514,Simisear,Fire,,75,98,63,98,63,101,498,Leer (Lv 1); Lick (Lv 1); Fury Swipes (Lv 1); Flame Burst (Lv 1)
515,Panpour,Water,,50,53,48,53,48,64,316,Scratch (Lv 1); Play Nice (Lv 1); Leer (Lv 4); Lick (Lv 7); Water Gun (Lv 10); Fury Swipes (Lv 13); Water Sport (Lv 16); Bite (Lv 19); Scald (Lv 22); Taunt (Lv 25); Fling (Lv 28); Acrobatics (Lv 31); Brine (Lv 34); Recycle (Lv 37); Natural Gift (Lv 40); Crunch (Lv 43)
516,Simipour,Water,,75,98,63,98,63,101,498,Leer (Lv 1); Lick (Lv 1); Fury Swipes (Lv 1); Scald (Lv 1)
517,Munna,Psychic,,76,25,45,67,55,24,292,Stored Power (Lv 1); Defense Curl (Lv 1); Hypnosis (Lv 4); Psybeam (Lv 8); Imprison (Lv 12); Moonlight (Lv 16); Magic Coat (Lv 20); Zen Headbutt (Lv 24); Calm Mind (Lv 28); Yawn (Lv 32); Psychic (Lv 36); Moonblast (Lv 40); Dream Eater (Lv 44); Future Sight (Lv 48); Wonder Room (Lv 52)
518,Musharna,Psychic,,116,55,85,107,95,29,487,Psychic Terrain (Lv 1); Imprison (Lv 1); Moonlight (Lv 1); Magic Coat (Lv 1); Zen Headbutt (Lv 1); Calm Mind (Lv 1); Yawn (Lv 1); Psychic (Lv 1); Moonblast (Lv 1); Dream Eater (Lv 1); Future Sight (Lv 1); Wonder Room (Lv 1); Stored Power (Lv 1); Defense Curl (Lv 1); Hypnosis (Lv 1); Psybeam (Lv 1)
519,Pidove,Normal,Flying,50,55,50,36,30,43,264,Gust (Lv 1); Growl (Lv 1); Leer (Lv 4); Quick Attack (Lv 8); Taunt (Lv 12); Air Cutter (Lv 16); Swagger (Lv 20); Feather Dance (Lv 24); Detect (Lv 28); Air Slash (Lv 32); Roost (Lv 36); Tailwind (Lv 40); Sky Attack (Lv 44)
520,Tranquill,Normal,Flying,62,77,62,50,42,65,358,Gust (Lv 1); Growl (Lv 1); Leer (Lv 1); Quick Attack (Lv 1); Taunt (Lv 12); Air Cutter (Lv 16); Swagger (Lv 20); Feather Dance (Lv 26); Detect (Lv 34); Air Slash (Lv 38); Roost (Lv 44); Tailwind (Lv 50); Sky Attack (Lv 56)
521,Unfezant,Normal,Flying,80,115,80,65,55,93,488,Gust (Lv 1); Growl (Lv 1); Leer (Lv 1); Quick Attack (Lv 1); Taunt (Lv 12); Air Cutter (Lv 16); Swagger (Lv 20); Feather Dance (Lv 26); Detect (Lv 36); Air Slash (Lv 42); Roost (Lv 50); Tailwind (Lv 58); Sky Attack (Lv 66)
522,Blitzle,Electric,,45,60,32,50,32,76,295,Quick Attack (Lv 1); Tail Whip (Lv 4); Charge (Lv 8); Shock Wave (Lv 11); Thunder Wave (Lv 15); Flame Charge (Lv 18); Spark (Lv 22); Stomp (Lv 25); Discharge (Lv 29); Agility (Lv 33); Wild Charge (Lv 35); Thrash (Lv 40)
523,Zebstrika,Electric,,75,100,63,80,63,116,497,Tail Whip (Lv 1); Thunder Wave (Lv 1); Quick Attack (Lv 1); Charge (Lv 1); Shock Wave (Lv 11); Flame Charge (Lv 18); Spark (Lv 25); Stomp (Lv 31); Discharge (Lv 36); Agility (Lv 42); Wild Charge (Lv 47); Thrash (Lv 53)
524,Roggenrola,Rock,,55,75,85,25,25,15,280,Sand Attack (Lv 1); Tackle (Lv 1); Harden (Lv 4); Stealth Rock (Lv 8); Mud-Slap (Lv 12); Smack Down (Lv 16); Iron Defense (Lv 20); Headbutt (Lv 24); Rock Slide (Lv 28); Rock Blast (Lv 32); Sandstorm (Lv 36); Stone Edge (Lv 40); Explosion (Lv 44)
525,Boldore,Rock,,70,105,105,50,40,20,390,Power Gem (Lv 0); Sand Attack (Lv 1); Tackle (Lv 1); Harden (Lv 1); Stealth Rock (Lv 1); Mud-Slap (Lv 12); Smack Down (Lv 16); Iron Defense (Lv 20); Headbutt (Lv 24); Rock Slide (Lv 30); Rock Blast (Lv 36); Sandstorm (Lv 42); Stone Edge (Lv 48); Explosion (Lv 54)
526,Gigalith,Rock,,85,135,130,60,80,25,515,Power Gem (Lv 1); Sand Attack (Lv 1); Tackle (Lv 1); Harden (Lv 1); Stealth Rock (Lv 1); Mud-Slap (Lv 12); Smack Down (Lv 16); Iron Defense (Lv 20); Headbutt (Lv 24); Rock Slide (Lv 30); Rock Blast (Lv 36); Sandstorm (Lv 42); Stone Edge (Lv 48); Explosion (Lv 54)
527,Woobat,Psychic,Flying,65,45,43,55,43,72,323,Gust (Lv 1); Attract (Lv 1); Confusion (Lv 5); Endeavor (Lv 10); Air Cutter (Lv 15); Imprison (Lv 20); Assurance (Lv 25); Amnesia (Lv 30); Air Slash (Lv 35); Psychic (Lv 40); Calm Mind (Lv 45); Future Sight (Lv 50); Simple Beam (Lv 55)
528,Swoobat,Psychic,Flying,67,57,55,77,55,114,425,Gust (Lv 1); Attract (Lv 1); Confusion (Lv 1); Endeavor (Lv 1); Air Cutter (Lv 15); Imprison (Lv 20); Assurance (Lv 25); Amnesia (Lv 30); Air Slash (Lv 35); Psychic (Lv 40); Calm Mind (Lv 45); Future Sight (Lv 50); Simple Beam (Lv 55)
529,Drilbur,Ground,,60,85,40,30,45,68,328,Mud-Slap (Lv 1); Rapid Spin (Lv 1); Scratch (Lv 4); Hone Claws (Lv 8); Fury Swipes (Lv 12); Metal Claw (Lv 16); Sandstorm (Lv 20); Crush Claw (Lv 24); Rock Slide (Lv 28); Dig (Lv 32); Swords Dance (Lv 36); Drill Run (Lv 40); Earthquake (Lv 44); Fissure (Lv 48)
530,Excadrill,Ground,Steel,110,135,60,50,65,88,508,Horn Drill (Lv 0); Scratch (Lv 1); Mud-Slap (Lv 1); Rapid Spin (Lv 1); Hone Claws (Lv 1); Fury Swipes (Lv 12); Metal Claw (Lv 16); Sandstorm (Lv 20); Crush Claw (Lv 24); Rock Slide (Lv 28); Dig (Lv 34); Swords Dance (Lv 40); Drill Run (Lv 46); Earthquake (Lv 52); Fissure (Lv 58)
531,Audino,Normal,,103,60,86,60,86,50,445,Pound (Lv 1); Play Nice (Lv 1); Disarming Voice (Lv 4); Baby-Doll Eyes (Lv 9); Helping Hand (Lv 12); Growl (Lv 16); Zen Headbutt (Lv 20); Life Dew (Lv 24); After You (Lv 28); Take Down (Lv 32); Simple Beam (Lv 36); Hyper Voice (Lv 40); Heal Pulse (Lv 44); Double-Edge (Lv 48); Entrainment (Lv 52); Misty Terrain (Lv 56); Last Resort (Lv 60)
532,Timburr,Fighting,,75,80,55,25,35,35,305,Pound (Lv 1); Leer (Lv 1); Low Kick (Lv 4); Rock Throw (Lv 8); Focus Energy (Lv 12); Bulk Up (Lv 16); Rock Slide (Lv 20); Slam (Lv 24); Scary Face (Lv 28); Dynamic Punch (Lv 32); Hammer Arm (Lv 36); Stone Edge (Lv 40); Superpower (Lv 44); Focus Punch (Lv 48)
533,Gurdurr,Fighting,,85,105,85,40,50,40,405,Pound (Lv 1); Leer (Lv 1); Low Kick (Lv 1); Rock Throw (Lv 1); Focus Energy (Lv 12); Bulk Up (Lv 16); Rock Slide (Lv 20); Slam (Lv 24); Scary Face (Lv 30); Dynamic Punch (Lv 36); Hammer Arm (Lv 42); Stone Edge (Lv 48); Superpower (Lv 54); Focus Punch (Lv 60)
534,Conkeldurr,Fighting,,105,140,95,55,65,45,505,Pound (Lv 1); Leer (Lv 1); Low Kick (Lv 1); Rock Throw (Lv 1); Focus Energy (Lv 12); Bulk Up (Lv 16); Rock Slide (Lv 20); Slam (Lv 24); Scary Face (Lv 30); Dynamic Punch (Lv 36); Hammer Arm (Lv 42); Stone Edge (Lv 48); Superpower (Lv 54); Focus Punch (Lv 60)
535,Tympole,Water,,50,50,40,50,40,64,294,Echoed Voice (Lv 1); Growl (Lv 1); Acid (Lv 4); Supersonic (Lv 8); Mud Shot (Lv 12); Round (Lv 16); Bubble Beam (Lv 20); Flail (Lv 24); Uproar (Lv 28); Aqua Ring (Lv 32); Hyper Voice (Lv 36); Muddy Water (Lv 40); Rain Dance (Lv 44); Hydro Pump (Lv 48)
536,Palpitoad,Water,Ground,75,65,55,65,55,69,384,Echoed Voice (Lv 1); Growl (Lv 1); Acid (Lv 1); Supersonic (Lv 1); Mud Shot (Lv 12); Round (Lv 16); Bubble Beam (Lv 20); Flail (Lv 24); Uproar (Lv 30); Aqua Ring (Lv 37); Hyper Voice (Lv 42); Muddy Water (Lv 48); Rain Dance (Lv 54); Hydro Pump (Lv 60)
537,Seismitoad,Water,Ground,105,95,75,85,75,74,509,Drain Punch (Lv 0); Gastro Acid (Lv 1); Echoed Voice (Lv 1); Growl (Lv 1); Acid (Lv 1); Supersonic (Lv 1); Mud Shot (Lv 12); Round (Lv 16); Bubble Beam (Lv 20); Flail (Lv 24); Uproar (Lv 30); Aqua Ring (Lv 39); Hyper Voice (Lv 46); Muddy Water (Lv 54); Rain Dance (Lv 62); Hydro Pump (Lv 70)
538,Throh,Fighting,,120,100,85,30,85,45,465,Bind (Lv 1); Leer (Lv 1); Focus Energy (Lv 5); Circle Throw (Lv 10); Wide Guard (Lv 15); Revenge (Lv 20); Bulk Up (Lv 25); Storm Throw (Lv 30); Vital Throw (Lv 35); Seismic Toss (Lv 40); Endure (Lv 45); Reversal (Lv 50); Superpower (Lv 55)
539,Sawk,Fighting,,75,125,75,30,75,85,465,Rock Smash (Lv 1); Leer (Lv 1); Focus Energy (Lv 5); Double Kick (Lv 10); Quick Guard (Lv 15); Low Sweep (Lv 20); Bulk Up (Lv 25); Retaliate (Lv 30); Brick Break (Lv 35); Counter (Lv 40); Endure (Lv 45); Reversal (Lv 50); Close Combat (Lv 55)
540,Sewaddle,Bug,Grass,45,53,70,40,60,42,310,Tackle (Lv 1); String Shot (Lv 1); Bug Bite (Lv 8); Razor Leaf (Lv 15); Struggle Bug (Lv 22); Endure (Lv 29); Sticky Web (Lv 31); Bug Buzz (Lv 36); Flail (Lv 43)
541,Swadloon,Bug,Grass,55,63,90,50,80,42,380,Protect (Lv 0); Tackle (Lv 1); Razor Leaf (Lv 1); String Shot (Lv 1); Bug Bite (Lv 1); Struggle Bug (Lv 22); Endure (Lv 29); Sticky Web (Lv 31); Bug Buzz (Lv 36); Flail (Lv 43)
542,Leavanny,Bug,Grass,75,103,80,70,80,92,500,Slash (Lv 0); Tackle (Lv 1); Razor Leaf (Lv 1); String Shot (Lv 1); False Swipe (Lv 1); Struggle Bug (Lv 22); Fell Stinger (Lv 29); Helping Hand (Lv 32); Leaf Blade (Lv 36); X-Scissor (Lv 39); Entrainment (Lv 43); Swords Dance (Lv 46); Leaf Storm (Lv 50)
543,Venipede,Bug,Poison,30,45,59,30,39,57,260,Poison Sting (Lv 1); Defense Curl (Lv 1); Rollout (Lv 4); Protect (Lv 8); Poison Tail (Lv 12); Screech (Lv 16); Bug Bite (Lv 20); Venoshock (Lv 24); Take Down (Lv 28); Agility (Lv 32); Toxic (Lv 36); Venom Drench (Lv 40); Double-Edge (Lv 44)
544,Whirlipede,Bug,Poison,40,55,99,40,79,47,360,Iron Defense (Lv 0); Poison Sting (Lv 1); Defense Curl (Lv 1); Rollout (Lv 1); Protect (Lv 1); Poison Tail (Lv 12); Screech (Lv 16); Bug Bite (Lv 20); Venoshock (Lv 26); Take Down (Lv 32); Agility (Lv 38); Toxic (Lv 44); Venom Drench (Lv 50); Double-Edge (Lv 56)
545,Scolipede,Bug,Poison,60,100,89,55,69,112,485,Iron Defense (Lv 1); Baton Pass (Lv 1); Poison Sting (Lv 1); Defense Curl (Lv 1); Rollout (Lv 1); Protect (Lv 1); Poison Tail (Lv 12); Screech (Lv 16); Bug Bite (Lv 20); Venoshock (Lv 26); Take Down (Lv 34); Agility (Lv 42); Toxic (Lv 50); Venom Drench (Lv 58); Double-Edge (Lv 66); Megahorn (Lv 74)
546,Cottonee,Grass,Fairy,40,27,60,37,50,66,280,Helping Hand (Lv 1); Absorb (Lv 1); Fairy Wind (Lv 3); Stun Spore (Lv 6); Mega Drain (Lv 12); Razor Leaf (Lv 15); Growth (Lv 18); Poison Powder (Lv 21); Giga Drain (Lv 24); Charm (Lv 27); Leech Seed (Lv 30); Cotton Spore (Lv 33); Energy Ball (Lv 36); Sunny Day (Lv 39); Endeavor (Lv 42); Cotton Guard (Lv 45); Solar Beam (Lv 48)
547,Whimsicott,Grass,Fairy,60,67,85,77,75,116,480,Moonblast (Lv 1); Hurricane (Lv 1); Cotton Guard (Lv 1); Energy Ball (Lv 1); Tailwind (Lv 1); Endeavor (Lv 1); Helping Hand (Lv 1); Memento (Lv 1); Sunny Day (Lv 1); Charm (Lv 1); Giga Drain (Lv 1); Cotton Spore (Lv 1); Stun Spore (Lv 1); Poison Powder (Lv 1); Solar Beam (Lv 1); Razor Leaf (Lv 1); Growth (Lv 1); Leech Seed (Lv 1); Mega Drain (Lv 1); Absorb (Lv 1); Fairy Wind (Lv 1); Gust (Lv 1)
548,Petilil,Grass,,45,35,50,70,50,30,280,Absorb (Lv 1); Growth (Lv 1); Helping Hand (Lv 3); Stun Spore (Lv 6); Mega Drain (Lv 9); Charm (Lv 12); Magical Leaf (Lv 15); Sleep Powder (Lv 18); Giga Drain (Lv 21); Leech Seed (Lv 24); After You (Lv 27); Energy Ball (Lv 30); Synthesis (Lv 33); Sunny Day (Lv 36); Entrainment (Lv 39); Leaf Storm (Lv 42)
549,Lilligant,Grass,,70,60,75,110,75,90,480,Petal Dance (Lv 0); Petal Blizzard (Lv 1); Entrainment (Lv 1); Quiver Dance (Lv 1); Leaf Storm (Lv 1); Energy Ball (Lv 1); Teeter Dance (Lv 1); Helping Hand (Lv 1); Sunny Day (Lv 1); Synthesis (Lv 1); Charm (Lv 1); Giga Drain (Lv 1); Sleep Powder (Lv 1); Stun Spore (Lv 1); Growth (Lv 1); Leech Seed (Lv 1); Mega Drain (Lv 1); After You (Lv 1); Absorb (Lv 1); Magical Leaf (Lv 5)
550,Basculin,Water,,70,92,65,80,55,98,460,Tail Whip (Lv 1); Water Gun (Lv 1); Tackle (Lv 4); Flail (Lv 8); Aqua Jet (Lv 12); Bite (Lv 16); Scary Face (Lv 20); Headbutt (Lv 24); Soak (Lv 28); Crunch (Lv 32); Take Down (Lv 36); Final Gambit (Lv 40); Wave Crash (Lv 44); Thrash (Lv 48); Double-Edge (Lv 52); Head Smash (Lv 56)
551,Sandile,Ground,Dark,50,72,35,35,35,65,292,Leer (Lv 1); Power Trip (Lv 1); Sand Attack (Lv 3); Hone Claws (Lv 6); Sand Tomb (Lv 9); Scary Face (Lv 12); Bite (Lv 15); Torment (Lv 18); Dig (Lv 21); Swagger (Lv 24); Crunch (Lv 27); Sandstorm (Lv 30); Foul Play (Lv 33); Earthquake (Lv 36); Thrash (Lv 39)
552,Krokorok,Ground,Dark,60,82,45,45,45,74,351,Sand Attack (Lv 1); Leer (Lv 1); Hone Claws (Lv 1); Power Trip (Lv 1); Sand Tomb (Lv 9); Scary Face (Lv 12); Bite (Lv 15); Torment (Lv 18); Dig (Lv 21); Swagger (Lv 24); Crunch (Lv 27); Sandstorm (Lv 32); Foul Play (Lv 35); Earthquake (Lv 42); Thrash (Lv 47)
553,Krookodile,Ground,Dark,95,117,80,65,70,92,519,Sand Attack (Lv 1); Leer (Lv 1); Hone Claws (Lv 1); Power Trip (Lv 1); Sand Tomb (Lv 9); Scary Face (Lv 12); Bite (Lv 15); Torment (Lv 18); Dig (Lv 21); Swagger (Lv 24); Crunch (Lv 27); Sandstorm (Lv 32); Foul Play (Lv 35); Earthquake (Lv 44); Thrash (Lv 51); Outrage (Lv 58)
554,Darumaka,Fire,,70,90,45,15,45,50,315,Ember (Lv 1); Tackle (Lv 1); Taunt (Lv 4); Bite (Lv 8); Incinerate (Lv 12); Work Up (Lv 16); Fire Fang (Lv 20); Headbutt (Lv 24); Fire Punch (Lv 28); Uproar (Lv 32); Belly Drum (Lv 36); Flare Blitz (Lv 40); Thrash (Lv 44); Superpower (Lv 48)
555,Darmanitan,Fire,,105,140,55,30,55,95,480,Hammer Arm (Lv 0); Ember (Lv 1); Tackle (Lv 1); Taunt (Lv 1); Bite (Lv 1); Incinerate (Lv 12); Work Up (Lv 16); Fire Fang (Lv 20); Headbutt (Lv 24); Fire Punch (Lv 28); Uproar (Lv 32); Belly Drum (Lv 38); Flare Blitz (Lv 44); Thrash (Lv 50); Superpower (Lv 56)
556,Maractus,Grass,,75,86,67,106,67,60,461,Spiky Shield (Lv 1); Peck (Lv 1); Absorb (Lv 1); After You (Lv 1); Ingrain (Lv 1); Growth (Lv 4); Mega Drain (Lv 8); Leech Seed (Lv 12); Sucker Punch (Lv 16); Pin Missile (Lv 20); Giga Drain (Lv 24); Sweet Scent (Lv 28); Synthesis (Lv 32); Petal Blizzard (Lv 36); Cotton Spore (Lv 40); Sunny Day (Lv 44); Solar Beam (Lv 48); Acupressure (Lv 52); Petal Dance (Lv 56); Cotton Guard (Lv 60)
557,Dwebble,Bug,Rock,50,65,85,35,35,55,325,Fury Cutter (Lv 1); Sand Attack (Lv 1); Withdraw (Lv 4); Smack Down (Lv 8); Bug Bite (Lv 12); Flail (Lv 16); Slash (Lv 20); Rock Slide (Lv 24); Stealth Rock (Lv 28); Rock Blast (Lv 32); X-Scissor (Lv 36); Rock Polish (Lv 40); Shell Smash (Lv 44); Rock Wrecker (Lv 48)
558,Crustle,Bug,Rock,70,105,125,65,75,45,485,Fury Cutter (Lv 1); Sand Attack (Lv 1); Withdraw (Lv 1); Smack Down (Lv 1); Bug Bite (Lv 12); Flail (Lv 16); Slash (Lv 20); Rock Slide (Lv 24); Stealth Rock (Lv 28); Rock Blast (Lv 32); X-Scissor (Lv 38); Rock Polish (Lv 44); Shell Smash (Lv 50); Rock Wrecker (Lv 56)
559,Scraggy,Dark,Fighting,50,75,70,35,70,48,348,Leer (Lv 1); Low Kick (Lv 1); Payback (Lv 4); Headbutt (Lv 8); Sand Attack (Lv 12); Facade (Lv 16); Torment (Lv 20); Beat Up (Lv 24); Scary Face (Lv 28); Brick Break (Lv 32); Swagger (Lv 36); Crunch (Lv 40); High Jump Kick (Lv 44); Focus Punch (Lv 48); Head Smash (Lv 52)
560,Scrafty,Dark,Fighting,65,90,115,45,115,58,488,Headbutt (Lv 1); Leer (Lv 1); Low Kick (Lv 1); Payback (Lv 1); Sand Attack (Lv 12); Facade (Lv 16); Torment (Lv 20); Beat Up (Lv 24); Scary Face (Lv 28); Brick Break (Lv 32); Swagger (Lv 36); Crunch (Lv 42); High Jump Kick (Lv 48); Focus Punch (Lv 54); Head Smash (Lv 60)
561,Sigilyph,Psychic,Flying,72,58,80,103,80,97,490,Gust (Lv 1); Confusion (Lv 1); Gravity (Lv 5); Hypnosis (Lv 10); Air Cutter (Lv 15); Psybeam (Lv 20); Whirlwind (Lv 25); Cosmic Power (Lv 30); Air Slash (Lv 35); Psychic (Lv 40); Tailwind (Lv 45); Light Screen (Lv 50); Reflect (Lv 50); Sky Attack (Lv 55); Skill Swap (Lv 60)
562,Yamask,Ghost,,38,30,85,55,65,30,303,Astonish (Lv 1); Protect (Lv 1); Haze (Lv 4); Night Shade (Lv 8); Disable (Lv 12); Will-O-Wisp (Lv 16); Crafty Shield (Lv 20); Hex (Lv 24); Mean Look (Lv 28); Grudge (Lv 32); Curse (Lv 36); Shadow Ball (Lv 40); Dark Pulse (Lv 44); Power Split (Lv 48); Guard Split (Lv 48); Destiny Bond (Lv 52)
563,Cofagrigus,Ghost,,58,50,145,95,105,30,483,Shadow Claw (Lv 0); Scary Face (Lv 1); Astonish (Lv 1); Protect (Lv 1); Haze (Lv 1); Night Shade (Lv 1); Disable (Lv 12); Will-O-Wisp (Lv 16); Crafty Shield (Lv 20); Hex (Lv 24); Mean Look (Lv 28); Grudge (Lv 32); Curse (Lv 38); Shadow Ball (Lv 44); Dark Pulse (Lv 50); Power Split (Lv 56); Guard Split (Lv 56); Destiny Bond (Lv 62)
564,Tirtouga,Water,Rock,54,78,103,53,45,22,355,Water Gun (Lv 1); Withdraw (Lv 1); Protect (Lv 3); Aqua Jet (Lv 6); Smack Down (Lv 9); Ancient Power (Lv 12); Bite (Lv 15); Wide Guard (Lv 18); Brine (Lv 21); Rock Slide (Lv 24); Crunch (Lv 27); Curse (Lv 30); Iron Defense (Lv 33); Aqua Tail (Lv 36); Rain Dance (Lv 39); Hydro Pump (Lv 42); Shell Smash (Lv 45)
565,Carracosta,Water,Rock,74,108,133,83,65,32,495,Water Gun (Lv 1); Withdraw (Lv 1); Protect (Lv 1); Aqua Jet (Lv 1); Smack Down (Lv 9); Ancient Power (Lv 12); Bite (Lv 15); Wide Guard (Lv 18); Brine (Lv 21); Rock Slide (Lv 24); Crunch (Lv 27); Curse (Lv 30); Iron Defense (Lv 33); Aqua Tail (Lv 36); Rain Dance (Lv 41); Hydro Pump (Lv 46); Shell Smash (Lv 51)
566,Archen,Rock,Flying,55,112,45,74,45,70,401,Quick Attack (Lv 1); Leer (Lv 1); Rock Throw (Lv 3); Wing Attack (Lv 6); Dragon Breath (Lv 9); Ancient Power (Lv 12); Pluck (Lv 15); Quick Guard (Lv 18); U-turn (Lv 21); Rock Slide (Lv 24); Scary Face (Lv 27); Crunch (Lv 30); Agility (Lv 33); Tailwind (Lv 36); Dragon Claw (Lv 39); Thrash (Lv 42); Endeavor (Lv 45)
567,Archeops,Rock,Flying,75,140,65,112,65,110,567,Quick Attack (Lv 1); Leer (Lv 1); Rock Throw (Lv 1); Wing Attack (Lv 1); Dragon Breath (Lv 9); Ancient Power (Lv 12); Pluck (Lv 15); Quick Guard (Lv 18); U-turn (Lv 21); Rock Slide (Lv 24); Scary Face (Lv 27); Crunch (Lv 30); Agility (Lv 33); Tailwind (Lv 36); Dragon Claw (Lv 41); Thrash (Lv 46); Endeavor (Lv 51)
568,Trubbish,Poison,,50,50,62,40,62,65,329,Pound (Lv 1); Poison Gas (Lv 1); Recycle (Lv 3); Acid Spray (Lv 6); Amnesia (Lv 9); Clear Smog (Lv 12); Toxic Spikes (Lv 15); Sludge (Lv 18); Stockpile (Lv 21); Swallow (Lv 21); Take Down (Lv 24); Sludge Bomb (Lv 27); Toxic (Lv 30); Belch (Lv 33); Pain Split (Lv 37); Gunk Shot (Lv 39); Explosion (Lv 42)
569,Garbodor,Poison,,80,95,82,60,82,75,474,Pound (Lv 1); Take Down (Lv 1); Metal Claw (Lv 1); Poison Gas (Lv 1); Recycle (Lv 1); Acid Spray (Lv 1); Amnesia (Lv 9); Clear Smog (Lv 12); Toxic Spikes (Lv 15); Sludge (Lv 18); Stockpile (Lv 21); Swallow (Lv 21); Body Slam (Lv 24); Sludge Bomb (Lv 27); Toxic (Lv 30); Belch (Lv 33); Pain Split (Lv 39); Gunk Shot (Lv 43); Explosion (Lv 48)
570,Zorua,Dark,,40,65,40,80,40,65,330,Scratch (Lv 1); Leer (Lv 1); Torment (Lv 4); Hone Claws (Lv 8); Fury Swipes (Lv 12); Scary Face (Lv 16); Taunt (Lv 20); Knock Off (Lv 24); Fake Tears (Lv 28); Agility (Lv 32); Imprison (Lv 36); Night Daze (Lv 40); Nasty Plot (Lv 44); Foul Play (Lv 48)
571,Zoroark,Dark,,60,105,60,120,60,105,510,Night Slash (Lv 0); Scratch (Lv 1); Leer (Lv 1); Torment (Lv 1); U-turn (Lv 1); Hone Claws (Lv 1); Fury Swipes (Lv 12); Taunt (Lv 20); Knock Off (Lv 24); Fake Tears (Lv 28); Agility (Lv 34); Imprison (Lv 40); Night Daze (Lv 46); Nasty Plot (Lv 52); Foul Play (Lv 58)
572,Minccino,Normal,,55,50,40,40,40,75,300,Pound (Lv 1); Baby-Doll Eyes (Lv 1); Helping Hand (Lv 4); Echoed Voice (Lv 8); Sing (Lv 12); Charm (Lv 16); Swift (Lv 20); Encore (Lv 24); After You (Lv 28); Tail Slap (Lv 32); Tickle (Lv 36); Slam (Lv 40); Hyper Voice (Lv 44); Last Resort (Lv 48)
573,Cinccino,Normal,,75,95,60,65,60,115,470,Tail Slap (Lv 0); Pound (Lv 1); Sing (Lv 1); Charm (Lv 1); Bullet Seed (Lv 1)
574,Gothita,Psychic,,45,30,50,55,65,45,290,Pound (Lv 1); Confusion (Lv 1); Play Nice (Lv 4); Tickle (Lv 8); Psybeam (Lv 12); Charm (Lv 16); Psyshock (Lv 20); Hypnosis (Lv 24); Fake Tears (Lv 28); Psych Up (Lv 33); Psychic (Lv 36); Flatter (Lv 40); Future Sight (Lv 44); Magic Room (Lv 48)
575,Gothorita,Psychic,,60,45,70,75,85,55,390,Pound (Lv 1); Confusion (Lv 1); Tickle (Lv 1); Play Nice (Lv 1); Psybeam (Lv 12); Charm (Lv 16); Psyshock (Lv 20); Hypnosis (Lv 24); Fake Tears (Lv 28); Psych Up (Lv 35); Flatter (Lv 46); Future Sight (Lv 52); Magic Room (Lv 58)
576,Gothitelle,Psychic,,70,55,95,95,110,65,490,Confusion (Lv 1); Tickle (Lv 1); Play Nice (Lv 1); Pound (Lv 1); Psybeam (Lv 12); Charm (Lv 16); Psyshock (Lv 20); Hypnosis (Lv 24); Fake Tears (Lv 28); Psych Up (Lv 35); Psychic (Lv 40); Flatter (Lv 48); Future Sight (Lv 56); Magic Room (Lv 64)
577,Solosis,Psychic,,45,30,40,105,50,20,290,Confusion (Lv 1); Protect (Lv 1); Recover (Lv 4); Endeavor (Lv 8); Psybeam (Lv 12); Charm (Lv 16); Psyshock (Lv 20); Light Screen (Lv 24); Reflect (Lv 24); Ally Switch (Lv 28); Pain Split (Lv 33); Psychic (Lv 36); Skill Swap (Lv 40); Future Sight (Lv 44); Wonder Room (Lv 48)
578,Duosion,Psychic,,65,40,50,125,60,30,370,Confusion (Lv 1); Recover (Lv 1); Protect (Lv 1); Endeavor (Lv 1); Psybeam (Lv 12); Charm (Lv 16); Psyshock (Lv 20); Light Screen (Lv 24); Reflect (Lv 24); Ally Switch (Lv 28); Pain Split (Lv 35); Psychic (Lv 40); Skill Swap (Lv 46); Future Sight (Lv 52); Wonder Room (Lv 58)
579,Reuniclus,Psychic,,110,65,75,125,85,30,490,Hammer Arm (Lv 0); Confusion (Lv 1); Recover (Lv 1); Protect (Lv 1); Endeavor (Lv 1); Psybeam (Lv 12); Charm (Lv 16); Psyshock (Lv 20); Light Screen (Lv 24); Reflect (Lv 24); Ally Switch (Lv 28); Pain Split (Lv 35); Psychic (Lv 40); Skill Swap (Lv 48); Future Sight (Lv 56); Wonder Room (Lv 64)
580,Ducklett,Water,Flying,62,44,50,44,50,55,305,Water Gun (Lv 1); Defog (Lv 6); Wing Attack (Lv 9); Water Pulse (Lv 13); Aerial Ace (Lv 15); Bubble Beam (Lv 19); Feather Dance (Lv 21); Aqua Ring (Lv 24); Air Slash (Lv 27); Roost (Lv 30); Rain Dance (Lv 34); Tailwind (Lv 37); Brave Bird (Lv 41); Hurricane (Lv 46)
581,Swanna,Water,Flying,75,87,63,87,63,98,473,Wing Attack (Lv 1); Water Gun (Lv 1); Defog (Lv 1); Water Pulse (Lv 13); Aerial Ace (Lv 15); Bubble Beam (Lv 19); Feather Dance (Lv 21); Aqua Ring (Lv 24); Air Slash (Lv 27); Roost (Lv 30); Rain Dance (Lv 34); Tailwind (Lv 40); Brave Bird (Lv 47); Hurricane (Lv 55)
582,Vanillite,Ice,,36,50,50,65,60,44,305,Astonish (Lv 1); Harden (Lv 1); Taunt (Lv 4); Mist (Lv 8); Icy Wind (Lv 12); Avalanche (Lv 16); Hail (Lv 20); Icicle Spear (Lv 24); Uproar (Lv 28); Acid Armor (Lv 32); Mirror Coat (Lv 36); Ice Beam (Lv 40); Blizzard (Lv 44); Sheer Cold (Lv 48)
583,Vanillish,Ice,,51,65,65,80,75,59,395,Astonish (Lv 1); Harden (Lv 1); Taunt (Lv 1); Mist (Lv 1); Icy Wind (Lv 12); Avalanche (Lv 16); Hail (Lv 20); Icicle Spear (Lv 24); Uproar (Lv 28); Acid Armor (Lv 32); Mirror Coat (Lv 38); Ice Beam (Lv 44); Blizzard (Lv 50); Sheer Cold (Lv 56)
584,Vanilluxe,Ice,,71,95,85,110,95,79,535,Weather Ball (Lv 1); Icicle Crash (Lv 1); Freeze-Dry (Lv 1); Astonish (Lv 1); Harden (Lv 1); Taunt (Lv 1); Mist (Lv 1); Icy Wind (Lv 12); Avalanche (Lv 16); Hail (Lv 20); Icicle Spear (Lv 24); Uproar (Lv 28); Acid Armor (Lv 32); Mirror Coat (Lv 38); Ice Beam (Lv 44); Blizzard (Lv 52); Sheer Cold (Lv 60)
585,Deerling,Normal,Grass,60,60,50,40,50,75,335,Tackle (Lv 1); Growl (Lv 4); Sand Attack (Lv 7); Double Kick (Lv 10); Leech Seed (Lv 13); Bullet Seed (Lv 16); Take Down (Lv 20); Zen Headbutt (Lv 24); Energy Ball (Lv 28); Charm (Lv 32); Double-Edge (Lv 37); Solar Beam (Lv 42)
586,Sawsbuck,Normal,Grass,80,100,70,60,70,95,475,Horn Leech (Lv 0); Sand Attack (Lv 1); Tackle (Lv 1); Growl (Lv 1); Megahorn (Lv 1); Double Kick (Lv 10); Leech Seed (Lv 13); Bullet Seed (Lv 16); Take Down (Lv 20); Zen Headbutt (Lv 24); Energy Ball (Lv 28); Charm (Lv 36); Double-Edge (Lv 44); Solar Beam (Lv 52)
587,Emolga,Electric,Flying,55,75,60,75,60,103,428,Nuzzle (Lv 1); Tail Whip (Lv 1); Double Team (Lv 5); Quick Attack (Lv 10); Thunder Shock (Lv 15); Charge (Lv 20); Acrobatics (Lv 25); Spark (Lv 30); Encore (Lv 35); Volt Switch (Lv 40); Light Screen (Lv 45); Discharge (Lv 50); Agility (Lv 55)
588,Karrablast,Bug,,50,75,45,40,45,60,315,Peck (Lv 1); Leer (Lv 1); Fury Cutter (Lv 4); Endure (Lv 8); False Swipe (Lv 12); Acid Spray (Lv 16); Headbutt (Lv 20); Flail (Lv 24); Scary Face (Lv 28); X-Scissor (Lv 32); Swords Dance (Lv 36); Take Down (Lv 40); Bug Buzz (Lv 44); Double-Edge (Lv 48)
589,Escavalier,Bug,Steel,70,135,105,60,105,20,495,Fell Stinger (Lv 1); Endure (Lv 1); Flail (Lv 1); Scary Face (Lv 1); Take Down (Lv 1); Double-Edge (Lv 1); Peck (Lv 1); Leer (Lv 1); Fury Cutter (Lv 1); Quick Guard (Lv 1); False Swipe (Lv 12); Acid Spray (Lv 16); Headbutt (Lv 20); Reversal (Lv 24); Iron Defense (Lv 28); X-Scissor (Lv 32); Swords Dance (Lv 36); Iron Head (Lv 40); Bug Buzz (Lv 44); Giga Impact (Lv 48); Metal Burst (Lv 52)
590,Foongus,Grass,Poison,69,55,45,55,55,15,294,Absorb (Lv 1); Astonish (Lv 1); Growth (Lv 4); Stun Spore (Lv 8); Mega Drain (Lv 12); Synthesis (Lv 16); Clear Smog (Lv 20); Sweet Scent (Lv 24); Giga Drain (Lv 28); Ingrain (Lv 32); Toxic (Lv 36); Rage Powder (Lv 40); Solar Beam (Lv 44); Spore (Lv 48)
591,Amoonguss,Grass,Poison,114,85,70,85,80,30,464,Absorb (Lv 1); Growth (Lv 1); Stun Spore (Lv 1); Astonish (Lv 1); Mega Drain (Lv 12); Synthesis (Lv 16); Clear Smog (Lv 20); Sweet Scent (Lv 24); Giga Drain (Lv 28); Ingrain (Lv 32); Toxic (Lv 36); Rage Powder (Lv 42); Solar Beam (Lv 48); Spore (Lv 54)
592,Frillish,Water,Ghost,55,40,50,65,85,40,335,Absorb (Lv 1); Water Gun (Lv 1); Poison Sting (Lv 4); Night Shade (Lv 8); Water Pulse (Lv 12); Rain Dance (Lv 16); Hex (Lv 20); Brine (Lv 24); Recover (Lv 28); Shadow Ball (Lv 32); Whirlpool (Lv 36); Hydro Pump (Lv 41); Destiny Bond (Lv 44); Water Spout (Lv 48)
593,Jellicent,Water,Ghost,100,60,70,85,105,60,480,Acid Armor (Lv 1); Absorb (Lv 1); Water Gun (Lv 1); Poison Sting (Lv 1); Night Shade (Lv 1); Water Pulse (Lv 12); Rain Dance (Lv 16); Hex (Lv 20); Brine (Lv 24); Recover (Lv 28); Shadow Ball (Lv 32); Whirlpool (Lv 36); Hydro Pump (Lv 43); Destiny Bond (Lv 48); Water Spout (Lv 54)
594,Alomomola,Water,,165,75,80,40,45,65,470,Pound (Lv 1); Play Nice (Lv 1); Aqua Ring (Lv 5); Aqua Jet (Lv 9); Helping Hand (Lv 13); Wide Guard (Lv 13); Protect (Lv 21); Water Pulse (Lv 25); Healing Wish (Lv 29); Soak (Lv 33); Wish (Lv 37); Brine (Lv 41); Safeguard (Lv 45); Whirlpool (Lv 49); Hydro Pump (Lv 55)
595,Joltik,Bug,Electric,50,47,50,57,50,65,319,Absorb (Lv 1); Fury Cutter (Lv 1); Electroweb (Lv 4); Bug Bite (Lv 8); String Shot (Lv 12); Thunder Wave (Lv 16); Electro Ball (Lv 20); Agility (Lv 24); Sucker Punch (Lv 28); Slash (Lv 32); Discharge (Lv 37); Screech (Lv 40); Gastro Acid (Lv 44); Bug Buzz (Lv 48)
596,Galvantula,Bug,Electric,70,77,60,97,60,108,472,Sticky Web (Lv 0); Absorb (Lv 1); Fury Cutter (Lv 1); Bug Bite (Lv 1); Electroweb (Lv 1); String Shot (Lv 12); Thunder Wave (Lv 16); Electro Ball (Lv 20); Agility (Lv 24); Sucker Punch (Lv 28); Slash (Lv 32); Discharge (Lv 39); Screech (Lv 44); Gastro Acid (Lv 50); Bug Buzz (Lv 56)
597,Ferroseed,Grass,Steel,44,50,91,24,86,10,305,Tackle (Lv 1); Harden (Lv 1); Metal Claw (Lv 5); Pin Missile (Lv 10); Ingrain (Lv 15); Flash Cannon (Lv 20); Iron Head (Lv 25); Self-Destruct (Lv 30); Iron Defense (Lv 35); Curse (Lv 41); Gyro Ball (Lv 45); Explosion (Lv 50)
598,Ferrothorn,Grass,Steel,74,94,131,54,116,20,489,Power Whip (Lv 0); Tackle (Lv 1); Harden (Lv 1); Metal Claw (Lv 1); Pin Missile (Lv 1); Ingrain (Lv 15); Flash Cannon (Lv 20); Iron Head (Lv 25); Self-Destruct (Lv 30); Iron Defense (Lv 35); Curse (Lv 43); Gyro Ball (Lv 49); Explosion (Lv 56)
599,Klink,Steel,,40,55,70,45,60,30,300,Thunder Shock (Lv 1); Vise Grip (Lv 1); Bind (Lv 4); Charge (Lv 8); Charge Beam (Lv 12); Metal Sound (Lv 16); Autotomize (Lv 20); Discharge (Lv 24); Screech (Lv 28); Gear Grind (Lv 32); Lock-On (Lv 36); Shift Gear (Lv 40); Zap Cannon (Lv 44); Hyper Beam (Lv 48)
600,Klang,Steel,,60,80,95,70,85,50,440,Thunder Shock (Lv 1); Vise Grip (Lv 1); Bind (Lv 1); Charge (Lv 1); Charge Beam (Lv 12); Metal Sound (Lv 16); Autotomize (Lv 20); Discharge (Lv 24); Screech (Lv 28); Gear Grind (Lv 32); Lock-On (Lv 36); Shift Gear (Lv 42); Zap Cannon (Lv 48); Hyper Beam (Lv 54)
601,Klinklang,Steel,,60,100,115,70,85,90,520,Gear Up (Lv 1); Magnetic Flux (Lv 1); Thunder Shock (Lv 1); Vise Grip (Lv 1); Bind (Lv 1); Charge (Lv 1); Charge Beam (Lv 12); Metal Sound (Lv 16); Autotomize (Lv 20); Discharge (Lv 24); Screech (Lv 28); Gear Grind (Lv 32); Lock-On (Lv 36); Shift Gear (Lv 42); Zap Cannon (Lv 48); Hyper Beam (Lv 56); Electric Terrain (Lv 64)
602,Tynamo,Electric,,35,55,40,45,40,60,275,Tackle (Lv 1); Thunder Wave (Lv 1); Spark (Lv 1); Charge Beam (Lv 1)
603,Eelektrik,Electric,,65,85,70,75,70,40,405,Crunch (Lv 0); Headbutt (Lv 1); Thunder Wave (Lv 1); Spark (Lv 1); Charge Beam (Lv 1); Bind (Lv 9); Acid (Lv 19); Discharge (Lv 29); Thunderbolt (Lv 44); Acid Spray (Lv 49); Coil (Lv 54); Wild Charge (Lv 59); Gastro Acid (Lv 64); Zap Cannon (Lv 69); Thrash (Lv 74)
604,Eelektross,Electric,,85,115,80,105,80,50,515,Headbutt (Lv 1); Thrash (Lv 1); Acid (Lv 1); Zap Cannon (Lv 1); Crunch (Lv 1); Crush Claw (Lv 1); Gastro Acid (Lv 1); Discharge (Lv 1); Coil (Lv 1); Wild Charge (Lv 5)
605,Elgyem,Psychic,,55,55,55,85,55,30,335,Confusion (Lv 1); Growl (Lv 1); Imprison (Lv 6); Teleport (Lv 12); Psybeam (Lv 18); Power Split (Lv 24); Guard Split (Lv 24); Headbutt (Lv 30); Zen Headbutt (Lv 36); Recover (Lv 43); Calm Mind (Lv 48); Wonder Room (Lv 54); Psychic (Lv 60)
606,Beheeyem,Psychic,,75,75,75,125,95,40,485,Psychic Terrain (Lv 1); Confusion (Lv 1); Growl (Lv 1); Imprison (Lv 1); Teleport (Lv 1); Psybeam (Lv 18); Power Split (Lv 24); Guard Split (Lv 24); Headbutt (Lv 30); Zen Headbutt (Lv 36); Recover (Lv 45); Calm Mind (Lv 52); Wonder Room (Lv 60); Psychic (Lv 68)
607,Litwick,Ghost,Fire,50,30,55,65,55,20,275,Smog (Lv 1); Astonish (Lv 1); Ember (Lv 4); Minimize (Lv 8); Confuse Ray (Lv 12); Hex (Lv 16); Will-O-Wisp (Lv 20); Fire Spin (Lv 24); Night Shade (Lv 28); Curse (Lv 32); Shadow Ball (Lv 36); Inferno (Lv 40); Imprison (Lv 44); Pain Split (Lv 48); Overheat (Lv 52); Memento (Lv 56)
608,Lampent,Ghost,Fire,60,40,60,95,60,55,370,Ember (Lv 1); Minimize (Lv 1); Smog (Lv 1); Astonish (Lv 1); Confuse Ray (Lv 12); Hex (Lv 16); Will-O-Wisp (Lv 20); Fire Spin (Lv 24); Night Shade (Lv 28); Curse (Lv 32); Shadow Ball (Lv 36); Inferno (Lv 40); Imprison (Lv 46); Pain Split (Lv 52); Overheat (Lv 58); Memento (Lv 64)
609,Chandelure,Ghost,Fire,60,55,90,145,90,80,520,Ember (Lv 1); Fire Spin (Lv 1); Night Shade (Lv 1); Minimize (Lv 1); Confuse Ray (Lv 1); Smog (Lv 1); Curse (Lv 1); Pain Split (Lv 1); Shadow Ball (Lv 1); Will-O-Wisp (Lv 1); Memento (Lv 1); Imprison (Lv 1); Astonish (Lv 1); Overheat (Lv 1); Hex (Lv 1); Inferno (Lv 1)
610,Axew,Dragon,,46,87,60,30,40,57,320,Scratch (Lv 1); Leer (Lv 1); Bite (Lv 3); False Swipe (Lv 6); Assurance (Lv 9); Taunt (Lv 12); Slash (Lv 15); Dragon Claw (Lv 18); Scary Face (Lv 21); Crunch (Lv 24); Dragon Dance (Lv 27); Breaking Swipe (Lv 30); Focus Energy (Lv 33); Dragon Pulse (Lv 36); Swords Dance (Lv 39); Outrage (Lv 42); Guillotine (Lv 45); Giga Impact (Lv 48)
611,Fraxure,Dragon,,66,117,70,40,50,67,410,Scratch (Lv 1); Leer (Lv 1); Bite (Lv 1); False Swipe (Lv 1); Assurance (Lv 9); Taunt (Lv 12); Slash (Lv 15); Dragon Claw (Lv 18); Scary Face (Lv 21); Crunch (Lv 24); Dragon Dance (Lv 27); Breaking Swipe (Lv 30); Focus Energy (Lv 33); Dragon Pulse (Lv 36); Swords Dance (Lv 41); Outrage (Lv 46); Guillotine (Lv 51); Giga Impact (Lv 56)
612,Haxorus,Dragon,,76,147,90,60,70,97,540,Scratch (Lv 1); Leer (Lv 1); Bite (Lv 1); False Swipe (Lv 1); Assurance (Lv 9); Taunt (Lv 12); Slash (Lv 15); Dragon Claw (Lv 18); Scary Face (Lv 21); Crunch (Lv 24); Dragon Dance (Lv 27); Breaking Swipe (Lv 30); Focus Energy (Lv 33); Dragon Pulse (Lv 36); Swords Dance (Lv 41); Outrage (Lv 46); Guillotine (Lv 53); Giga Impact (Lv 60)
613,Cubchoo,Ice,,55,70,40,60,40,40,305,Growl (Lv 1); Powder Snow (Lv 1); Endure (Lv 3); Fury Swipes (Lv 6); Icy Wind (Lv 9); Play Nice (Lv 12); Brine (Lv 15); Frost Breath (Lv 18); Slash (Lv 21); Flail (Lv 24); Charm (Lv 27); Snowscape (Lv 30); Thrash (Lv 33); Rest (Lv 36); Blizzard (Lv 39); Sheer Cold (Lv 42)
614,Beartic,Ice,,95,130,80,70,80,50,505,Icicle Crash (Lv 0); Endure (Lv 1); Growl (Lv 1); Fury Swipes (Lv 1); Powder Snow (Lv 1); Charm (Lv 1); Aqua Jet (Lv 1); Icy Wind (Lv 9); Play Nice (Lv 12); Brine (Lv 15); Frost Breath (Lv 18); Slash (Lv 21); Flail (Lv 24); Swagger (Lv 27); Snowscape (Lv 30); Thrash (Lv 33); Rest (Lv 36); Blizzard (Lv 41); Sheer Cold (Lv 46); Superpower (Lv 51)
615,Cryogonal,Ice,,80,50,50,95,135,105,515,Bind (Lv 1); Ice Shard (Lv 1); Confuse Ray (Lv 4); Rapid Spin (Lv 8); Icy Wind (Lv 12); Mist (Lv 16); Haze (Lv 16); Ancient Power (Lv 20); Aurora Beam (Lv 24); Slash (Lv 28); Night Slash (Lv 32); Freeze-Dry (Lv 36); Light Screen (Lv 40); Reflect (Lv 40); Recover (Lv 44); Ice Beam (Lv 48); Acid Armor (Lv 52); Solar Beam (Lv 56); Sheer Cold (Lv 60)
616,Shelmet,Bug,,50,40,85,40,65,25,305,Absorb (Lv 1); Protect (Lv 1); Acid (Lv 4); Curse (Lv 8); Mega Drain (Lv 12); Struggle Bug (Lv 16); Yawn (Lv 20); Acid Armor (Lv 24); Giga Drain (Lv 28); Guard Swap (Lv 32); Body Slam (Lv 36); Recover (Lv 40); Bug Buzz (Lv 44); Final Gambit (Lv 48)
617,Accelgor,Bug,,80,70,40,100,60,145,495,Water Shuriken (Lv 1); Acid (Lv 1); Curse (Lv 1); Yawn (Lv 1); Acid Armor (Lv 1); Guard Swap (Lv 1); Body Slam (Lv 1); Absorb (Lv 1); Double Team (Lv 1); Acid Spray (Lv 1); Quick Attack (Lv 1); Mega Drain (Lv 12); Struggle Bug (Lv 16); Swift (Lv 20); Agility (Lv 24); Giga Drain (Lv 28); Power Swap (Lv 32); U-turn (Lv 36); Recover (Lv 40); Bug Buzz (Lv 44); Final Gambit (Lv 48); Toxic (Lv 52)
618,Stunfisk,Ground,Electric,109,66,84,81,99,32,471,Mud-Slap (Lv 1); Tackle (Lv 1); Water Gun (Lv 1); Thunder Shock (Lv 1); Endure (Lv 5); Mud Shot (Lv 10); Revenge (Lv 15); Charge (Lv 20); Sucker Punch (Lv 25); Electric Terrain (Lv 30); Bounce (Lv 35); Muddy Water (Lv 40); Discharge (Lv 45); Flail (Lv 50); Fissure (Lv 55)
619,Mienfoo,Fighting,,45,85,50,55,50,65,350,Pound (Lv 1); Detect (Lv 1); Fake Out (Lv 5); Reversal (Lv 10); Fury Swipes (Lv 15); Quick Guard (Lv 20); Force Palm (Lv 25); U-turn (Lv 30); Drain Punch (Lv 35); Hone Claws (Lv 40); Aura Sphere (Lv 45); Bounce (Lv 51); Calm Mind (Lv 55); High Jump Kick (Lv 60)
620,Mienshao,Fighting,,65,125,60,95,60,105,510,Pound (Lv 1); Reversal (Lv 1); Detect (Lv 1); Fake Out (Lv 1); Quick Guard (Lv 1); Fury Swipes (Lv 15); Wide Guard (Lv 20); Force Palm (Lv 25); U-turn (Lv 30); Drain Punch (Lv 35); Hone Claws (Lv 40); Aura Sphere (Lv 45); Bounce (Lv 53); Calm Mind (Lv 59); High Jump Kick (Lv 66)
621,Druddigon,Dragon,,77,120,90,60,90,48,485,Scratch (Lv 1); Leer (Lv 1); Bite (Lv 5); Dragon Tail (Lv 10); Metal Claw (Lv 15); Scary Face (Lv 20); Slash (Lv 25); Dragon Claw (Lv 30); Hone Claws (Lv 35); Crunch (Lv 40); Iron Head (Lv 45); Outrage (Lv 50); Superpower (Lv 55)
622,Golett,Ground,Ghost,59,74,50,35,50,35,303,Mud-Slap (Lv 1); Astonish (Lv 1); Defense Curl (Lv 4); Pound (Lv 8); Shadow Punch (Lv 12); Curse (Lv 16); Night Shade (Lv 20); Stomping Tantrum (Lv 24); Iron Defense (Lv 28); Mega Punch (Lv 32); Shadow Ball (Lv 36); Heavy Slam (Lv 40); Phantom Force (Lv 44); Hammer Arm (Lv 48); Earthquake (Lv 52); Dynamic Punch (Lv 56)
623,Golurk,Ground,Ghost,89,124,80,55,80,55,483,Pound (Lv 1); Defense Curl (Lv 1); Astonish (Lv 1); High Horsepower (Lv 1); Shadow Punch (Lv 12); Curse (Lv 16); Night Shade (Lv 20); Stomping Tantrum (Lv 24); Iron Defense (Lv 28); Mega Punch (Lv 32); Shadow Ball (Lv 36); Heavy Slam (Lv 40); Phantom Force (Lv 46); Hammer Arm (Lv 52); Earthquake (Lv 58); Dynamic Punch (Lv 64)
624,Pawniard,Dark,Steel,45,85,70,40,40,60,340,Scratch (Lv 1); Leer (Lv 1); Fury Cutter (Lv 5); Metal Claw (Lv 10); Torment (Lv 15); Scary Face (Lv 20); Assurance (Lv 25); Metal Sound (Lv 30); Slash (Lv 35); Night Slash (Lv 40); Iron Defense (Lv 45); Retaliate (Lv 50); Iron Head (Lv 55); Swords Dance (Lv 60); Guillotine (Lv 65)
625,Bisharp,Dark,Steel,65,125,100,60,70,70,490,Scratch (Lv 1); Leer (Lv 1); Fury Cutter (Lv 1); Metal Claw (Lv 1); Metal Burst (Lv 1); Torment (Lv 15); Scary Face (Lv 20); Assurance (Lv 25); Metal Sound (Lv 30); Slash (Lv 35); Night Slash (Lv 40); Iron Defense (Lv 45); Retaliate (Lv 50); Iron Head (Lv 57); Swords Dance (Lv 64); Guillotine (Lv 71)
626,Bouffalant,Normal,,95,110,95,40,95,55,490,Tackle (Lv 1); Leer (Lv 1); Focus Energy (Lv 5); Fury Attack (Lv 10); Revenge (Lv 15); Scary Face (Lv 20); Horn Attack (Lv 25); Reversal (Lv 30); Throat Chop (Lv 35); Head Charge (Lv 40); Swords Dance (Lv 45); Megahorn (Lv 50); Giga Impact (Lv 55)
627,Rufflet,Normal,Flying,70,83,50,37,50,60,350,Leer (Lv 1); Peck (Lv 1); Hone Claws (Lv 6); Wing Attack (Lv 12); Tailwind (Lv 18); Scary Face (Lv 24); Aerial Ace (Lv 30); Slash (Lv 36); Whirlwind (Lv 42); Crush Claw (Lv 48); Air Slash (Lv 55); Defog (Lv 60); Thrash (Lv 66); Brave Bird (Lv 72)
628,Braviary,Normal,Flying,100,123,75,57,75,80,510,Superpower (Lv 0); Wing Attack (Lv 1); Leer (Lv 1); Peck (Lv 1); Sky Attack (Lv 1); Hone Claws (Lv 1); Tailwind (Lv 18); Scary Face (Lv 24); Aerial Ace (Lv 30); Slash (Lv 36); Whirlwind (Lv 42); Crush Claw (Lv 48); Air Slash (Lv 57); Defog (Lv 64); Thrash (Lv 72)
629,Vullaby,Dark,Flying,70,55,75,45,65,60,370,Gust (Lv 1); Leer (Lv 1); Flatter (Lv 6); Pluck (Lv 12); Tailwind (Lv 18); Knock Off (Lv 24); Iron Defense (Lv 30); Whirlwind (Lv 36); Air Slash (Lv 42); Dark Pulse (Lv 48); Nasty Plot (Lv 54); Defog (Lv 60); Attract (Lv 66); Brave Bird (Lv 72)
630,Mandibuzz,Dark,Flying,110,65,105,55,95,80,510,Bone Rush (Lv 0); Gust (Lv 1); Leer (Lv 1); Toxic (Lv 1); Sky Attack (Lv 1); Pluck (Lv 1); Flatter (Lv 1); Tailwind (Lv 18); Knock Off (Lv 24); Iron Defense (Lv 30); Whirlwind (Lv 36); Air Slash (Lv 42); Dark Pulse (Lv 48); Nasty Plot (Lv 57); Defog (Lv 64); Attract (Lv 72); Brave Bird (Lv 80)
631,Heatmor,Fire,,85,97,66,105,66,65,484,Lick (Lv 1); Tackle (Lv 1); Fury Swipes (Lv 5); Incinerate (Lv 10); Bug Bite (Lv 15); Stockpile (Lv 20); Swallow (Lv 20); Spit Up (Lv 20); Slash (Lv 25); Bind (Lv 30); Fire Lash (Lv 35); Hone Claws (Lv 40); Amnesia (Lv 45); Fire Spin (Lv 50); Inferno (Lv 55); Flare Blitz (Lv 60)
632,Durant,Bug,Steel,58,109,112,48,48,109,484,Fury Cutter (Lv 1); Sand Attack (Lv 1); Vise Grip (Lv 4); Metal Claw (Lv 8); Beat Up (Lv 12); Bug Bite (Lv 16); Bite (Lv 20); Agility (Lv 24); Dig (Lv 28); X-Scissor (Lv 32); Crunch (Lv 36); Metal Sound (Lv 40); Iron Head (Lv 44); Entrainment (Lv 48); Iron Defense (Lv 52); Guillotine (Lv 56)
633,Deino,Dark,Dragon,52,65,50,45,50,38,300,Tackle (Lv 1); Focus Energy (Lv 1); Dragon Breath (Lv 4); Bite (Lv 8); Roar (Lv 12); Assurance (Lv 16); Headbutt (Lv 20); Work Up (Lv 24); Slam (Lv 28); Crunch (Lv 32); Scary Face (Lv 36); Dragon Pulse (Lv 40); Body Slam (Lv 44); Hyper Voice (Lv 48); Dragon Rush (Lv 52); Nasty Plot (Lv 56); Outrage (Lv 60)
634,Zweilous,Dark,Dragon,72,85,70,65,70,58,420,Tackle (Lv 1); Bite (Lv 1); Focus Energy (Lv 1); Dragon Breath (Lv 1); Double Hit (Lv 1); Roar (Lv 12); Assurance (Lv 16); Headbutt (Lv 20); Work Up (Lv 24); Slam (Lv 28); Crunch (Lv 32); Scary Face (Lv 36); Dragon Pulse (Lv 40); Body Slam (Lv 44); Hyper Voice (Lv 48); Dragon Rush (Lv 54); Nasty Plot (Lv 60); Outrage (Lv 66)
635,Hydreigon,Dark,Dragon,92,105,90,125,90,98,600,Tackle (Lv 1); Bite (Lv 1); Dragon Breath (Lv 1); Focus Energy (Lv 1); Tri Attack (Lv 1); Double Hit (Lv 1); Roar (Lv 12); Assurance (Lv 16); Headbutt (Lv 20); Work Up (Lv 24); Slam (Lv 28); Crunch (Lv 32); Scary Face (Lv 36); Dragon Pulse (Lv 40); Body Slam (Lv 44); Hyper Voice (Lv 48); Dragon Rush (Lv 54); Nasty Plot (Lv 60); Outrage (Lv 68); Hyper Beam (Lv 76)
636,Larvesta,Bug,Fire,55,85,55,50,55,60,360,Ember (Lv 1); String Shot (Lv 1); Flame Charge (Lv 6); Struggle Bug (Lv 12); Flame Wheel (Lv 18); Bug Bite (Lv 24); Screech (Lv 30); Leech Life (Lv 36); Bug Buzz (Lv 42); Take Down (Lv 48); Amnesia (Lv 54); Double-Edge (Lv 60); Flare Blitz (Lv 66)
637,Volcarona,Bug,Fire,85,60,65,135,105,100,550,Quiver Dance (Lv 0); Fiery Dance (Lv 1); Struggle Bug (Lv 1); Flame Charge (Lv 1); Flare Blitz (Lv 1); Fire Spin (Lv 1); Gust (Lv 1); Ember (Lv 1); Double-Edge (Lv 1); Take Down (Lv 1); Whirlwind (Lv 1); String Shot (Lv 1); Flame Wheel (Lv 18); Bug Bite (Lv 24); Screech (Lv 30); Leech Life (Lv 36); Bug Buzz (Lv 42); Heat Wave (Lv 48); Amnesia (Lv 54); Hurricane (Lv 62); Fire Blast (Lv 70); Rage Powder (Lv 78)
638,Cobalion,Steel,Fighting,91,90,129,90,72,108,580,Leer (Lv 1); Quick Attack (Lv 1); Helping Hand (Lv 1); Work Up (Lv 1); Metal Claw (Lv 7); Quick Guard (Lv 14); Double Kick (Lv 21); Retaliate (Lv 28); Metal Burst (Lv 35); Take Down (Lv 42); Sacred Sword (Lv 49); Swords Dance (Lv 56); Iron Head (Lv 63); Close Combat (Lv 70)
639,Terrakion,Rock,Fighting,91,129,90,72,90,108,580,Leer (Lv 1); Quick Attack (Lv 1); Helping Hand (Lv 1); Work Up (Lv 1); Smack Down (Lv 7); Quick Guard (Lv 14); Double Kick (Lv 21); Retaliate (Lv 28); Rock Slide (Lv 35); Take Down (Lv 42); Sacred Sword (Lv 49); Swords Dance (Lv 56); Stone Edge (Lv 63); Close Combat (Lv 70)
640,Virizion,Grass,Fighting,91,90,72,90,129,108,580,Leer (Lv 1); Quick Attack (Lv 1); Helping Hand (Lv 1); Work Up (Lv 1); Magical Leaf (Lv 7); Quick Guard (Lv 14); Double Kick (Lv 21); Retaliate (Lv 28); Giga Drain (Lv 35); Synthesis (Lv 42); Sacred Sword (Lv 49); Swords Dance (Lv 56); Leaf Blade (Lv 63); Close Combat (Lv 70)
641,Tornadus,Flying,,79,115,70,125,80,111,580,Gust (Lv 1); Astonish (Lv 1); Leer (Lv 5); Swagger (Lv 10); Bite (Lv 15); Air Cutter (Lv 20); Agility (Lv 25); Tailwind (Lv 30); Air Slash (Lv 35); Crunch (Lv 40); Extrasensory (Lv 45); Uproar (Lv 50); Hammer Arm (Lv 55); Rain Dance (Lv 60); Hurricane (Lv 65); Thrash (Lv 70); Bleakwind Storm (Lv 77)
642,Thundurus,Electric,Flying,79,115,70,125,80,111,580,Thunder Shock (Lv 1); Astonish (Lv 1); Leer (Lv 5); Swagger (Lv 10); Bite (Lv 15); Shock Wave (Lv 20); Agility (Lv 25); Charge (Lv 30); Volt Switch (Lv 35); Crunch (Lv 40); Discharge (Lv 45); Uproar (Lv 50); Hammer Arm (Lv 55); Rain Dance (Lv 60); Thunder (Lv 65); Thrash (Lv 70); Wildbolt Storm (Lv 75)
643,Reshiram,Dragon,Fire,100,120,100,150,120,90,680,Dragon Breath (Lv 1); Ancient Power (Lv 1); Fire Fang (Lv 1); Noble Roar (Lv 1); Slash (Lv 8); Crunch (Lv 16); Extrasensory (Lv 24); Dragon Pulse (Lv 32); Flamethrower (Lv 40); Fusion Flare (Lv 48); Hyper Voice (Lv 56); Fire Blast (Lv 64); Imprison (Lv 72); Outrage (Lv 80); Blue Flare (Lv 88)
644,Zekrom,Dragon,Electric,100,150,120,120,100,90,680,Dragon Breath (Lv 1); Ancient Power (Lv 1); Thunder Fang (Lv 1); Noble Roar (Lv 1); Slash (Lv 8); Crunch (Lv 16); Zen Headbutt (Lv 24); Dragon Claw (Lv 32); Thunderbolt (Lv 40); Fusion Bolt (Lv 48); Hyper Voice (Lv 56); Thunder (Lv 64); Imprison (Lv 72); Outrage (Lv 80); Bolt Strike (Lv 88)
645,Landorus,Ground,Flying,89,125,90,115,80,101,600,Smack Down (Lv 1); Sand Tomb (Lv 1); Leer (Lv 5); Block (Lv 10); Bulldoze (Lv 15); Rock Tomb (Lv 20); Imprison (Lv 30); Rock Slide (Lv 35); Earth Power (Lv 40); Extrasensory (Lv 45); Stone Edge (Lv 50); Hammer Arm (Lv 55); Sandstorm (Lv 60); Earthquake (Lv 65); Outrage (Lv 70); Fissure (Lv 75); Sandsear Storm (Lv 80)
646,Kyurem,Dragon,Ice,125,130,90,130,90,95,660,Dragon Breath (Lv 1); Ancient Power (Lv 1); Noble Roar (Lv 1); Freeze-Dry (Lv 1); Slash (Lv 8); Endeavor (Lv 16); Dragon Pulse (Lv 24); Ice Beam (Lv 32); Hyper Voice (Lv 40); Scary Face (Lv 48); Blizzard (Lv 56); Imprison (Lv 64); Outrage (Lv 72); Glaciate (Lv 80); Sheer Cold (Lv 88)
647,Keldeo,Water,Fighting,91,72,90,129,90,108,580,Leer (Lv 1); Helping Hand (Lv 1); Aqua Jet (Lv 1); Work Up (Lv 1); Secret Sword (Lv 1); Bubble Beam (Lv 7); Quick Guard (Lv 14); Double Kick (Lv 21); Retaliate (Lv 28); Aqua Tail (Lv 35); Take Down (Lv 42); Sacred Sword (Lv 49); Swords Dance (Lv 56); Hydro Pump (Lv 63); Close Combat (Lv 70)
648,Meloetta,Normal,Psychic,100,77,77,128,128,90,600,Sing (Lv 1); Confusion (Lv 1); Quick Attack (Lv 1); Round (Lv 1); Teeter Dance (Lv 21); Acrobatics (Lv 26); Psybeam (Lv 31); Echoed Voice (Lv 36); U-turn (Lv 43); Relic Song (Lv 50); Psychic (Lv 57); Hyper Voice (Lv 64); Role Play (Lv 71); Close Combat (Lv 78); Perish Song (Lv 85)
649,Genesect,Bug,Steel,71,120,95,120,95,99,600,Fury Cutter (Lv 1); Quick Attack (Lv 1); Screech (Lv 7); Metal Claw (Lv 14); Fell Stinger (Lv 21); Flame Charge (Lv 28); Metal Sound (Lv 35); X-Scissor (Lv 42); Magnet Rise (Lv 49); Bug Buzz (Lv 56); Simple Beam (Lv 63); Zap Cannon (Lv 70); Lock-On (Lv 77); Techno Blast (Lv 84); Self-Destruct (Lv 91)
650,Chespin,Grass,,56,61,65,48,45,38,313,Vine Whip (Lv 1); Growl (Lv 1); Rollout (Lv 8); Bite (Lv 11); Leech Seed (Lv 15); Pin Missile (Lv 18); Take Down (Lv 27); Seed Bomb (Lv 32); Mud Shot (Lv 35); Body Slam (Lv 42); Pain Split (Lv 45); Wood Hammer (Lv 48)
651,Quilladin,Grass,,61,78,95,56,58,57,405,Vine Whip (Lv 1); Growl (Lv 1); Rollout (Lv 8); Bite (Lv 11); Leech Seed (Lv 15); Seed Bomb (Lv 20); Pin Missile (Lv 24); Take Down (Lv 29); Mud Shot (Lv 34); Bulk Up (Lv 38); Body Slam (Lv 43); Pain Split (Lv 47); Wood Hammer (Lv 53)
652,Chesnaught,Grass,Fighting,88,107,122,74,75,64,530,Spiky Shield (Lv 0); Feint (Lv 1); Hammer Arm (Lv 1); Growl (Lv 1); Rollout (Lv 1); Tackle (Lv 1); Vine Whip (Lv 1); Bite (Lv 11); Leech Seed (Lv 15); Pin Missile (Lv 19); Take Down (Lv 29); Seed Bomb (Lv 35); Mud Shot (Lv 41); Bulk Up (Lv 48); Body Slam (Lv 54); Pain Split (Lv 60); Wood Hammer (Lv 66); Giga Impact (Lv 78)
653,Fennekin,Fire,,40,45,40,62,60,60,307,Scratch (Lv 1); Tail Whip (Lv 1); Ember (Lv 5); Howl (Lv 11); Flame Charge (Lv 14); Psybeam (Lv 17); Fire Spin (Lv 20); Light Screen (Lv 25); Psyshock (Lv 31); Flamethrower (Lv 35); Will-O-Wisp (Lv 38); Psychic (Lv 41); Sunny Day (Lv 43); Fire Blast (Lv 48)
654,Braixen,Fire,,59,59,58,90,70,73,409,Scratch (Lv 1); Tail Whip (Lv 1); Ember (Lv 1); Howl (Lv 11); Flame Charge (Lv 14); Psybeam (Lv 18); Fire Spin (Lv 22); Light Screen (Lv 28); Psyshock (Lv 36); Flamethrower (Lv 41); Will-O-Wisp (Lv 45); Psychic (Lv 49); Sunny Day (Lv 52); Magic Room (Lv 56); Fire Blast (Lv 59)
655,Delphox,Fire,Psychic,75,69,72,114,100,104,534,Mystical Fire (Lv 0); Switcheroo (Lv 1); Howl (Lv 1); Role Play (Lv 1); Future Sight (Lv 1); Shadow Ball (Lv 1); Scratch (Lv 1); Ember (Lv 1); Tail Whip (Lv 1); Flame Charge (Lv 14); Psybeam (Lv 18); Fire Spin (Lv 22); Light Screen (Lv 28); Psyshock (Lv 38); Flamethrower (Lv 45); Will-O-Wisp (Lv 51); Psychic (Lv 57); Sunny Day (Lv 62); Magic Room (Lv 68); Fire Blast (Lv 74)
656,Froakie,Water,,41,56,40,62,44,71,314,Pound (Lv 1); Growl (Lv 1); Water Gun (Lv 5); Quick Attack (Lv 8); Lick (Lv 10); Water Pulse (Lv 14); Smokescreen (Lv 18); Round (Lv 21); Fling (Lv 25); Smack Down (Lv 29); Substitute (Lv 35); Bounce (Lv 39); Double Team (Lv 43); Hydro Pump (Lv 48)
657,Frogadier,Water,,54,63,52,83,56,97,405,Pound (Lv 1); Growl (Lv 1); Water Gun (Lv 1); Quick Attack (Lv 8); Lick (Lv 10); Water Pulse (Lv 14); Smokescreen (Lv 19); Round (Lv 23); Fling (Lv 28); Smack Down (Lv 33); Substitute (Lv 40); Bounce (Lv 45); Double Team (Lv 50); Hydro Pump (Lv 56)
658,Greninja,Water,Dark,72,95,67,103,71,122,530,Water Shuriken (Lv 0); Night Slash (Lv 1); Role Play (Lv 1); Haze (Lv 1); Pound (Lv 1); Water Gun (Lv 1); Growl (Lv 1); Quick Attack (Lv 1); Lick (Lv 10); Water Pulse (Lv 14); Smokescreen (Lv 19); Shadow Sneak (Lv 23); Spikes (Lv 28); Aerial Ace (Lv 33); Substitute (Lv 42); Extrasensory (Lv 49); Double Team (Lv 56); Hydro Pump (Lv 68)
659,Bunnelby,Normal,,38,36,38,32,36,57,237,Mud-Slap (Lv 1); Leer (Lv 1); Tackle (Lv 3); Laser Focus (Lv 6); Quick Attack (Lv 9); Mud Shot (Lv 12); Flail (Lv 15); Double Kick (Lv 18); Bulldoze (Lv 21); Dig (Lv 24); Bounce (Lv 27); Take Down (Lv 30); Swords Dance (Lv 33); Earthquake (Lv 36); Super Fang (Lv 39)
660,Diggersby,Normal,Ground,85,56,77,50,77,78,423,Mud-Slap (Lv 1); Leer (Lv 1); Tackle (Lv 1); Laser Focus (Lv 1); Quick Attack (Lv 9); Mud Shot (Lv 12); Flail (Lv 15); Double Kick (Lv 18); Bulldoze (Lv 23); Dig (Lv 28); Bounce (Lv 33); Take Down (Lv 38); Swords Dance (Lv 43); Earthquake (Lv 48); Super Fang (Lv 53); Hammer Arm (Lv 58)
661,Fletchling,Normal,Flying,45,50,43,40,38,62,278,Growl (Lv 1); Peck (Lv 1); Quick Attack (Lv 5); Ember (Lv 10); Flail (Lv 15); Acrobatics (Lv 20); Agility (Lv 25); Aerial Ace (Lv 30); Tailwind (Lv 35); Steel Wing (Lv 40); Roost (Lv 45); Fly (Lv 50)
662,Fletchinder,Fire,Flying,62,73,55,56,52,84,382,Flame Charge (Lv 0); Growl (Lv 1); Ember (Lv 1); Peck (Lv 1); Quick Attack (Lv 1); Feint (Lv 1); Flail (Lv 15); Acrobatics (Lv 22); Agility (Lv 29); Aerial Ace (Lv 36); Tailwind (Lv 43); Steel Wing (Lv 50); Roost (Lv 57); Fly (Lv 64)
663,Talonflame,Fire,Flying,78,81,71,74,69,126,499,Growl (Lv 1); Ember (Lv 1); Peck (Lv 1); Quick Attack (Lv 1); Feint (Lv 1); Flare Blitz (Lv 1); Flame Charge (Lv 1); Flail (Lv 15); Acrobatics (Lv 22); Agility (Lv 29); Aerial Ace (Lv 38); Tailwind (Lv 47); Steel Wing (Lv 56); Roost (Lv 65); Fly (Lv 74); Brave Bird (Lv 83)
664,Scatterbug,Bug,,38,35,40,27,25,35,200,Tackle (Lv 1); String Shot (Lv 1); Stun Spore (Lv 6); Bug Bite (Lv 15)
665,Spewpa,Bug,,45,22,60,27,30,29,213,Protect (Lv 0); Harden (Lv 1)
666,Vivillon,Bug,Flying,80,52,50,90,50,89,411,Gust (Lv 0); Poison Powder (Lv 1); Stun Spore (Lv 1); Sleep Powder (Lv 1); Struggle Bug (Lv 1); Light Screen (Lv 12); Psybeam (Lv 17); Supersonic (Lv 21); Draining Kiss (Lv 25); Safeguard (Lv 31); Bug Buzz (Lv 35); Quiver Dance (Lv 45); Hurricane (Lv 50)
667,Litleo,Fire,Normal,62,50,58,73,54,72,369,Tackle (Lv 1); Leer (Lv 1); Ember (Lv 5); Work Up (Lv 8); Headbutt (Lv 11); Noble Roar (Lv 15); Take Down (Lv 20); Fire Fang (Lv 23); Endeavor (Lv 28); Echoed Voice (Lv 33); Flamethrower (Lv 36); Crunch (Lv 39); Hyper Voice (Lv 43); Incinerate (Lv 46); Overheat (Lv 50)
668,Pyroar,Fire,Normal,86,68,72,109,66,106,507,Tackle (Lv 1); Leer (Lv 1); Ember (Lv 1); Hyper Beam (Lv 1); Work Up (Lv 1); Headbutt (Lv 11); Noble Roar (Lv 15); Take Down (Lv 20); Fire Fang (Lv 23); Endeavor (Lv 28); Echoed Voice (Lv 33); Flamethrower (Lv 38); Crunch (Lv 42); Hyper Voice (Lv 48); Incinerate (Lv 51); Overheat (Lv 57)
669,Flabébé,Fairy,,44,38,39,61,79,42,303,Vine Whip (Lv 1); Tackle (Lv 1); Fairy Wind (Lv 6); Safeguard (Lv 10); Razor Leaf (Lv 15); Wish (Lv 20); Magical Leaf (Lv 22); Grassy Terrain (Lv 24); Petal Blizzard (Lv 28); Synthesis (Lv 33); Misty Terrain (Lv 37); Moonblast (Lv 41); Petal Dance (Lv 45); Solar Beam (Lv 48)
670,Floette,Fairy,,54,45,47,75,98,52,371,Vine Whip (Lv 1); Tackle (Lv 1); Fairy Wind (Lv 1); Safeguard (Lv 10); Razor Leaf (Lv 15); Wish (Lv 20); Magical Leaf (Lv 25); Grassy Terrain (Lv 27); Petal Blizzard (Lv 33); Synthesis (Lv 38); Misty Terrain (Lv 43); Moonblast (Lv 46); Petal Dance (Lv 51); Solar Beam (Lv 58)
671,Florges,Fairy,,78,65,68,112,154,75,552,Solar Beam (Lv 1); Petal Dance (Lv 1); Safeguard (Lv 1); Synthesis (Lv 1); Wish (Lv 1); Magical Leaf (Lv 1); Grass Knot (Lv 1); Petal Blizzard (Lv 1); Disarming Voice (Lv 1); Grassy Terrain (Lv 1); Misty Terrain (Lv 1); Moonblast (Lv 5)
672,Skiddo,Grass,,66,65,48,62,57,52,350,Tackle (Lv 1); Growth (Lv 1); Vine Whip (Lv 7); Tail Whip (Lv 9); Leech Seed (Lv 12); Razor Leaf (Lv 13); Worry Seed (Lv 16); Synthesis (Lv 20); Take Down (Lv 22); Bulldoze (Lv 26); Seed Bomb (Lv 30); Bulk Up (Lv 34); Double-Edge (Lv 38); Horn Leech (Lv 42); Leaf Blade (Lv 45)
673,Gogoat,Grass,,123,100,62,97,81,68,531,Aerial Ace (Lv 0); Earthquake (Lv 1); Growth (Lv 1); Tail Whip (Lv 1); Vine Whip (Lv 1); Tackle (Lv 1); Leech Seed (Lv 12); Razor Leaf (Lv 13); Worry Seed (Lv 16); Synthesis (Lv 20); Take Down (Lv 22); Bulldoze (Lv 26); Seed Bomb (Lv 30); Bulk Up (Lv 34); Double-Edge (Lv 40); Horn Leech (Lv 47); Leaf Blade (Lv 55); Milk Drink (Lv 58)
674,Pancham,Fighting,,67,82,62,46,48,43,348,Tackle (Lv 1); Leer (Lv 1); Arm Thrust (Lv 4); Taunt (Lv 8); Circle Throw (Lv 12); Low Sweep (Lv 16); Work Up (Lv 20); Slash (Lv 24); Vital Throw (Lv 28); Crunch (Lv 33); Body Slam (Lv 36); Parting Shot (Lv 40); Entrainment (Lv 44)
675,Pangoro,Fighting,Dark,95,124,78,69,71,58,495,Night Slash (Lv 0); Bullet Punch (Lv 1); Tackle (Lv 1); Leer (Lv 1); Arm Thrust (Lv 1); Taunt (Lv 1); Circle Throw (Lv 12); Low Sweep (Lv 16); Work Up (Lv 20); Slash (Lv 24); Vital Throw (Lv 28); Crunch (Lv 35); Body Slam (Lv 40); Parting Shot (Lv 46); Entrainment (Lv 52); Hammer Arm (Lv 58)
676,Furfrou,Normal,,75,80,60,65,90,102,472,Tackle (Lv 1); Growl (Lv 1); Sand Attack (Lv 5); Baby-Doll Eyes (Lv 9); Headbutt (Lv 12); Tail Whip (Lv 15); Bite (Lv 22); Odor Sleuth (Lv 27); Retaliate (Lv 33); Take Down (Lv 35); Charm (Lv 38); Sucker Punch (Lv 42); Cotton Guard (Lv 48)
677,Espurr,Psychic,,62,48,54,63,60,68,355,Scratch (Lv 1); Leer (Lv 1); Fake Out (Lv 3); Disarming Voice (Lv 6); Confusion (Lv 9); Covet (Lv 18); Psybeam (Lv 21); Light Screen (Lv 30); Reflect (Lv 30); Psyshock (Lv 33)
678,Meowstic,Psychic,,74,48,76,83,81,104,466,Mean Look (Lv 1); Disarming Voice (Lv 1); Fake Out (Lv 1); Scratch (Lv 1); Leer (Lv 1); Confusion (Lv 9); Helping Hand (Lv 12); Charm (Lv 15); Covet (Lv 18); Psybeam (Lv 21); Sucker Punch (Lv 24); Role Play (Lv 29); Light Screen (Lv 34); Reflect (Lv 34); Psyshock (Lv 39); Imprison (Lv 44); Quick Guard (Lv 49); Psychic (Lv 54); Misty Terrain (Lv 59)
679,Honedge,Steel,Ghost,45,80,100,35,37,28,325,Tackle (Lv 1); Fury Cutter (Lv 1); Shadow Sneak (Lv 4); Autotomize (Lv 8); Aerial Ace (Lv 12); Metal Sound (Lv 16); Slash (Lv 20); Night Slash (Lv 24); Retaliate (Lv 28); Iron Defense (Lv 32); Iron Head (Lv 36); Power Trick (Lv 40); Swords Dance (Lv 44); Sacred Sword (Lv 48)
680,Doublade,Steel,Ghost,59,110,150,45,49,35,448,Tackle (Lv 1); Fury Cutter (Lv 1); Shadow Sneak (Lv 1); Autotomize (Lv 1); Aerial Ace (Lv 12); Metal Sound (Lv 16); Slash (Lv 20); Night Slash (Lv 24); Retaliate (Lv 28); Iron Defense (Lv 32); Iron Head (Lv 38); Power Trick (Lv 44); Swords Dance (Lv 50); Sacred Sword (Lv 56)
681,Aegislash,Steel,Ghost,60,50,140,50,140,60,500,King’s Shield (Lv 0); Head Smash (Lv 1); Aerial Ace (Lv 1); Metal Sound (Lv 1); Slash (Lv 1); Night Slash (Lv 1); Retaliate (Lv 1); Iron Defense (Lv 1); Iron Head (Lv 1); Power Trick (Lv 1); Swords Dance (Lv 1); Sacred Sword (Lv 1); Tackle (Lv 1); Fury Cutter (Lv 1); Shadow Sneak (Lv 1); Autotomize (Lv 1)
682,Spritzee,Fairy,,78,52,60,63,65,23,341,Fairy Wind (Lv 1); Sweet Scent (Lv 1); Sweet Kiss (Lv 3); Echoed Voice (Lv 6); Draining Kiss (Lv 9); Aromatherapy (Lv 12); Attract (Lv 18); Flail (Lv 21); Misty Terrain (Lv 24); Psychic (Lv 27); Charm (Lv 30); Calm Mind (Lv 33); Moonblast (Lv 36); Skill Swap (Lv 39)
683,Aromatisse,Fairy,,101,72,72,99,89,29,462,Aromatic Mist (Lv 1); Heal Pulse (Lv 1); Fairy Wind (Lv 1); Sweet Scent (Lv 1); Sweet Kiss (Lv 1); Echoed Voice (Lv 1); Disarming Voice (Lv 9); Aromatherapy (Lv 12); Draining Kiss (Lv 15); Attract (Lv 18); Flail (Lv 21); Misty Terrain (Lv 24); Psychic (Lv 27); Charm (Lv 30); Calm Mind (Lv 33); Moonblast (Lv 36); Skill Swap (Lv 39); Psych Up (Lv 42)
684,Swirlix,Fairy,,62,48,66,59,57,49,341,Tackle (Lv 1); Sweet Scent (Lv 1); Play Nice (Lv 3); Fairy Wind (Lv 6); Aromatherapy (Lv 9); Draining Kiss (Lv 12); Fake Tears (Lv 15); Round (Lv 18); String Shot (Lv 21); Cotton Spore (Lv 24); Energy Ball (Lv 27); Wish (Lv 30); Play Rough (Lv 33); Cotton Guard (Lv 36); Endeavor (Lv 39)
685,Slurpuff,Fairy,,82,80,86,85,75,72,480,Tackle (Lv 1); Sweet Scent (Lv 1); Play Nice (Lv 1); Fairy Wind (Lv 1); Aromatherapy (Lv 9); Draining Kiss (Lv 12); Fake Tears (Lv 15); Round (Lv 18); String Shot (Lv 21); Cotton Spore (Lv 24); Energy Ball (Lv 27); Wish (Lv 30); Play Rough (Lv 33); Cotton Guard (Lv 36); Endeavor (Lv 39); Sticky Web (Lv 42)
686,Inkay,Dark,Psychic,53,54,53,37,46,45,288,Tackle (Lv 1); Peck (Lv 1); Hypnosis (Lv 3); Wrap (Lv 6); Payback (Lv 9); Pluck (Lv 12); Psybeam (Lv 15); Swagger (Lv 18); Slash (Lv 21); Night Slash (Lv 24); Psycho Cut (Lv 27); Switcheroo (Lv 31); Foul Play (Lv 33); Topsy-Turvy (Lv 36); Superpower (Lv 39)
687,Malamar,Dark,Psychic,86,92,88,68,75,73,482,Tackle (Lv 1); Wrap (Lv 1); Peck (Lv 1); Hypnosis (Lv 1); Reversal (Lv 1); Payback (Lv 9); Pluck (Lv 12); Psybeam (Lv 15); Swagger (Lv 18); Slash (Lv 21); Night Slash (Lv 24); Psycho Cut (Lv 27); Switcheroo (Lv 33); Foul Play (Lv 37); Topsy-Turvy (Lv 42); Superpower (Lv 47)
688,Binacle,Rock,Water,42,52,67,39,56,50,306,Mud-Slap (Lv 1); Scratch (Lv 1); Withdraw (Lv 4); Water Gun (Lv 8); Fury Cutter (Lv 12); Fury Swipes (Lv 16); Ancient Power (Lv 20); Rock Polish (Lv 24); Slash (Lv 28); Hone Claws (Lv 32); Razor Shell (Lv 36); Shell Smash (Lv 40); Cross Chop (Lv 44)
689,Barbaracle,Rock,Water,72,105,115,54,86,68,500,Skull Bash (Lv 1); Mud-Slap (Lv 1); Scratch (Lv 1); Withdraw (Lv 1); Water Gun (Lv 1); Fury Cutter (Lv 12); Fury Swipes (Lv 16); Ancient Power (Lv 20); Rock Polish (Lv 24); Slash (Lv 28); Hone Claws (Lv 32); Razor Shell (Lv 36); Shell Smash (Lv 42); Cross Chop (Lv 48); Stone Edge (Lv 54)
690,Skrelp,Poison,Water,50,60,60,60,60,30,320,Tackle (Lv 1); Smokescreen (Lv 1); Acid (Lv 5); Water Gun (Lv 10); Tail Whip (Lv 15); Double Team (Lv 20); Poison Tail (Lv 25); Water Pulse (Lv 30); Toxic (Lv 35); Dragon Pulse (Lv 40); Aqua Tail (Lv 45); Sludge Bomb (Lv 50); Hydro Pump (Lv 55)
691,Dragalge,Poison,Dragon,65,75,90,97,123,44,494,Tackle (Lv 1); Acid (Lv 1); Water Gun (Lv 1); Smokescreen (Lv 1); Tail Whip (Lv 15); Double Team (Lv 20); Poison Tail (Lv 25); Water Pulse (Lv 30); Toxic (Lv 35); Dragon Pulse (Lv 40); Aqua Tail (Lv 45); Sludge Bomb (Lv 52); Hydro Pump (Lv 59); Outrage (Lv 66)
692,Clauncher,Water,,50,53,62,58,63,44,330,Water Gun (Lv 1); Splash (Lv 1); Flail (Lv 10); Aqua Jet (Lv 15); Smack Down (Lv 20); Hone Claws (Lv 25); Water Pulse (Lv 30); Swords Dance (Lv 35); Aura Sphere (Lv 40); Bounce (Lv 45); Muddy Water (Lv 50); Crabhammer (Lv 55)
693,Clawitzer,Water,,71,73,88,120,89,59,500,Water Gun (Lv 1); Splash (Lv 1); Flail (Lv 1); Dark Pulse (Lv 1); Dragon Pulse (Lv 1); Heal Pulse (Lv 1); Aqua Jet (Lv 15); Smack Down (Lv 20); Hone Claws (Lv 25); Water Pulse (Lv 30); Swords Dance (Lv 35); Aura Sphere (Lv 42); Bounce (Lv 49); Muddy Water (Lv 56); Crabhammer (Lv 63)
694,Helioptile,Electric,Normal,44,38,33,61,43,70,289,Mud-Slap (Lv 1); Tail Whip (Lv 1); Pound (Lv 4); Thunder Shock (Lv 8); Quick Attack (Lv 12); Charge (Lv 16); Bulldoze (Lv 20); Volt Switch (Lv 24); Parabolic Charge (Lv 28); Thunder Wave (Lv 32); Thunderbolt (Lv 36); Electrify (Lv 40); Thunder (Lv 44)
695,Heliolisk,Electric,Normal,62,55,52,109,94,109,481,Eerie Impulse (Lv 1); Discharge (Lv 1); Quick Attack (Lv 1); Charge (Lv 1); Bulldoze (Lv 1); Volt Switch (Lv 1); Parabolic Charge (Lv 1); Thunder Wave (Lv 1); Thunderbolt (Lv 1); Electrify (Lv 1); Thunder (Lv 1); Mud-Slap (Lv 1); Tail Whip (Lv 1); Pound (Lv 1); Thunder Shock (Lv 1)
696,Tyrunt,Rock,Dragon,58,89,77,45,45,48,362,Tackle (Lv 1); Tail Whip (Lv 1); Roar (Lv 4); Ancient Power (Lv 8); Charm (Lv 12); Bite (Lv 16); Dragon Tail (Lv 20); Stomp (Lv 24); Rock Slide (Lv 28); Crunch (Lv 32); Dragon Claw (Lv 36); Thrash (Lv 40); Earthquake (Lv 44); Horn Drill (Lv 48)
697,Tyrantrum,Rock,Dragon,82,121,119,69,59,71,521,Tackle (Lv 1); Tail Whip (Lv 1); Roar (Lv 1); Ancient Power (Lv 1); Charm (Lv 12); Bite (Lv 16); Dragon Tail (Lv 20); Stomp (Lv 24); Rock Slide (Lv 28); Crunch (Lv 32); Dragon Claw (Lv 36); Thrash (Lv 42); Earthquake (Lv 48); Horn Drill (Lv 54); Giga Impact (Lv 60); Head Smash (Lv 66)
698,Amaura,Rock,Ice,77,59,50,67,63,46,362,Powder Snow (Lv 1); Growl (Lv 1); Encore (Lv 4); Ancient Power (Lv 8); Icy Wind (Lv 12); Round (Lv 16); Mist (Lv 20); Aurora Beam (Lv 24); Thunder Wave (Lv 28); Nature Power (Lv 32); Freeze-Dry (Lv 36); Ice Beam (Lv 40); Light Screen (Lv 44); Hail (Lv 48); Blizzard (Lv 52); Hyper Beam (Lv 56)
699,Aurorus,Rock,Ice,123,77,72,99,92,58,521,Powder Snow (Lv 1); Growl (Lv 1); Encore (Lv 1); Ancient Power (Lv 1); Icy Wind (Lv 12); Round (Lv 16); Mist (Lv 20); Aurora Beam (Lv 24); Thunder Wave (Lv 28); Nature Power (Lv 32); Freeze-Dry (Lv 36); Ice Beam (Lv 42); Light Screen (Lv 48); Hail (Lv 54); Blizzard (Lv 60); Hyper Beam (Lv 66)
700,Sylveon,Fairy,,95,65,65,110,130,60,525,Disarming Voice (Lv 0); Baton Pass (Lv 1); Tackle (Lv 1); Take Down (Lv 1); Double-Edge (Lv 1); Tail Whip (Lv 1); Bite (Lv 1); Growl (Lv 1); Copycat (Lv 1); Covet (Lv 1); Charm (Lv 1); Helping Hand (Lv 1); Sand Attack (Lv 5); Quick Attack (Lv 10); Baby-Doll Eyes (Lv 15); Swift (Lv 20); Light Screen (Lv 25); Draining Kiss (Lv 30); Misty Terrain (Lv 35); Skill Swap (Lv 40); Psych Up (Lv 45); Moonblast (Lv 50); Last Resort (Lv 55)
701,Hawlucha,Fighting,Flying,78,92,75,74,63,118,500,Tackle (Lv 1); Hone Claws (Lv 1); Wing Attack (Lv 4); Detect (Lv 8); Aerial Ace (Lv 12); Encore (Lv 16); Feather Dance (Lv 20); Brick Break (Lv 24); Bounce (Lv 28); Taunt (Lv 32); Roost (Lv 36); Swords Dance (Lv 40); Flying Press (Lv 44); High Jump Kick (Lv 48); Endeavor (Lv 52); Sky Attack (Lv 56)
702,Dedenne,Electric,Fairy,67,58,57,81,67,101,431,Tail Whip (Lv 1); Nuzzle (Lv 1); Tackle (Lv 5); Charge (Lv 10); Thunder Shock (Lv 15); Charm (Lv 20); Parabolic Charge (Lv 25); Volt Switch (Lv 30); Rest (Lv 35); Snore (Lv 35); Discharge (Lv 40); Play Rough (Lv 45); Super Fang (Lv 50); Entrainment (Lv 55); Thunder (Lv 60)
703,Carbink,Rock,Fairy,50,50,150,50,150,50,500,Tackle (Lv 1); Harden (Lv 1); Guard Split (Lv 5); Smack Down (Lv 10); Flail (Lv 15); Ancient Power (Lv 20); Rock Polish (Lv 25); Light Screen (Lv 30); Rock Slide (Lv 35); Skill Swap (Lv 40); Power Gem (Lv 45); Stealth Rock (Lv 50); Moonblast (Lv 55); Stone Edge (Lv 60)
704,Goomy,Dragon,,45,50,35,55,75,40,300,Tackle (Lv 1); Absorb (Lv 1); Water Gun (Lv 5); Dragon Breath (Lv 10); Protect (Lv 15); Flail (Lv 20); Water Pulse (Lv 25); Rain Dance (Lv 30); Dragon Pulse (Lv 35); Curse (Lv 41); Body Slam (Lv 45); Muddy Water (Lv 50)
705,Sliggoo,Dragon,,68,75,53,83,113,60,452,Acid Spray (Lv 0); Tackle (Lv 1); Water Gun (Lv 1); Absorb (Lv 1); Acid Armor (Lv 1); Dragon Breath (Lv 1); Protect (Lv 15); Flail (Lv 20); Water Pulse (Lv 25); Rain Dance (Lv 30); Dragon Pulse (Lv 35); Curse (Lv 43); Body Slam (Lv 49); Muddy Water (Lv 56)
706,Goodra,Dragon,,90,100,70,110,150,80,600,Aqua Tail (Lv 0); Tearful Look (Lv 1); Feint (Lv 1); Poison Tail (Lv 1); Acid Spray (Lv 1); Dragon Breath (Lv 1); Tackle (Lv 1); Absorb (Lv 1); Water Gun (Lv 1); Protect (Lv 15); Flail (Lv 20); Water Pulse (Lv 25); Rain Dance (Lv 30); Curse (Lv 43); Body Slam (Lv 49); Muddy Water (Lv 58); Power Whip (Lv 67)
707,Klefki,Steel,Fairy,57,80,91,80,87,75,470,Astonish (Lv 1); Tackle (Lv 4); Fairy Wind (Lv 8); Torment (Lv 12); Fairy Lock (Lv 16); Metal Sound (Lv 20); Draining Kiss (Lv 24); Recycle (Lv 28); Imprison (Lv 32); Flash Cannon (Lv 36); Play Rough (Lv 40); Magic Room (Lv 44); Foul Play (Lv 48); Last Resort (Lv 52)
708,Phantump,Ghost,Grass,43,70,48,50,60,38,309,Tackle (Lv 1); Astonish (Lv 1); Branch Poke (Lv 4); Leech Seed (Lv 8); Confuse Ray (Lv 12); Will-O-Wisp (Lv 16); Hex (Lv 20); Growth (Lv 24); Horn Leech (Lv 28); Curse (Lv 32); Phantom Force (Lv 36); Ingrain (Lv 40); Wood Hammer (Lv 44); Destiny Bond (Lv 48); Forest’s Curse (Lv 52)
709,Trevenant,Ghost,Grass,85,110,76,65,82,56,474,Shadow Claw (Lv 0); Tackle (Lv 1); Leech Seed (Lv 1); Astonish (Lv 1); Branch Poke (Lv 1); Confuse Ray (Lv 12); Will-O-Wisp (Lv 16); Hex (Lv 20); Growth (Lv 24); Horn Leech (Lv 28); Curse (Lv 32); Phantom Force (Lv 36); Ingrain (Lv 40); Wood Hammer (Lv 44); Destiny Bond (Lv 48); Forest’s Curse (Lv 52)
710,Pumpkaboo,Ghost,Grass,49,66,70,44,55,51,335,Trick-or-Treat (Lv 1); Astonish (Lv 1); Shadow Sneak (Lv 4); Confuse Ray (Lv 8); Razor Leaf (Lv 12); Leech Seed (Lv 16); Bullet Seed (Lv 20); Scary Face (Lv 24); Worry Seed (Lv 28); Seed Bomb (Lv 32); Shadow Ball (Lv 36); Trick (Lv 40); Pain Split (Lv 44)
711,Gourgeist,Ghost,Grass,65,90,122,58,75,84,494,Explosion (Lv 1); Moonblast (Lv 1); Trick-or-Treat (Lv 1); Astonish (Lv 1); Shadow Sneak (Lv 1); Confuse Ray (Lv 1); Razor Leaf (Lv 12); Leech Seed (Lv 16); Bullet Seed (Lv 20); Scary Face (Lv 24); Worry Seed (Lv 28); Seed Bomb (Lv 32); Shadow Ball (Lv 36); Trick (Lv 40); Pain Split (Lv 44); Phantom Force (Lv 48)
712,Bergmite,Ice,,55,69,85,32,35,28,304,Harden (Lv 1); Rapid Spin (Lv 1); Tackle (Lv 3); Powder Snow (Lv 6); Curse (Lv 9); Icy Wind (Lv 12); Protect (Lv 15); Avalanche (Lv 18); Bite (Lv 21); Ice Fang (Lv 24); Iron Defense (Lv 27); Recover (Lv 30); Crunch (Lv 33); Take Down (Lv 36); Blizzard (Lv 39); Double-Edge (Lv 42)
713,Avalugg,Ice,,95,117,184,44,46,28,514,Body Slam (Lv 0); Powder Snow (Lv 1); Rapid Spin (Lv 1); Wide Guard (Lv 1); Harden (Lv 1); Tackle (Lv 1); Curse (Lv 9); Icy Wind (Lv 12); Protect (Lv 15); Avalanche (Lv 18); Bite (Lv 21); Ice Fang (Lv 24); Iron Defense (Lv 27); Recover (Lv 30); Crunch (Lv 33); Take Down (Lv 36); Blizzard (Lv 41); Double-Edge (Lv 46); Icicle Crash (Lv 51)
714,Noibat,Flying,Dragon,40,30,35,45,40,55,245,Tackle (Lv 1); Absorb (Lv 1); Gust (Lv 4); Supersonic (Lv 8); Double Team (Lv 12); Wing Attack (Lv 16); Bite (Lv 20); Air Cutter (Lv 24); Whirlwind (Lv 28); Super Fang (Lv 32); Air Slash (Lv 36); Screech (Lv 40); Roost (Lv 44); Tailwind (Lv 49); Hurricane (Lv 52)
715,Noivern,Flying,Dragon,85,70,80,97,80,123,535,Dragon Pulse (Lv 0); Gust (Lv 1); Moonlight (Lv 1); Tackle (Lv 1); Absorb (Lv 1); Supersonic (Lv 1); Double Team (Lv 12); Wing Attack (Lv 16); Bite (Lv 20); Air Cutter (Lv 24); Whirlwind (Lv 28); Super Fang (Lv 32); Air Slash (Lv 36); Screech (Lv 40); Roost (Lv 44); Tailwind (Lv 51); Hurricane (Lv 56); Boomburst (Lv 62)
716,Xerneas,Fairy,,126,131,95,131,98,99,680,Tackle (Lv 1); Gravity (Lv 1); Light Screen (Lv 5); Aurora Beam (Lv 10); Nature Power (Lv 15); Night Slash (Lv 20); Aromatherapy (Lv 25); Psych Up (Lv 30); Horn Leech (Lv 35); Misty Terrain (Lv 40); Ingrain (Lv 45); Take Down (Lv 50); Geomancy (Lv 55); Moonblast (Lv 60); Heal Pulse (Lv 65); Megahorn (Lv 70); Close Combat (Lv 75); Outrage (Lv 80); Giga Impact (Lv 85)
717,Yveltal,Dark,Flying,126,131,95,131,98,99,680,Gust (Lv 1); Double Team (Lv 1); Taunt (Lv 5); Snarl (Lv 10); Disable (Lv 15); Sucker Punch (Lv 20); Tailwind (Lv 25); Roost (Lv 30); Air Slash (Lv 35); Dark Pulse (Lv 40); Psychic (Lv 45); Oblivion Wing (Lv 50); Phantom Force (Lv 55); Foul Play (Lv 60); Dragon Rush (Lv 65); Hurricane (Lv 70); Focus Blast (Lv 75); Sky Attack (Lv 80); Hyper Beam (Lv 85)
718,Zygarde,Dragon,Ground,108,100,121,81,95,95,600,Thousand Arrows (Lv 1); Thousand Waves (Lv 1); Core Enforcer (Lv 1); Bind (Lv 1); Bulldoze (Lv 1); Dragon Breath (Lv 1); Bite (Lv 1); Haze (Lv 8); Dig (Lv 16); Safeguard (Lv 24); Crunch (Lv 32); Dragon Pulse (Lv 40); Land’s Wrath (Lv 48); Glare (Lv 56); Sandstorm (Lv 64); Coil (Lv 72); Earthquake (Lv 80); Outrage (Lv 88)
719,Diancie,Rock,Fairy,50,100,150,100,150,50,600,Tackle (Lv 1); Harden (Lv 1); Diamond Storm (Lv 1); Guard Split (Lv 7); Smack Down (Lv 14); Flail (Lv 21); Ancient Power (Lv 28); Rock Polish (Lv 35); Light Screen (Lv 42); Rock Slide (Lv 49); Skill Swap (Lv 56); Power Gem (Lv 63); Stealth Rock (Lv 70); Moonblast (Lv 77); Stone Edge (Lv 84)
720,Hoopa,Psychic,Ghost,80,110,60,150,130,70,600,Confusion (Lv 1); Ally Switch (Lv 1); Destiny Bond (Lv 1); Astonish (Lv 6); Trick (Lv 10); Light Screen (Lv 15); Psybeam (Lv 19); Skill Swap (Lv 25); Guard Split (Lv 29); Power Split (Lv 29); Phantom Force (Lv 35); Zen Headbutt (Lv 46); Trick Room (Lv 50); Wonder Room (Lv 50); Shadow Ball (Lv 55); Nasty Plot (Lv 68); Psychic (Lv 75); Hyperspace Hole (Lv 85)
721,Volcanion,Fire,Water,80,110,120,130,90,70,600,Steam Eruption (Lv 1); Water Gun (Lv 1); Fire Spin (Lv 1); Leer (Lv 6); Weather Ball (Lv 12); Flame Charge (Lv 18); Water Pulse (Lv 24); Scary Face (Lv 30); Incinerate (Lv 36); Stomp (Lv 42); Scald (Lv 48); Take Down (Lv 54); Mist (Lv 60); Haze (Lv 60); Hydro Pump (Lv 66); Flare Blitz (Lv 78); Overheat (Lv 84); Explosion (Lv 90)
722,Rowlet,Grass,Flying,68,55,55,50,50,42,320,Tackle (Lv 1); Growl (Lv 1); Leafage (Lv 3); Astonish (Lv 6); Peck (Lv 9); Shadow Sneak (Lv 12); Razor Leaf (Lv 15); Synthesis (Lv 18); Pluck (Lv 21); Nasty Plot (Lv 24); Sucker Punch (Lv 27); Leaf Blade (Lv 30); Feather Dance (Lv 33); Brave Bird (Lv 36)
723,Dartrix,Grass,Flying,78,75,75,70,70,52,420,Tackle (Lv 1); Growl (Lv 1); Astonish (Lv 1); Leafage (Lv 1); Peck (Lv 9); Shadow Sneak (Lv 12); Razor Leaf (Lv 15); Synthesis (Lv 20); Pluck (Lv 25); Nasty Plot (Lv 30); Sucker Punch (Lv 35); Leaf Blade (Lv 40); Feather Dance (Lv 45); Brave Bird (Lv 50)
724,Decidueye,Grass,Ghost,78,107,75,100,100,70,530,Spirit Shackle (Lv 0); Leafage (Lv 1); Phantom Force (Lv 1); Leaf Storm (Lv 1); U-turn (Lv 1); Astonish (Lv 1); Tackle (Lv 1); Spite (Lv 1); Growl (Lv 1); Peck (Lv 9); Shadow Sneak (Lv 12); Razor Leaf (Lv 15); Synthesis (Lv 20); Pluck (Lv 25); Nasty Plot (Lv 30); Sucker Punch (Lv 37); Leaf Blade (Lv 44); Feather Dance (Lv 51); Brave Bird (Lv 58)
725,Litten,Fire,,45,65,40,60,40,70,320,Scratch (Lv 1); Growl (Lv 1); Ember (Lv 3); Lick (Lv 6); Roar (Lv 9); Fury Swipes (Lv 12); Bite (Lv 15); Double Kick (Lv 18); Fire Fang (Lv 21); Scary Face (Lv 24); Swagger (Lv 27); Flamethrower (Lv 30); Thrash (Lv 33); Flare Blitz (Lv 36)
726,Torracat,Fire,,65,85,50,80,50,90,420,Scratch (Lv 1); Growl (Lv 1); Ember (Lv 1); Lick (Lv 1); Roar (Lv 9); Fury Swipes (Lv 12); Bite (Lv 15); Double Kick (Lv 20); Fire Fang (Lv 25); Scary Face (Lv 30); Swagger (Lv 35); Flamethrower (Lv 40); Thrash (Lv 45); Flare Blitz (Lv 50)
727,Incineroar,Fire,Dark,95,115,90,80,90,60,530,Darkest Lariat (Lv 0); Ember (Lv 1); Lick (Lv 1); Cross Chop (Lv 1); Bulk Up (Lv 1); Roar (Lv 9); Fury Swipes (Lv 12); Bite (Lv 15); Double Kick (Lv 20); Fire Fang (Lv 25); Scary Face (Lv 30); Swagger (Lv 32); Flamethrower (Lv 44); Thrash (Lv 51); Flare Blitz (Lv 58)
728,Popplio,Water,,50,54,54,66,56,40,320,Pound (Lv 1); Growl (Lv 1); Water Gun (Lv 3); Disarming Voice (Lv 6); Aqua Jet (Lv 9); Baby-Doll Eyes (Lv 12); Icy Wind (Lv 15); Sing (Lv 18); Bubble Beam (Lv 21); Encore (Lv 24); Misty Terrain (Lv 27); Hyper Voice (Lv 30); Moonblast (Lv 33); Hydro Pump (Lv 36)
729,Brionne,Water,,60,69,69,91,81,50,420,Pound (Lv 1); Growl (Lv 1); Water Gun (Lv 1); Disarming Voice (Lv 1); Aqua Jet (Lv 9); Baby-Doll Eyes (Lv 12); Icy Wind (Lv 15); Sing (Lv 20); Bubble Beam (Lv 25); Encore (Lv 30); Misty Terrain (Lv 35); Hyper Voice (Lv 40); Moonblast (Lv 45); Hydro Pump (Lv 50)
730,Primarina,Water,Fairy,80,74,74,126,116,60,530,Sparkling Aria (Lv 0); Pound (Lv 1); Growl (Lv 1); Water Gun (Lv 1); Disarming Voice (Lv 1); Aqua Jet (Lv 9); Baby-Doll Eyes (Lv 12); Icy Wind (Lv 15); Sing (Lv 20); Bubble Beam (Lv 25); Encore (Lv 30); Misty Terrain (Lv 37); Hyper Voice (Lv 44); Moonblast (Lv 51); Hydro Pump (Lv 58)
731,Pikipek,Normal,Flying,35,75,30,30,30,65,265,Peck (Lv 1); Growl (Lv 3); Echoed Voice (Lv 7); Rock Smash (Lv 9); Supersonic (Lv 13); Pluck (Lv 15); Roost (Lv 19); Fury Attack (Lv 21); Screech (Lv 25); Drill Peck (Lv 27); Bullet Seed (Lv 31); Feather Dance (Lv 33); Hyper Voice (Lv 37)
732,Trumbeak,Normal,Flying,55,85,50,40,50,75,355,Growl (Lv 1); Peck (Lv 1); Rock Smash (Lv 1); Rock Blast (Lv 1); Supersonic (Lv 13); Pluck (Lv 16); Roost (Lv 21); Fury Attack (Lv 24); Screech (Lv 29); Drill Peck (Lv 32); Bullet Seed (Lv 37); Feather Dance (Lv 40); Hyper Voice (Lv 45)
733,Toucannon,Normal,Flying,80,120,75,75,75,60,485,Beak Blast (Lv 0); Growl (Lv 1); Peck (Lv 1); Rock Smash (Lv 1); Rock Blast (Lv 1); Echoed Voice (Lv 1); Supersonic (Lv 13); Pluck (Lv 16); Roost (Lv 21); Fury Attack (Lv 24); Screech (Lv 30); Drill Peck (Lv 34); Bullet Seed (Lv 40); Feather Dance (Lv 44); Hyper Voice (Lv 50)
734,Yungoos,Normal,,48,70,30,30,30,45,253,Tackle (Lv 1); Leer (Lv 3); Payback (Lv 7); Sand Attack (Lv 10); Work Up (Lv 13); Bite (Lv 19); Mud-Slap (Lv 22); Super Fang (Lv 25); Take Down (Lv 28); Scary Face (Lv 31); Crunch (Lv 34); Yawn (Lv 37); Thrash (Lv 40); Rest (Lv 43)
735,Gumshoos,Normal,,88,110,60,55,60,45,418,Sand Attack (Lv 1); Tackle (Lv 1); Leer (Lv 1); Payback (Lv 1); Work Up (Lv 13); Bite (Lv 19); Mud-Slap (Lv 23); Super Fang (Lv 27); Take Down (Lv 31); Scary Face (Lv 35); Crunch (Lv 39); Yawn (Lv 43); Thrash (Lv 47); Rest (Lv 52)
736,Grubbin,Bug,,47,62,45,55,45,46,300,Vise Grip (Lv 1); Mud-Slap (Lv 1); String Shot (Lv 5); Bug Bite (Lv 10); Bite (Lv 15); Spark (Lv 21); Sticky Web (Lv 25); X-Scissor (Lv 30); Crunch (Lv 35); Dig (Lv 40)
737,Charjabug,Bug,Electric,57,82,95,55,75,36,400,Charge (Lv 0); Vise Grip (Lv 1); String Shot (Lv 1); Mud-Slap (Lv 1); Bug Bite (Lv 1); Bite (Lv 15); Spark (Lv 23); Sticky Web (Lv 29); X-Scissor (Lv 36); Crunch (Lv 43); Dig (Lv 50); Iron Defense (Lv 57); Discharge (Lv 64)
738,Vikavolt,Bug,Electric,77,70,90,145,75,43,500,Thunderbolt (Lv 0); String Shot (Lv 1); Crunch (Lv 1); Charge (Lv 1); Discharge (Lv 1); Bite (Lv 15); Spark (Lv 23); Sticky Web (Lv 29); Bug Buzz (Lv 36); Guillotine (Lv 43); Fly (Lv 50); Agility (Lv 57); Zap Cannon (Lv 64)
739,Crabrawler,Fighting,,47,82,57,42,47,63,338,Rock Smash (Lv 5); Leer (Lv 9); Bubble Beam (Lv 13); Protect (Lv 17); Brick Break (Lv 22); Slam (Lv 25); Payback (Lv 29); Reversal (Lv 33); Crabhammer (Lv 37); Iron Defense (Lv 42); Dynamic Punch (Lv 45); Close Combat (Lv 49)
740,Crabominable,Fighting,Ice,97,132,77,62,67,43,478,Ice Punch (Lv 0); Leer (Lv 1); Protect (Lv 1); Rock Smash (Lv 1); Bubble Beam (Lv 17); Brick Break (Lv 22); Slam (Lv 25); Avalanche (Lv 29); Reversal (Lv 33); Ice Hammer (Lv 37); Iron Defense (Lv 42); Dynamic Punch (Lv 45); Close Combat (Lv 49)
741,Oricorio,Fire,Flying,75,70,70,98,70,93,476,Pound (Lv 1); Growl (Lv 4); Peck (Lv 6); Helping Hand (Lv 10); Air Cutter (Lv 13); Baton Pass (Lv 16); Feather Dance (Lv 20); Acrobatics (Lv 23); Teeter Dance (Lv 26); Roost (Lv 30); Flatter (Lv 33); Air Slash (Lv 36); Revelation Dance (Lv 40); Agility (Lv 43); Hurricane (Lv 47)
742,Cutiefly,Bug,Fairy,40,45,40,55,40,84,304,Absorb (Lv 1); Fairy Wind (Lv 1); Stun Spore (Lv 6); Sweet Scent (Lv 12); Draining Kiss (Lv 18); Struggle Bug (Lv 24); Covet (Lv 30); Switcheroo (Lv 36); Dazzling Gleam (Lv 42); Bug Buzz (Lv 48); Quiver Dance (Lv 54)
743,Ribombee,Bug,Fairy,60,55,60,95,70,124,464,Pollen Puff (Lv 0); Absorb (Lv 1); Stun Spore (Lv 1); Sweet Scent (Lv 1); Fairy Wind (Lv 1); Draining Kiss (Lv 18); Struggle Bug (Lv 24); Covet (Lv 32); Switcheroo (Lv 40); Dazzling Gleam (Lv 48); Bug Buzz (Lv 56); Quiver Dance (Lv 64)
744,Rockruff,Rock,,45,65,40,30,40,60,280,Tackle (Lv 1); Leer (Lv 1); Sand Attack (Lv 4); Double Team (Lv 8); Rock Throw (Lv 12); Howl (Lv 16); Bite (Lv 20); Rock Tomb (Lv 24); Roar (Lv 28); Rock Slide (Lv 32); Crunch (Lv 36); Scary Face (Lv 40); Stealth Rock (Lv 44); Stone Edge (Lv 48)
745,Lycanroc,Rock,,75,115,65,55,65,112,487,Sucker Punch (Lv 0); Accelerock (Lv 1); Quick Guard (Lv 1); Double Team (Lv 1); Quick Attack (Lv 1); Sand Attack (Lv 1); Leer (Lv 1); Tackle (Lv 1); Rock Throw (Lv 12); Howl (Lv 16); Bite (Lv 20); Rock Tomb (Lv 24); Roar (Lv 30); Rock Slide (Lv 36); Crunch (Lv 42); Scary Face (Lv 48); Stealth Rock (Lv 54); Stone Edge (Lv 60)
746,Wishiwashi,Water,,45,20,20,25,25,40,175,Water Gun (Lv 1); Growl (Lv 1); Helping Hand (Lv 4); Beat Up (Lv 8); Brine (Lv 12); Tearful Look (Lv 16); Dive (Lv 20); Soak (Lv 24); Uproar (Lv 28); Aqua Tail (Lv 32); Aqua Ring (Lv 36); Endeavor (Lv 40); Hydro Pump (Lv 44); Double-Edge (Lv 48)
747,Mareanie,Poison,Water,50,53,62,43,52,45,305,Poison Sting (Lv 1); Peck (Lv 1); Wide Guard (Lv 5); Bite (Lv 10); Venoshock (Lv 15); Recover (Lv 20); Pin Missile (Lv 25); Toxic Spikes (Lv 30); Liquidation (Lv 35); Acid Spray (Lv 40); Poison Jab (Lv 45); Toxic (Lv 50)
748,Toxapex,Poison,Water,50,63,152,53,142,35,495,Baneful Bunker (Lv 0); Poison Sting (Lv 1); Bite (Lv 1); Peck (Lv 1); Wide Guard (Lv 1); Venoshock (Lv 15); Recover (Lv 20); Pin Missile (Lv 25); Toxic Spikes (Lv 30); Liquidation (Lv 35); Acid Spray (Lv 42); Poison Jab (Lv 49); Toxic (Lv 56)
749,Mudbray,Ground,,70,100,70,45,55,45,385,Mud-Slap (Lv 1); Rock Smash (Lv 1); Iron Defense (Lv 4); Double Kick (Lv 8); Bulldoze (Lv 12); Stomp (Lv 16); Strength (Lv 20); Counter (Lv 24); High Horsepower (Lv 28); Heavy Slam (Lv 32); Earthquake (Lv 36); Mega Kick (Lv 40); Superpower (Lv 44)
750,Mudsdale,Ground,,100,125,100,55,85,35,500,Double Kick (Lv 1); Mud-Slap (Lv 1); Rock Smash (Lv 1); Iron Defense (Lv 1); Bulldoze (Lv 12); Stomp (Lv 16); Strength (Lv 20); Counter (Lv 24); High Horsepower (Lv 28); Heavy Slam (Lv 34); Earthquake (Lv 40); Mega Kick (Lv 46); Superpower (Lv 52)
751,Dewpider,Water,Bug,38,40,52,40,72,27,269,Water Gun (Lv 1); Infestation (Lv 1); Bug Bite (Lv 4); Bite (Lv 8); Bubble Beam (Lv 12); Aqua Ring (Lv 16); Headbutt (Lv 20); Crunch (Lv 24); Soak (Lv 28); Entrainment (Lv 32); Lunge (Lv 36); Liquidation (Lv 40); Leech Life (Lv 44); Mirror Coat (Lv 48)
752,Araquanid,Water,Bug,68,70,92,50,132,42,454,Bite (Lv 1); Water Gun (Lv 1); Bug Bite (Lv 1); Wide Guard (Lv 1); Infestation (Lv 1); Bubble Beam (Lv 12); Aqua Ring (Lv 16); Headbutt (Lv 20); Crunch (Lv 26); Soak (Lv 32); Entrainment (Lv 38); Lunge (Lv 44); Liquidation (Lv 50); Leech Life (Lv 56); Mirror Coat (Lv 62)
753,Fomantis,Grass,,40,55,35,50,35,35,250,Fury Cutter (Lv 1); Leafage (Lv 1); Growth (Lv 5); Ingrain (Lv 10); Razor Leaf (Lv 15); Sweet Scent (Lv 20); Slash (Lv 25); X-Scissor (Lv 30); Synthesis (Lv 35); Leaf Blade (Lv 40); Sunny Day (Lv 45); Solar Beam (Lv 50)
754,Lurantis,Grass,,70,105,90,80,90,45,480,Petal Blizzard (Lv 0); Growth (Lv 1); Solar Beam (Lv 1); Fury Cutter (Lv 1); Ingrain (Lv 1); Night Slash (Lv 1); Leafage (Lv 1); Razor Leaf (Lv 15); Sweet Scent (Lv 20); Slash (Lv 25); X-Scissor (Lv 30); Synthesis (Lv 37); Leaf Blade (Lv 44); Sunny Day (Lv 51); Solar Blade (Lv 63)
755,Morelull,Grass,Fairy,40,35,55,65,75,15,285,Absorb (Lv 1); Astonish (Lv 1); Confuse Ray (Lv 4); Ingrain (Lv 8); Mega Drain (Lv 12); Sleep Powder (Lv 16); Moonlight (Lv 20); Strength Sap (Lv 25); Giga Drain (Lv 28); Dazzling Gleam (Lv 32); Spore (Lv 36); Moonblast (Lv 40); Dream Eater (Lv 44)
756,Shiinotic,Grass,Fairy,60,45,80,90,100,30,405,Absorb (Lv 1); Astonish (Lv 1); Confuse Ray (Lv 1); Ingrain (Lv 1); Mega Drain (Lv 12); Sleep Powder (Lv 16); Moonlight (Lv 20); Strength Sap (Lv 27); Giga Drain (Lv 32); Dazzling Gleam (Lv 38); Spore (Lv 44); Moonblast (Lv 50); Dream Eater (Lv 56)
757,Salandit,Poison,Fire,48,44,40,71,40,77,320,Scratch (Lv 1); Poison Gas (Lv 1); Smog (Lv 5); Ember (Lv 10); Poison Fang (Lv 15); Sweet Scent (Lv 20); Nasty Plot (Lv 25); Incinerate (Lv 30); Venoshock (Lv 35); Dragon Pulse (Lv 40); Flamethrower (Lv 45); Toxic (Lv 50); Endeavor (Lv 55)
758,Salazzle,Poison,Fire,68,64,60,111,60,117,480,Fire Lash (Lv 0); Endeavor (Lv 1); Knock Off (Lv 1); Torment (Lv 1); Swagger (Lv 1); Poison Gas (Lv 1); Encore (Lv 1); Ember (Lv 1); Disable (Lv 1); Scratch (Lv 1); Smog (Lv 1); Pound (Lv 1); Poison Fang (Lv 15); Sweet Scent (Lv 20); Nasty Plot (Lv 25); Incinerate (Lv 30); Venoshock (Lv 37); Dragon Pulse (Lv 44); Flamethrower (Lv 51); Toxic (Lv 58)
759,Stufful,Normal,Fighting,70,75,50,45,50,50,340,Tackle (Lv 1); Leer (Lv 1); Baby-Doll Eyes (Lv 4); Payback (Lv 8); Brutal Swing (Lv 12); Endure (Lv 16); Strength (Lv 20); Take Down (Lv 24); Flail (Lv 28); Hammer Arm (Lv 32); Thrash (Lv 36); Pain Split (Lv 40); Double-Edge (Lv 44); Superpower (Lv 48)
760,Bewear,Normal,Fighting,120,125,80,55,60,60,500,Bind (Lv 0); Tackle (Lv 1); Leer (Lv 1); Baby-Doll Eyes (Lv 1); Payback (Lv 1); Brutal Swing (Lv 12); Endure (Lv 16); Strength (Lv 20); Take Down (Lv 24); Flail (Lv 30); Hammer Arm (Lv 36); Thrash (Lv 42); Pain Split (Lv 48); Double-Edge (Lv 54); Superpower (Lv 60)
761,Bounsweet,Grass,,42,30,38,30,38,32,210,Splash (Lv 1); Play Nice (Lv 4); Rapid Spin (Lv 8); Razor Leaf (Lv 12); Sweet Scent (Lv 16); Magical Leaf (Lv 20); Flail (Lv 24); Teeter Dance (Lv 28); Aromatic Mist (Lv 32)
762,Steenee,Grass,,52,40,48,40,48,62,290,Razor Leaf (Lv 1); Splash (Lv 1); Flail (Lv 1); Rapid Spin (Lv 1); Play Nice (Lv 1); Sweet Scent (Lv 16); Magical Leaf (Lv 22); Stomp (Lv 28); Teeter Dance (Lv 34); Aromatic Mist (Lv 40); Leaf Storm (Lv 46)
763,Tsareena,Grass,,72,120,98,50,98,72,510,Trop Kick (Lv 0); Razor Leaf (Lv 1); Splash (Lv 1); Flail (Lv 1); Swagger (Lv 1); Rapid Spin (Lv 1); Power Whip (Lv 1); Play Nice (Lv 1); Sweet Scent (Lv 16); Magical Leaf (Lv 22); Stomp (Lv 28); Teeter Dance (Lv 34); Aromatic Mist (Lv 40); Leaf Storm (Lv 46); High Jump Kick (Lv 58)
764,Comfey,Fairy,,51,52,90,82,110,100,485,Wrap (Lv 1); Growth (Lv 1); Vine Whip (Lv 3); Helping Hand (Lv 6); Draining Kiss (Lv 9); Charm (Lv 12); Magical Leaf (Lv 15); Synthesis (Lv 18); Leech Seed (Lv 21); Grass Knot (Lv 24); Sweet Kiss (Lv 27); Floral Healing (Lv 30); Petal Blizzard (Lv 33); Bind (Lv 36); Play Rough (Lv 39); Sweet Scent (Lv 42); Petal Dance (Lv 45); Grassy Terrain (Lv 48)
765,Oranguru,Normal,Psychic,90,60,80,90,110,60,490,Confusion (Lv 1); Taunt (Lv 1); After You (Lv 5); Calm Mind (Lv 10); Stored Power (Lv 15); Psych Up (Lv 20); Quash (Lv 25); Nasty Plot (Lv 30); Zen Headbutt (Lv 35); Trick Room (Lv 40); Psychic (Lv 45); Instruct (Lv 50); Foul Play (Lv 55); Future Sight (Lv 60)
766,Passimian,Fighting,,100,120,90,40,60,80,490,Tackle (Lv 1); Leer (Lv 1); Rock Smash (Lv 5); Focus Energy (Lv 10); Beat Up (Lv 15); Scary Face (Lv 20); Take Down (Lv 25); Fling (Lv 30); Bulk Up (Lv 35); Thrash (Lv 40); Double-Edge (Lv 45); Close Combat (Lv 50); Reversal (Lv 55); Giga Impact (Lv 60)
767,Wimpod,Bug,Water,25,35,40,20,30,80,230,Struggle Bug (Lv 1); Sand Attack (Lv 1); Defense Curl (Lv 1)
768,Golisopod,Bug,Water,75,125,140,60,90,40,530,First Impression (Lv 0); Struggle Bug (Lv 1); Sand Attack (Lv 1); Defense Curl (Lv 1); Spite (Lv 1); Rock Smash (Lv 4); Fury Cutter (Lv 8); Mud Shot (Lv 12); Bug Bite (Lv 16); Iron Defense (Lv 20); Sucker Punch (Lv 24); Slash (Lv 28); Razor Shell (Lv 32); Pin Missile (Lv 36); Swords Dance (Lv 40); Liquidation (Lv 44)
769,Sandygast,Ghost,Ground,55,55,80,70,45,15,320,Absorb (Lv 1); Harden (Lv 1); Astonish (Lv 5); Sand Tomb (Lv 10); Mega Drain (Lv 15); Sand Attack (Lv 20); Bulldoze (Lv 25); Hypnosis (Lv 30); Giga Drain (Lv 35); Iron Defense (Lv 40); Shadow Ball (Lv 45); Earth Power (Lv 50); Shore Up (Lv 55); Sandstorm (Lv 60)
770,Palossand,Ghost,Ground,85,75,110,100,75,35,480,Absorb (Lv 1); Harden (Lv 1); Astonish (Lv 1); Sand Tomb (Lv 1); Mega Drain (Lv 15); Sand Attack (Lv 20); Bulldoze (Lv 25); Hypnosis (Lv 30); Giga Drain (Lv 35); Iron Defense (Lv 40); Shadow Ball (Lv 47); Earth Power (Lv 54); Shore Up (Lv 61); Sandstorm (Lv 68)
771,Pyukumuku,Water,,55,60,130,30,130,5,410,Baton Pass (Lv 1); Harden (Lv 1); Helping Hand (Lv 5); Taunt (Lv 10); Safeguard (Lv 15); Counter (Lv 20); Purify (Lv 25); Curse (Lv 30); Gastro Acid (Lv 35); Pain Split (Lv 40); Recover (Lv 45); Soak (Lv 50); Toxic (Lv 55); Memento (Lv 60)
772,Type: Null,Normal,,95,95,95,95,95,59,534,Tackle (Lv 1); Imprison (Lv 1); Aerial Ace (Lv 5); Scary Face (Lv 10); Double Hit (Lv 15); Metal Sound (Lv 20); Crush Claw (Lv 25); Air Slash (Lv 30); Tri Attack (Lv 35); X-Scissor (Lv 40); Iron Head (Lv 45); Take Down (Lv 50); Double-Edge (Lv 55)
773,Silvally,Normal,,95,95,95,95,95,95,570,Multi-Attack (Lv 0); Explosion (Lv 1); Thunder Fang (Lv 1); Ice Fang (Lv 1); Fire Fang (Lv 1); Poison Fang (Lv 1); Imprison (Lv 1); Iron Head (Lv 1); Tackle (Lv 1); Bite (Lv 1); Aerial Ace (Lv 1); Scary Face (Lv 1); Double Hit (Lv 15); Metal Sound (Lv 20); Crush Claw (Lv 25); Air Slash (Lv 30); Tri Attack (Lv 35); X-Scissor (Lv 40); Crunch (Lv 45); Take Down (Lv 50); Double-Edge (Lv 55); Parting Shot (Lv 60)
774,Minior,Rock,Flying,60,60,100,60,100,60,440,Tackle (Lv 1); Defense Curl (Lv 3); Rollout (Lv 8); Confuse Ray (Lv 10); Swift (Lv 15); Ancient Power (Lv 17); Self-Destruct (Lv 22); Stealth Rock (Lv 24); Take Down (Lv 29); Rock Polish (Lv 31); Cosmic Power (Lv 36); Power Gem (Lv 38); Double-Edge (Lv 43); Shell Smash (Lv 45); Explosion (Lv 50)
775,Komala,Normal,,65,115,65,75,95,65,480,Defense Curl (Lv 1); Rollout (Lv 1); Stockpile (Lv 6); Spit Up (Lv 6); Swallow (Lv 6); Rapid Spin (Lv 11); Yawn (Lv 16); Slam (Lv 21); Flail (Lv 26); Sucker Punch (Lv 31); Psych Up (Lv 36); Wood Hammer (Lv 41); Thrash (Lv 46)
776,Turtonator,Fire,Dragon,60,78,135,91,85,36,485,Smog (Lv 1); Tackle (Lv 1); Ember (Lv 4); Protect (Lv 8); Endure (Lv 12); Flail (Lv 16); Incinerate (Lv 20); Iron Defense (Lv 24); Dragon Pulse (Lv 28); Body Slam (Lv 32); Flamethrower (Lv 36); Shell Trap (Lv 40); Shell Smash (Lv 44); Overheat (Lv 48); Explosion (Lv 52)
777,Togedemaru,Electric,Steel,65,98,63,40,73,96,435,Nuzzle (Lv 1); Tackle (Lv 1); Defense Curl (Lv 5); Charge (Lv 10); Thunder Shock (Lv 15); Fell Stinger (Lv 20); Spark (Lv 25); Pin Missile (Lv 30); Magnet Rise (Lv 35); Zing Zap (Lv 40); Discharge (Lv 45); Electric Terrain (Lv 50); Wild Charge (Lv 55); Spiky Shield (Lv 60)
778,Mimikyu,Ghost,Fairy,55,90,80,50,105,96,476,Scratch (Lv 1); Splash (Lv 1); Astonish (Lv 1); Copycat (Lv 1); Wood Hammer (Lv 1); Shadow Sneak (Lv 6); Double Team (Lv 12); Baby-Doll Eyes (Lv 18); Mimic (Lv 24); Hone Claws (Lv 30); Slash (Lv 36); Shadow Claw (Lv 42); Charm (Lv 48); Play Rough (Lv 54); Pain Split (Lv 60)
779,Bruxish,Water,Psychic,68,105,70,70,70,92,475,Water Gun (Lv 1); Astonish (Lv 4); Confusion (Lv 9); Bite (Lv 12); Aqua Jet (Lv 17); Disable (Lv 20); Psyshock (Lv 25); Crunch (Lv 28); Aqua Tail (Lv 33); Screech (Lv 36); Psychic Fangs (Lv 41); Wave Crash (Lv 44)
780,Drampa,Normal,Dragon,78,60,85,135,91,36,485,Play Nice (Lv 1); Echoed Voice (Lv 1); Twister (Lv 5); Protect (Lv 10); Glare (Lv 15); Safeguard (Lv 20); Dragon Breath (Lv 25); Extrasensory (Lv 30); Dragon Pulse (Lv 35); Light Screen (Lv 40); Fly (Lv 45); Hyper Voice (Lv 50); Outrage (Lv 55)
781,Dhelmise,Ghost,Grass,70,131,100,86,90,40,517,Absorb (Lv 1); Rapid Spin (Lv 1); Astonish (Lv 4); Wrap (Lv 8); Mega Drain (Lv 12); Growth (Lv 16); Gyro Ball (Lv 20); Switcheroo (Lv 24); Giga Drain (Lv 28); Whirlpool (Lv 32); Heavy Slam (Lv 36); Slam (Lv 40); Shadow Ball (Lv 44); Metal Sound (Lv 48); Anchor Shot (Lv 52); Energy Ball (Lv 56); Phantom Force (Lv 60); Power Whip (Lv 64)
782,Jangmo-o,Dragon,,45,55,65,45,45,45,300,Tackle (Lv 1); Leer (Lv 1); Protect (Lv 4); Dragon Tail (Lv 8); Scary Face (Lv 12); Headbutt (Lv 16); Work Up (Lv 20); Screech (Lv 24); Iron Defense (Lv 28); Dragon Claw (Lv 32); Noble Roar (Lv 36); Dragon Dance (Lv 40); Outrage (Lv 44)
783,Hakamo-o,Dragon,Fighting,55,75,90,65,70,65,420,Tackle (Lv 1); Leer (Lv 1); Protect (Lv 1); Dragon Tail (Lv 1); Scary Face (Lv 12); Headbutt (Lv 16); Work Up (Lv 20); Screech (Lv 24); Iron Defense (Lv 28); Dragon Claw (Lv 32); Noble Roar (Lv 38); Dragon Dance (Lv 44); Outrage (Lv 50); Close Combat (Lv 56)
784,Kommo-o,Dragon,Fighting,75,110,125,100,105,85,600,Clanging Scales (Lv 0); Tackle (Lv 1); Leer (Lv 1); Protect (Lv 1); Dragon Tail (Lv 1); Scary Face (Lv 12); Headbutt (Lv 16); Work Up (Lv 20); Screech (Lv 24); Iron Defense (Lv 28); Dragon Claw (Lv 32); Noble Roar (Lv 38); Dragon Dance (Lv 44); Outrage (Lv 52); Close Combat (Lv 60); Clangorous Soul (Lv 68); Boomburst (Lv 76)
785,Tapu Koko,Electric,Fairy,70,115,85,95,75,130,570,Quick Attack (Lv 1); Thunder Shock (Lv 1); Withdraw (Lv 5); Fairy Wind (Lv 10); False Swipe (Lv 15); Spark (Lv 20); Shock Wave (Lv 25); Charge (Lv 30); Agility (Lv 35); Screech (Lv 40); Discharge (Lv 45); Mean Look (Lv 50); Nature’s Madness (Lv 55); Wild Charge (Lv 60); Brave Bird (Lv 65); Power Swap (Lv 70); Electric Terrain (Lv 75)
786,Tapu Lele,Psychic,Fairy,70,85,75,130,115,95,570,Astonish (Lv 1); Confusion (Lv 1); Withdraw (Lv 5); Aromatherapy (Lv 10); Draining Kiss (Lv 15); Psybeam (Lv 20); Flatter (Lv 25); Aromatic Mist (Lv 30); Sweet Scent (Lv 35); Extrasensory (Lv 40); Psyshock (Lv 45); Mean Look (Lv 50); Nature’s Madness (Lv 55); Moonblast (Lv 60); Tickle (Lv 65); Skill Swap (Lv 70); Psychic Terrain (Lv 75)
787,Tapu Bulu,Grass,Fairy,70,130,115,85,95,75,570,Leafage (Lv 1); Rock Smash (Lv 1); Withdraw (Lv 5); Disable (Lv 10); Leech Seed (Lv 15); Mega Drain (Lv 20); Whirlwind (Lv 25); Horn Attack (Lv 30); Scary Face (Lv 35); Horn Leech (Lv 40); Zen Headbutt (Lv 45); Mean Look (Lv 50); Nature’s Madness (Lv 55); Wood Hammer (Lv 60); Megahorn (Lv 65); Skull Bash (Lv 70); Grassy Terrain (Lv 75)
788,Tapu Fini,Water,Fairy,70,75,115,95,130,85,570,Disarming Voice (Lv 1); Water Gun (Lv 1); Withdraw (Lv 5); Mist (Lv 10); Haze (Lv 10); Aqua Ring (Lv 15); Water Pulse (Lv 20); Brine (Lv 25); Defog (Lv 30); Heal Pulse (Lv 35); Surf (Lv 40); Muddy Water (Lv 45); Mean Look (Lv 50); Nature’s Madness (Lv 55); Moonblast (Lv 60); Hydro Pump (Lv 65); Soak (Lv 70); Misty Terrain (Lv 75)
789,Cosmog,Psychic,,43,29,31,29,31,37,200,Splash (Lv 1); Teleport (Lv 1)
790,Cosmoem,Psychic,,43,29,131,29,131,37,400,Cosmic Power (Lv 0); Teleport (Lv 1)
791,Solgaleo,Psychic,Steel,137,137,107,113,89,97,680,Sunsteel Strike (Lv 0); Teleport (Lv 1); Metal Claw (Lv 1); Cosmic Power (Lv 1); Noble Roar (Lv 1); Iron Head (Lv 7); Metal Sound (Lv 14); Zen Headbutt (Lv 21); Flash Cannon (Lv 28); Morning Sun (Lv 35); Crunch (Lv 42); Metal Burst (Lv 49); Wild Charge (Lv 56); Solar Beam (Lv 63); Flare Blitz (Lv 70); Wide Guard (Lv 77); Giga Impact (Lv 84)
792,Lunala,Psychic,Ghost,137,113,89,137,107,97,680,Moongeist Beam (Lv 0); Confusion (Lv 1); Hypnosis (Lv 1); Teleport (Lv 1); Cosmic Power (Lv 1); Night Shade (Lv 7); Confuse Ray (Lv 14); Air Slash (Lv 21); Shadow Ball (Lv 28); Moonlight (Lv 35); Night Daze (Lv 42); Psychic (Lv 49); Moonblast (Lv 56); Phantom Force (Lv 63); Dream Eater (Lv 70); Wide Guard (Lv 77)
793,Nihilego,Rock,Poison,109,53,47,127,131,103,570,Wrap (Lv 1); Pound (Lv 1); Acid (Lv 5); Tickle (Lv 10); Acid Spray (Lv 15); Clear Smog (Lv 20); Power Split (Lv 25); Guard Split (Lv 25); Venoshock (Lv 30); Headbutt (Lv 35); Toxic Spikes (Lv 40); Venom Drench (Lv 45); Power Gem (Lv 50); Stealth Rock (Lv 55); Mirror Coat (Lv 60); Wonder Room (Lv 65); Head Smash (Lv 70)
794,Buzzwole,Bug,Fighting,107,139,139,53,53,79,570,Power-Up Punch (Lv 1); Harden (Lv 1); Taunt (Lv 5); Fell Stinger (Lv 10); Vital Throw (Lv 15); Bulk Up (Lv 20); Endure (Lv 25); Reversal (Lv 30); Mega Punch (Lv 35); Lunge (Lv 40); Focus Energy (Lv 45); Dynamic Punch (Lv 50); Counter (Lv 55); Hammer Arm (Lv 60); Superpower (Lv 65); Focus Punch (Lv 70)
795,Pheromosa,Bug,Fighting,71,137,37,137,37,151,570,Feint (Lv 1); Rapid Spin (Lv 1); Leer (Lv 5); Quick Guard (Lv 10); Bug Bite (Lv 15); Low Kick (Lv 20); Double Kick (Lv 25); Triple Kick (Lv 30); Stomp (Lv 35); Agility (Lv 40); Lunge (Lv 45); Bounce (Lv 50); Speed Swap (Lv 55); Bug Buzz (Lv 60); Quiver Dance (Lv 65); High Jump Kick (Lv 70)
796,Xurkitree,Electric,,83,89,71,173,71,83,570,Wrap (Lv 1); Thunder Shock (Lv 1); Charge (Lv 5); Thunder Wave (Lv 10); Ingrain (Lv 15); Spark (Lv 20); Shock Wave (Lv 25); Hypnosis (Lv 30); Eerie Impulse (Lv 35); Thunder Punch (Lv 40); Discharge (Lv 45); Magnet Rise (Lv 50); Thunderbolt (Lv 55); Electric Terrain (Lv 60); Power Whip (Lv 65); Zap Cannon (Lv 70)
797,Celesteela,Steel,Flying,97,101,103,107,101,61,570,Absorb (Lv 1); Tackle (Lv 1); Harden (Lv 5); Wide Guard (Lv 10); Mega Drain (Lv 15); Smack Down (Lv 20); Ingrain (Lv 25); Autotomize (Lv 30); Giga Drain (Lv 35); Flash Cannon (Lv 40); Metal Sound (Lv 45); Iron Defense (Lv 50); Leech Seed (Lv 55); Heavy Slam (Lv 60); Double-Edge (Lv 65); Skull Bash (Lv 70)
798,Kartana,Grass,Steel,59,181,131,59,31,109,570,Fury Cutter (Lv 1); Vacuum Wave (Lv 1); Razor Leaf (Lv 5); False Swipe (Lv 10); Cut (Lv 15); Air Cutter (Lv 20); Aerial Ace (Lv 25); Detect (Lv 30); Night Slash (Lv 35); Synthesis (Lv 40); Laser Focus (Lv 45); Defog (Lv 50); Leaf Blade (Lv 55); Sacred Sword (Lv 60); Swords Dance (Lv 65); Guillotine (Lv 70)
799,Guzzlord,Dark,Dragon,223,101,53,97,53,43,570,Bite (Lv 1); Dragon Tail (Lv 1); Swallow (Lv 5); Stockpile (Lv 5); Knock Off (Lv 10); Stomp (Lv 15); Stomping Tantrum (Lv 20); Wide Guard (Lv 25); Crunch (Lv 30); Body Slam (Lv 35); Gastro Acid (Lv 40); Hammer Arm (Lv 45); Heavy Slam (Lv 50); Dragon Rush (Lv 55); Belch (Lv 60); Thrash (Lv 65); Giga Impact (Lv 70)
800,Necrozma,Psychic,,97,107,101,127,89,79,600,Confusion (Lv 1); Metal Claw (Lv 1); Morning Sun (Lv 1); Moonlight (Lv 1); Charge Beam (Lv 1); Stealth Rock (Lv 8); Slash (Lv 16); Night Slash (Lv 24); Psycho Cut (Lv 32); Stored Power (Lv 40); Rock Blast (Lv 48); Iron Defense (Lv 56); Power Gem (Lv 64); Photon Geyser (Lv 72); Gravity (Lv 80); Prismatic Laser (Lv 88)
801,Magearna,Steel,Fairy,80,95,115,130,115,65,600,Gyro Ball (Lv 1); Helping Hand (Lv 1); Defense Curl (Lv 6); Rollout (Lv 12); Iron Defense (Lv 18); Magnetic Flux (Lv 24); Psybeam (Lv 30); Aurora Beam (Lv 36); Lock-On (Lv 42); Shift Gear (Lv 48); Trick (Lv 54); Iron Head (Lv 60); Aura Sphere (Lv 66); Flash Cannon (Lv 72); Pain Split (Lv 78); Zap Cannon (Lv 84); Fleur Cannon (Lv 90)
802,Marshadow,Fighting,Ghost,90,125,80,90,90,125,600,Thunder Punch (Lv 1); Fire Punch (Lv 1); Ice Punch (Lv 1); Copycat (Lv 1); Shadow Sneak (Lv 1); Feint (Lv 1); Counter (Lv 1); Role Play (Lv 9); Shadow Punch (Lv 18); Force Palm (Lv 27); Assurance (Lv 36); Sucker Punch (Lv 45); Drain Punch (Lv 54); Psych Up (Lv 63); Spectral Thief (Lv 72); Laser Focus (Lv 81); Endeavor (Lv 90); Close Combat (Lv 99)
803,Poipole,Poison,,67,73,67,73,67,73,420,Dragon Pulse (Lv 1); Peck (Lv 1); Growl (Lv 1); Helping Hand (Lv 1); Acid (Lv 1); Fury Attack (Lv 7); Fell Stinger (Lv 14); Charm (Lv 21); Venoshock (Lv 28); Venom Drench (Lv 35); Nasty Plot (Lv 42); Poison Jab (Lv 49); Gastro Acid (Lv 56); Toxic (Lv 63)
804,Naganadel,Poison,Dragon,73,73,73,127,73,121,540,Air Cutter (Lv 0); Air Slash (Lv 1); Dragon Pulse (Lv 1); Peck (Lv 1); Growl (Lv 1); Helping Hand (Lv 1); Acid (Lv 1); Fury Attack (Lv 7); Fell Stinger (Lv 14); Charm (Lv 21); Venoshock (Lv 28); Venom Drench (Lv 35); Nasty Plot (Lv 42); Poison Jab (Lv 49); Gastro Acid (Lv 56); Toxic (Lv 63); Dragon Rush (Lv 70)
805,Stakataka,Rock,Steel,61,131,211,53,101,13,570,Tackle (Lv 1); Harden (Lv 1); Rock Throw (Lv 5); Protect (Lv 10); Stomp (Lv 15); Block (Lv 20); Rock Slide (Lv 25); Wide Guard (Lv 30); Autotomize (Lv 35); Rock Blast (Lv 40); Magnet Rise (Lv 45); Iron Defense (Lv 50); Iron Head (Lv 55); Take Down (Lv 60); Stealth Rock (Lv 65); Double-Edge (Lv 70)
806,Blacephalon,Fire,Ghost,53,127,53,151,79,107,570,Astonish (Lv 1); Fire Spin (Lv 1); Light Screen (Lv 5); Ember (Lv 10); Night Shade (Lv 15); Confuse Ray (Lv 20); Magic Coat (Lv 25); Incinerate (Lv 30); Hypnosis (Lv 35); Mystical Fire (Lv 40); Shadow Ball (Lv 45); Calm Mind (Lv 50); Will-O-Wisp (Lv 55); Trick (Lv 60); Fire Blast (Lv 65); Mind Blown (Lv 70)
807,Zeraora,Electric,,88,112,75,102,80,143,600,Power-Up Punch (Lv 1); Fake Out (Lv 1); Scratch (Lv 1); Quick Attack (Lv 1); Snarl (Lv 1); Spark (Lv 1); Fury Swipes (Lv 8); Quick Guard (Lv 16); Slash (Lv 24); Volt Switch (Lv 32); Charge (Lv 40); Thunder Punch (Lv 48); Hone Claws (Lv 56); Discharge (Lv 64); Wild Charge (Lv 72); Agility (Lv 80); Plasma Fists (Lv 88); Close Combat (Lv 96)
808,Meltan,Steel,,46,65,65,55,35,34,300,Thunder Shock (Lv 1); Harden (Lv 1); Tail Whip (Lv 8); Headbutt (Lv 16); Thunder Wave (Lv 24); Acid Armor (Lv 32); Flash Cannon (Lv 40)
809,Melmetal,Steel,,135,143,143,80,65,34,600,Thunder Punch (Lv 0); Thunder Shock (Lv 1); Harden (Lv 1); Tail Whip (Lv 1); Headbutt (Lv 1); Thunder Wave (Lv 24); Acid Armor (Lv 32); Flash Cannon (Lv 40); Mega Punch (Lv 48); Protect (Lv 56); Discharge (Lv 64); Dynamic Punch (Lv 72); Superpower (Lv 80); Double Iron Bash (Lv 88); Hyper Beam (Lv 96)
810,Grookey,Grass,,50,65,50,40,40,65,310,Scratch (Lv 1); Growl (Lv 1); Branch Poke (Lv 6); Taunt (Lv 8); Razor Leaf (Lv 12); Screech (Lv 17); Knock Off (Lv 20); Slam (Lv 24); Uproar (Lv 28); Wood Hammer (Lv 32); Endeavor (Lv 36)
811,Thwackey,Grass,,70,85,70,55,60,80,420,Double Hit (Lv 0); Scratch (Lv 1); Growl (Lv 1); Taunt (Lv 1); Branch Poke (Lv 1); Razor Leaf (Lv 12); Screech (Lv 19); Knock Off (Lv 24); Slam (Lv 30); Uproar (Lv 36); Wood Hammer (Lv 42); Endeavor (Lv 48)
812,Rillaboom,Grass,,100,125,90,60,70,85,530,Drum Beating (Lv 0); Scratch (Lv 1); Growl (Lv 1); Taunt (Lv 1); Double Hit (Lv 1); Noble Roar (Lv 1); Grassy Terrain (Lv 1); Branch Poke (Lv 1); Razor Leaf (Lv 12); Screech (Lv 19); Knock Off (Lv 24); Slam (Lv 30); Uproar (Lv 38); Wood Hammer (Lv 46); Endeavor (Lv 54); Boomburst (Lv 62)
813,Scorbunny,Fire,,50,71,40,40,40,69,310,Tackle (Lv 1); Growl (Lv 1); Ember (Lv 6); Quick Attack (Lv 8); Double Kick (Lv 12); Flame Charge (Lv 17); Agility (Lv 20); Headbutt (Lv 24); Counter (Lv 28); Bounce (Lv 32); Double-Edge (Lv 36)
814,Raboot,Fire,,65,86,60,55,60,94,420,Tackle (Lv 1); Growl (Lv 1); Ember (Lv 1); Quick Attack (Lv 1); Double Kick (Lv 12); Flame Charge (Lv 19); Agility (Lv 24); Headbutt (Lv 30); Counter (Lv 36); Bounce (Lv 42); Double-Edge (Lv 48)
815,Cinderace,Fire,,80,116,75,65,75,119,530,Pyro Ball (Lv 0); Tackle (Lv 1); Growl (Lv 1); Ember (Lv 1); Quick Attack (Lv 1); Feint (Lv 1); Double Kick (Lv 12); Flame Charge (Lv 19); Agility (Lv 24); Headbutt (Lv 30); Counter (Lv 38); Bounce (Lv 46); Double-Edge (Lv 54); Court Change (Lv 62)
816,Sobble,Water,,50,40,40,70,40,70,310,Pound (Lv 1); Growl (Lv 1); Water Gun (Lv 6); Bind (Lv 8); Water Pulse (Lv 12); Tearful Look (Lv 17); Sucker Punch (Lv 20); U-turn (Lv 24); Liquidation (Lv 28); Soak (Lv 32); Rain Dance (Lv 36)
817,Drizzile,Water,,65,60,55,95,55,90,420,Pound (Lv 1); Bind (Lv 1); Growl (Lv 1); Water Gun (Lv 1); Water Pulse (Lv 12); Tearful Look (Lv 19); Sucker Punch (Lv 24); U-turn (Lv 30); Liquidation (Lv 36); Soak (Lv 42); Rain Dance (Lv 48)
818,Inteleon,Water,,70,85,65,125,65,120,530,Snipe Shot (Lv 0); Pound (Lv 1); Bind (Lv 1); Growl (Lv 1); Water Gun (Lv 1); Acrobatics (Lv 1); Water Pulse (Lv 12); Tearful Look (Lv 19); Sucker Punch (Lv 24); U-turn (Lv 30); Liquidation (Lv 38); Soak (Lv 46); Rain Dance (Lv 54); Hydro Pump (Lv 62)
819,Skwovet,Normal,,70,55,55,35,35,25,275,Tackle (Lv 1); Tail Whip (Lv 1); Bite (Lv 5); Stuff Cheeks (Lv 10); Stockpile (Lv 15); Spit Up (Lv 15); Swallow (Lv 15); Body Slam (Lv 20); Rest (Lv 25); Counter (Lv 30); Bullet Seed (Lv 35); Super Fang (Lv 40); Belch (Lv 45)
820,Greedent,Normal,,120,95,95,55,75,20,460,Covet (Lv 0); Tackle (Lv 1); Tail Whip (Lv 1); Bite (Lv 1); Stuff Cheeks (Lv 1); Stockpile (Lv 15); Spit Up (Lv 15); Swallow (Lv 15); Body Slam (Lv 20); Rest (Lv 27); Counter (Lv 34); Bullet Seed (Lv 41); Super Fang (Lv 48); Belch (Lv 55)
821,Rookidee,Flying,,38,47,35,33,35,57,245,Leer (Lv 1); Peck (Lv 1); Power Trip (Lv 4); Hone Claws (Lv 8); Fury Attack (Lv 12); Pluck (Lv 16); Taunt (Lv 20); Scary Face (Lv 24); Drill Peck (Lv 28); Swagger (Lv 32); Brave Bird (Lv 36)
822,Corvisquire,Flying,,68,67,55,43,55,77,365,Leer (Lv 1); Peck (Lv 1); Hone Claws (Lv 1); Power Trip (Lv 1); Fury Attack (Lv 12); Pluck (Lv 16); Taunt (Lv 22); Scary Face (Lv 28); Drill Peck (Lv 34); Swagger (Lv 40); Brave Bird (Lv 46)
823,Corviknight,Flying,Steel,98,87,105,53,85,67,495,Steel Wing (Lv 0); Leer (Lv 1); Peck (Lv 1); Screech (Lv 1); Metal Sound (Lv 1); Iron Defense (Lv 1); Hone Claws (Lv 1); Power Trip (Lv 1); Fury Attack (Lv 12); Pluck (Lv 16); Taunt (Lv 22); Scary Face (Lv 28); Drill Peck (Lv 34); Swagger (Lv 42); Brave Bird (Lv 50)
824,Blipbug,Bug,,25,20,20,25,45,45,180,Struggle Bug (Lv 1)
825,Dottler,Bug,Psychic,50,35,80,50,90,30,335,Reflect (Lv 0); Light Screen (Lv 0); Confusion (Lv 0); Struggle Bug (Lv 1)
826,Orbeetle,Bug,Psychic,60,45,110,80,120,90,505,Reflect (Lv 1); Light Screen (Lv 1); Confusion (Lv 1); Struggle Bug (Lv 1); Confuse Ray (Lv 4); Magic Coat (Lv 8); Agility (Lv 12); Psybeam (Lv 16); Hypnosis (Lv 20); Ally Switch (Lv 24); Bug Buzz (Lv 28); Mirror Coat (Lv 32); Psychic (Lv 36); After You (Lv 40); Calm Mind (Lv 44); Psychic Terrain (Lv 48)
827,Nickit,Dark,,40,28,28,47,52,50,245,Quick Attack (Lv 1); Tail Whip (Lv 1); Beat Up (Lv 4); Hone Claws (Lv 8); Snarl (Lv 12); Assurance (Lv 16); Nasty Plot (Lv 20); Sucker Punch (Lv 24); Night Slash (Lv 28); Tail Slap (Lv 32); Foul Play (Lv 36)
828,Thievul,Dark,,70,58,58,87,92,90,455,Thief (Lv 0); Quick Attack (Lv 1); Tail Whip (Lv 1); Beat Up (Lv 1); Hone Claws (Lv 1); Snarl (Lv 12); Assurance (Lv 16); Nasty Plot (Lv 22); Sucker Punch (Lv 28); Night Slash (Lv 34); Tail Slap (Lv 40); Foul Play (Lv 46); Parting Shot (Lv 52)
829,Gossifleur,Grass,,40,40,60,40,60,10,250,Leafage (Lv 1); Sing (Lv 1); Rapid Spin (Lv 4); Sweet Scent (Lv 8); Razor Leaf (Lv 12); Round (Lv 16); Leaf Tornado (Lv 21); Synthesis (Lv 24); Hyper Voice (Lv 28); Aromatherapy (Lv 32); Leaf Storm (Lv 36)
830,Eldegoss,Grass,,60,50,90,80,120,60,460,Cotton Spore (Lv 0); Leafage (Lv 1); Sing (Lv 1); Rapid Spin (Lv 1); Sweet Scent (Lv 1); Razor Leaf (Lv 12); Round (Lv 16); Leaf Tornado (Lv 23); Synthesis (Lv 28); Hyper Voice (Lv 34); Aromatherapy (Lv 40); Leaf Storm (Lv 46); Cotton Guard (Lv 52)
831,Wooloo,Normal,,42,40,55,40,45,48,270,Tackle (Lv 1); Growl (Lv 1); Defense Curl (Lv 4); Copycat (Lv 8); Guard Split (Lv 12); Double Kick (Lv 16); Headbutt (Lv 21); Take Down (Lv 25); Guard Swap (Lv 28); Reversal (Lv 32); Cotton Guard (Lv 36); Double-Edge (Lv 40)
832,Dubwool,Normal,,72,80,100,60,90,88,490,Tackle (Lv 1); Growl (Lv 1); Defense Curl (Lv 1); Copycat (Lv 1); Guard Split (Lv 12); Double Kick (Lv 16); Headbutt (Lv 21); Take Down (Lv 27); Guard Swap (Lv 32); Reversal (Lv 38); Cotton Guard (Lv 44); Double-Edge (Lv 50); Last Resort (Lv 56)
833,Chewtle,Water,,50,64,50,38,38,44,284,Tackle (Lv 1); Water Gun (Lv 1); Bite (Lv 7); Protect (Lv 14); Headbutt (Lv 21); Counter (Lv 28); Jaw Lock (Lv 35); Liquidation (Lv 42); Body Slam (Lv 49)
834,Drednaw,Water,Rock,90,115,90,48,68,74,485,Rock Tomb (Lv 0); Tackle (Lv 1); Bite (Lv 1); Water Gun (Lv 1); Protect (Lv 1); Crunch (Lv 1); Rock Polish (Lv 1); Razor Shell (Lv 1); Headbutt (Lv 21); Counter (Lv 30); Jaw Lock (Lv 39); Liquidation (Lv 48); Body Slam (Lv 57); Head Smash (Lv 66)
835,Yamper,Electric,,59,45,50,40,50,26,270,Tackle (Lv 1); Tail Whip (Lv 1); Nuzzle (Lv 5); Bite (Lv 10); Roar (Lv 15); Spark (Lv 20); Charm (Lv 26); Crunch (Lv 30); Charge (Lv 35); Wild Charge (Lv 40); Play Rough (Lv 45)
836,Boltund,Electric,,69,90,60,90,60,121,490,Electrify (Lv 1); Tackle (Lv 1); Tail Whip (Lv 1); Nuzzle (Lv 1); Bite (Lv 1); Roar (Lv 15); Spark (Lv 20); Charm (Lv 28); Crunch (Lv 34); Charge (Lv 41); Wild Charge (Lv 48); Play Rough (Lv 55); Electric Terrain (Lv 62)
837,Rolycoly,Rock,,30,40,50,40,50,30,240,Tackle (Lv 1); Smokescreen (Lv 1); Rapid Spin (Lv 5); Smack Down (Lv 10); Rock Polish (Lv 15); Ancient Power (Lv 20); Incinerate (Lv 25); Stealth Rock (Lv 30); Heat Crash (Lv 35); Rock Blast (Lv 40)
838,Carkol,Rock,Fire,80,60,90,60,70,50,410,Flame Charge (Lv 0); Tackle (Lv 1); Smokescreen (Lv 1); Rapid Spin (Lv 1); Smack Down (Lv 1); Rock Polish (Lv 15); Ancient Power (Lv 20); Incinerate (Lv 27); Stealth Rock (Lv 35); Heat Crash (Lv 41); Rock Blast (Lv 48); Stone Edge (Lv 55)
839,Coalossal,Rock,Fire,110,80,120,80,90,30,510,Tar Shot (Lv 0); Tackle (Lv 1); Smokescreen (Lv 1); Rapid Spin (Lv 1); Smack Down (Lv 1); Flame Charge (Lv 1); Rock Polish (Lv 15); Ancient Power (Lv 20); Incinerate (Lv 27); Stealth Rock (Lv 37); Heat Crash (Lv 45); Rock Blast (Lv 54); Stone Edge (Lv 63)
840,Applin,Grass,Dragon,40,40,80,40,40,20,260,Astonish (Lv 1); Withdraw (Lv 1)
841,Flapple,Grass,Dragon,70,110,80,95,60,70,485,Wing Attack (Lv 0); Astonish (Lv 1); Twister (Lv 1); Withdraw (Lv 1); Recycle (Lv 1); Growth (Lv 1); Acid Spray (Lv 4); Acrobatics (Lv 8); Leech Seed (Lv 12); Protect (Lv 16); Dragon Breath (Lv 20); Dragon Dance (Lv 24); Dragon Pulse (Lv 28); Grav Apple (Lv 32); Iron Defense (Lv 36); Fly (Lv 40); Dragon Rush (Lv 44)
842,Appletun,Grass,Dragon,110,85,80,100,80,30,485,Headbutt (Lv 0); Astonish (Lv 1); Growth (Lv 1); Recycle (Lv 1); Withdraw (Lv 1); Sweet Scent (Lv 1); Curse (Lv 4); Stomp (Lv 8); Leech Seed (Lv 12); Protect (Lv 16); Bullet Seed (Lv 20); Recover (Lv 24); Apple Acid (Lv 28); Body Slam (Lv 32); Iron Defense (Lv 36); Dragon Pulse (Lv 40); Energy Ball (Lv 44)
843,Silicobra,Ground,,52,57,75,35,50,46,315,Sand Attack (Lv 1); Wrap (Lv 1); Minimize (Lv 5); Brutal Swing (Lv 10); Bulldoze (Lv 15); Headbutt (Lv 20); Glare (Lv 25); Dig (Lv 30); Sandstorm (Lv 35); Slam (Lv 40); Coil (Lv 45); Sand Tomb (Lv 50)
844,Sandaconda,Ground,,72,107,125,65,70,71,510,Sand Attack (Lv 1); Wrap (Lv 1); Minimize (Lv 1); Brutal Swing (Lv 1); Bulldoze (Lv 15); Headbutt (Lv 20); Glare (Lv 25); Dig (Lv 30); Sandstorm (Lv 35); Slam (Lv 42); Coil (Lv 49); Sand Tomb (Lv 51)
845,Cramorant,Flying,Water,70,85,55,85,95,85,475,Peck (Lv 1); Stockpile (Lv 1); Spit Up (Lv 1); Swallow (Lv 1); Water Gun (Lv 7); Fury Attack (Lv 14); Pluck (Lv 21); Dive (Lv 28); Drill Peck (Lv 35); Amnesia (Lv 42); Thrash (Lv 49); Hydro Pump (Lv 56)
846,Arrokuda,Water,,41,63,40,40,30,66,280,Peck (Lv 1); Aqua Jet (Lv 1); Fury Attack (Lv 6); Bite (Lv 12); Agility (Lv 18); Dive (Lv 24); Focus Energy (Lv 30); Crunch (Lv 36); Liquidation (Lv 42); Double-Edge (Lv 48)
847,Barraskewda,Water,,61,123,60,60,50,136,490,Fury Attack (Lv 1); Bite (Lv 1); Peck (Lv 1); Aqua Jet (Lv 1); Throat Chop (Lv 1); Agility (Lv 18); Dive (Lv 24); Focus Energy (Lv 32); Crunch (Lv 40); Liquidation (Lv 48); Double-Edge (Lv 56)
848,Toxel,Electric,Poison,40,38,35,54,35,40,242,Growl (Lv 1); Acid (Lv 1); Flail (Lv 1); Belch (Lv 1); Nuzzle (Lv 1); Tearful Look (Lv 1)
849,Toxtricity,Electric,Poison,75,98,70,114,70,75,502,Spark (Lv 0); Leer (Lv 1); Growl (Lv 1); Acid (Lv 1); Thunder Shock (Lv 1); Nuzzle (Lv 1); Noble Roar (Lv 1); Flail (Lv 1); Belch (Lv 1); Tearful Look (Lv 1); Acid Spray (Lv 1); Charge (Lv 4); Shock Wave (Lv 8); Scary Face (Lv 12); Taunt (Lv 16); Screech (Lv 24); Swagger (Lv 28); Toxic (Lv 32); Discharge (Lv 36); Poison Jab (Lv 40); Overdrive (Lv 44); Boomburst (Lv 48); Shift Gear (Lv 52)
850,Sizzlipede,Fire,Bug,50,65,45,50,50,45,305,Ember (Lv 1); Smokescreen (Lv 1); Wrap (Lv 5); Bite (Lv 10); Flame Wheel (Lv 15); Bug Bite (Lv 20); Coil (Lv 25); Slam (Lv 30); Fire Spin (Lv 35); Crunch (Lv 40); Fire Lash (Lv 45); Lunge (Lv 50); Burn Up (Lv 55)
851,Centiskorch,Fire,Bug,100,115,65,90,90,65,525,Inferno (Lv 1); Ember (Lv 1); Smokescreen (Lv 1); Wrap (Lv 1); Bite (Lv 1); Flame Wheel (Lv 15); Bug Bite (Lv 20); Coil (Lv 25); Slam (Lv 32); Fire Spin (Lv 39); Crunch (Lv 46); Fire Lash (Lv 53); Lunge (Lv 60); Burn Up (Lv 67)
852,Clobbopus,Fighting,,50,68,60,50,50,32,310,Rock Smash (Lv 1); Leer (Lv 1); Feint (Lv 5); Bind (Lv 10); Detect (Lv 15); Brick Break (Lv 20); Bulk Up (Lv 25); Submission (Lv 30); Taunt (Lv 35); Reversal (Lv 40); Superpower (Lv 45)
853,Grapploct,Fighting,,80,118,90,70,80,42,480,Octolock (Lv 0); Octazooka (Lv 1); Rock Smash (Lv 1); Leer (Lv 1); Feint (Lv 1); Bind (Lv 1); Detect (Lv 15); Brick Break (Lv 20); Bulk Up (Lv 25); Submission (Lv 30); Taunt (Lv 35); Reversal (Lv 40); Superpower (Lv 45); Topsy-Turvy (Lv 50)
854,Sinistea,Ghost,,40,45,45,74,54,50,308,Withdraw (Lv 1); Astonish (Lv 1); Aromatic Mist (Lv 6); Mega Drain (Lv 12); Sucker Punch (Lv 24); Sweet Scent (Lv 30); Giga Drain (Lv 36); Nasty Plot (Lv 42); Shadow Ball (Lv 48); Memento (Lv 54); Shell Smash (Lv 60)
855,Polteageist,Ghost,,60,65,65,134,114,70,508,Teatime (Lv 0); Mega Drain (Lv 1); Withdraw (Lv 1); Astonish (Lv 1); Aromatic Mist (Lv 1); Strength Sap (Lv 1); Protect (Lv 18); Sucker Punch (Lv 24); Sweet Scent (Lv 30); Giga Drain (Lv 36); Nasty Plot (Lv 42); Shadow Ball (Lv 48); Memento (Lv 54); Shell Smash (Lv 60); Curse (Lv 66)
856,Hatenna,Psychic,,42,30,45,56,53,39,265,Confusion (Lv 1); Play Nice (Lv 1); Life Dew (Lv 5); Disarming Voice (Lv 10); Aromatic Mist (Lv 15); Psybeam (Lv 20); Heal Pulse (Lv 25); Dazzling Gleam (Lv 30); Calm Mind (Lv 35); Psychic (Lv 40); Healing Wish (Lv 45)
857,Hattrem,Psychic,,57,40,65,86,73,49,370,Brutal Swing (Lv 0); Confusion (Lv 1); Disarming Voice (Lv 1); Play Nice (Lv 1); Life Dew (Lv 1); Aromatic Mist (Lv 15); Psybeam (Lv 20); Heal Pulse (Lv 25); Dazzling Gleam (Lv 30); Calm Mind (Lv 37); Psychic (Lv 44); Healing Wish (Lv 51)
858,Hatterene,Psychic,Fairy,57,90,95,136,103,29,510,Psycho Cut (Lv 0); Confusion (Lv 1); Disarming Voice (Lv 1); Play Nice (Lv 1); Brutal Swing (Lv 1); Life Dew (Lv 1); Aromatic Mist (Lv 15); Psybeam (Lv 20); Heal Pulse (Lv 25); Dazzling Gleam (Lv 30); Calm Mind (Lv 37); Psychic (Lv 46); Healing Wish (Lv 55); Magic Powder (Lv 64)
859,Impidimp,Dark,Fairy,45,45,30,55,40,50,265,Fake Out (Lv 1); Confide (Lv 1); Bite (Lv 4); Flatter (Lv 8); Fake Tears (Lv 12); Assurance (Lv 16); Swagger (Lv 20); Sucker Punch (Lv 24); Torment (Lv 28); Dark Pulse (Lv 33); Nasty Plot (Lv 36); Play Rough (Lv 40); Foul Play (Lv 44)
860,Morgrem,Dark,Fairy,65,60,45,75,55,70,370,False Surrender (Lv 0); Bite (Lv 1); Fake Out (Lv 1); Flatter (Lv 1); Confide (Lv 1); Fake Tears (Lv 12); Assurance (Lv 16); Swagger (Lv 20); Sucker Punch (Lv 24); Torment (Lv 28); Dark Pulse (Lv 35); Nasty Plot (Lv 40); Play Rough (Lv 46); Foul Play (Lv 52)
861,Grimmsnarl,Dark,Fairy,95,120,65,95,75,60,510,Spirit Break (Lv 0); False Surrender (Lv 1); Confide (Lv 1); Bulk Up (Lv 1); Bite (Lv 1); Fake Out (Lv 1); Flatter (Lv 1); Fake Tears (Lv 12); Assurance (Lv 16); Swagger (Lv 20); Sucker Punch (Lv 24); Torment (Lv 28); Dark Pulse (Lv 35); Nasty Plot (Lv 40); Play Rough (Lv 48); Foul Play (Lv 56); Hammer Arm (Lv 64)
862,Obstagoon,Dark,Normal,93,90,101,60,81,95,520,Obstruct (Lv 0); Cross Chop (Lv 1); Submission (Lv 1); Night Slash (Lv 1); Switcheroo (Lv 1); Pin Missile (Lv 1); Baby-Doll Eyes (Lv 1); Tackle (Lv 1); Leer (Lv 1); Sand Attack (Lv 1); Lick (Lv 1); Snarl (Lv 9); Headbutt (Lv 12); Hone Claws (Lv 15); Fury Swipes (Lv 18); Rest (Lv 23); Take Down (Lv 28); Scary Face (Lv 35); Counter (Lv 42); Taunt (Lv 49); Double-Edge (Lv 56)
863,Perrserker,Steel,,70,110,100,50,60,50,440,Iron Head (Lv 0); Scratch (Lv 1); Growl (Lv 1); Fake Out (Lv 1); Iron Defense (Lv 1); Metal Burst (Lv 1); Hone Claws (Lv 1); Pay Day (Lv 12); Metal Claw (Lv 16); Taunt (Lv 20); Swagger (Lv 24); Fury Swipes (Lv 31); Screech (Lv 36); Slash (Lv 42); Metal Sound (Lv 48); Thrash (Lv 54)
864,Cursola,Ghost,,60,95,50,145,130,30,510,Perish Song (Lv 1); Tackle (Lv 1); Harden (Lv 1); Astonish (Lv 1); Disable (Lv 1); Spite (Lv 15); Ancient Power (Lv 20); Hex (Lv 25); Curse (Lv 30); Strength Sap (Lv 35); Power Gem (Lv 40); Night Shade (Lv 45); Grudge (Lv 50); Mirror Coat (Lv 55)
865,Sirfetch’d,Fighting,,62,135,95,68,82,65,507,Iron Defense (Lv 0); First Impression (Lv 1); Peck (Lv 1); Sand Attack (Lv 1); Leer (Lv 1); Fury Cutter (Lv 1); Rock Smash (Lv 15); Brutal Swing (Lv 20); Detect (Lv 25); Knock Off (Lv 30); Defog (Lv 35); Brick Break (Lv 40); Swords Dance (Lv 45); Slam (Lv 50); Leaf Blade (Lv 55); Final Gambit (Lv 60); Brave Bird (Lv 65); Meteor Assault (Lv 70)
866,Mr. Rime,Ice,Psychic,80,85,75,110,100,70,520,Fake Tears (Lv 1); Slack Off (Lv 1); After You (Lv 1); Block (Lv 1); Copycat (Lv 1); Encore (Lv 1); Role Play (Lv 1); Protect (Lv 1); Recycle (Lv 1); Mimic (Lv 1); Light Screen (Lv 1); Reflect (Lv 1); Safeguard (Lv 1); Dazzling Gleam (Lv 1); Misty Terrain (Lv 1); Pound (Lv 1); Rapid Spin (Lv 1); Baton Pass (Lv 1); Ice Shard (Lv 1); Confusion (Lv 12); Ally Switch (Lv 16); Icy Wind (Lv 20); Double Kick (Lv 24); Psybeam (Lv 28); Hypnosis (Lv 32); Mirror Coat (Lv 36); Sucker Punch (Lv 40); Freeze-Dry (Lv 44); Psychic (Lv 48); Teeter Dance (Lv 52)
867,Runerigus,Ground,Ghost,58,95,145,50,105,30,483,Shadow Claw (Lv 0); Scary Face (Lv 1); Astonish (Lv 1); Protect (Lv 1); Haze (Lv 1); Night Shade (Lv 1); Disable (Lv 12); Brutal Swing (Lv 16); Crafty Shield (Lv 20); Hex (Lv 24); Mean Look (Lv 28); Slam (Lv 32); Curse (Lv 38); Shadow Ball (Lv 44); Earthquake (Lv 50); Power Split (Lv 56); Guard Split (Lv 56); Destiny Bond (Lv 62)
868,Milcery,Fairy,,45,40,40,50,61,34,270,Tackle (Lv 1); Aromatic Mist (Lv 1); Sweet Kiss (Lv 5); Sweet Scent (Lv 10); Draining Kiss (Lv 15); Charm (Lv 20); Attract (Lv 25); Acid Armor (Lv 30); Dazzling Gleam (Lv 35); Recover (Lv 40); Misty Terrain (Lv 45); Entrainment (Lv 50)
869,Alcremie,Fairy,,65,60,75,110,121,64,495,Decorate (Lv 0); Tackle (Lv 1); Sweet Kiss (Lv 1); Sweet Scent (Lv 1); Aromatic Mist (Lv 1); Draining Kiss (Lv 15); Charm (Lv 20); Attract (Lv 25); Acid Armor (Lv 30); Dazzling Gleam (Lv 35); Recover (Lv 40); Misty Terrain (Lv 45); Entrainment (Lv 50)
870,Falinks,Fighting,,65,100,100,70,60,75,470,Tackle (Lv 1); Protect (Lv 1); Rock Smash (Lv 5); Focus Energy (Lv 10); Headbutt (Lv 15); Bulk Up (Lv 20); Endure (Lv 25); Reversal (Lv 30); First Impression (Lv 35); No Retreat (Lv 40); Iron Defense (Lv 45); Close Combat (Lv 50); Megahorn (Lv 55); Counter (Lv 60)
871,Pincurchin,Electric,,48,101,95,91,85,15,435,Peck (Lv 1); Thunder Shock (Lv 1); Water Gun (Lv 5); Charge (Lv 10); Fury Attack (Lv 15); Spark (Lv 20); Bubble Beam (Lv 25); Recover (Lv 30); Curse (Lv 35); Electric Terrain (Lv 40); Poison Jab (Lv 45); Zing Zap (Lv 50); Acupressure (Lv 55); Discharge (Lv 60)
872,Snom,Ice,Bug,30,25,35,45,30,20,185,Struggle Bug (Lv 1); Powder Snow (Lv 1)
873,Frosmoth,Ice,Bug,70,65,60,125,90,65,475,Icy Wind (Lv 0); Struggle Bug (Lv 1); Powder Snow (Lv 1); Attract (Lv 1); Helping Hand (Lv 1); Stun Spore (Lv 4); Infestation (Lv 8); Mist (Lv 12); Defog (Lv 16); Feather Dance (Lv 21); Aurora Beam (Lv 24); Snowscape (Lv 28); Bug Buzz (Lv 32); Aurora Veil (Lv 36); Blizzard (Lv 40); Tailwind (Lv 44); Wide Guard (Lv 48); Quiver Dance (Lv 52)
874,Stonjourner,Rock,,100,125,135,20,20,70,470,Rock Throw (Lv 1); Block (Lv 1); Rock Polish (Lv 6); Rock Tomb (Lv 12); Gravity (Lv 18); Stomp (Lv 24); Stealth Rock (Lv 30); Rock Slide (Lv 36); Body Slam (Lv 42); Wide Guard (Lv 48); Heavy Slam (Lv 54); Stone Edge (Lv 60); Mega Kick (Lv 66)
875,Eiscue,Ice,,75,80,110,65,90,50,470,Tackle (Lv 1); Powder Snow (Lv 1); Mist (Lv 6); Weather Ball (Lv 12); Icy Wind (Lv 18); Headbutt (Lv 24); Amnesia (Lv 30); Freeze-Dry (Lv 36); Snowscape (Lv 42); Aurora Veil (Lv 48); Surf (Lv 54); Blizzard (Lv 60)
876,Indeedee,Psychic,Normal,60,65,55,105,95,95,475,Stored Power (Lv 1); Play Nice (Lv 1); Encore (Lv 5); Disarming Voice (Lv 10); Psybeam (Lv 15); Helping Hand (Lv 20); After You (Lv 25); Healing Wish (Lv 30); Psychic (Lv 35); Calm Mind (Lv 40); Power Split (Lv 45); Psychic Terrain (Lv 50); Last Resort (Lv 55)
877,Morpeko,Electric,Dark,58,95,58,70,58,97,436,Tail Whip (Lv 1); Thunder Shock (Lv 1); Leer (Lv 5); Power Trip (Lv 10); Quick Attack (Lv 15); Flatter (Lv 20); Bite (Lv 25); Spark (Lv 30); Torment (Lv 35); Agility (Lv 40); Bullet Seed (Lv 45); Crunch (Lv 50); Aura Wheel (Lv 55); Thrash (Lv 60)
878,Cufant,Steel,,72,80,49,40,49,40,330,Tackle (Lv 1); Growl (Lv 1); Rollout (Lv 5); Rock Smash (Lv 10); Bulldoze (Lv 15); Stomp (Lv 20); Iron Defense (Lv 25); Dig (Lv 30); Strength (Lv 35); Iron Head (Lv 40); Play Rough (Lv 45); High Horsepower (Lv 50); Superpower (Lv 55)
879,Copperajah,Steel,,122,130,69,80,69,30,500,Heavy Slam (Lv 0); Tackle (Lv 1); Growl (Lv 1); Rollout (Lv 1); Rock Smash (Lv 1); Bulldoze (Lv 15); Stomp (Lv 20); Iron Defense (Lv 25); Dig (Lv 30); Strength (Lv 37); Iron Head (Lv 44); Play Rough (Lv 51); High Horsepower (Lv 58); Superpower (Lv 65)
880,Dracozolt,Electric,Dragon,90,100,90,80,70,75,505,Tackle (Lv 1); Thunder Shock (Lv 1); Charge (Lv 7); Aerial Ace (Lv 14); Ancient Power (Lv 21); Pluck (Lv 28); Dragon Tail (Lv 35); Stomp (Lv 42); Slam (Lv 49); Discharge (Lv 56); Bolt Beak (Lv 63); Dragon Pulse (Lv 70); Dragon Rush (Lv 77)
881,Arctozolt,Electric,Ice,90,100,90,90,80,55,505,Powder Snow (Lv 1); Thunder Shock (Lv 1); Charge (Lv 7); Echoed Voice (Lv 14); Ancient Power (Lv 21); Pluck (Lv 28); Avalanche (Lv 35); Freeze-Dry (Lv 42); Slam (Lv 49); Discharge (Lv 56); Bolt Beak (Lv 63); Icicle Crash (Lv 70); Blizzard (Lv 77)
882,Dracovish,Water,Dragon,90,90,100,70,80,75,505,Tackle (Lv 1); Water Gun (Lv 1); Protect (Lv 7); Brutal Swing (Lv 14); Ancient Power (Lv 21); Bite (Lv 28); Dragon Breath (Lv 35); Stomp (Lv 42); Super Fang (Lv 49); Crunch (Lv 56); Fishious Rend (Lv 63); Dragon Pulse (Lv 70); Dragon Rush (Lv 77)
883,Arctovish,Water,Ice,90,90,100,80,90,55,505,Powder Snow (Lv 1); Water Gun (Lv 1); Protect (Lv 7); Icy Wind (Lv 14); Ancient Power (Lv 21); Bite (Lv 28); Aurora Veil (Lv 35); Freeze-Dry (Lv 42); Super Fang (Lv 49); Crunch (Lv 56); Fishious Rend (Lv 63); Icicle Crash (Lv 70); Blizzard (Lv 77)
884,Duraludon,Steel,Dragon,70,95,115,120,50,85,535,Leer (Lv 1); Metal Claw (Lv 1); Rock Smash (Lv 6); Hone Claws (Lv 12); Metal Sound (Lv 18); Breaking Swipe (Lv 24); Dragon Tail (Lv 30); Iron Defense (Lv 36); Focus Energy (Lv 42); Dragon Claw (Lv 48); Flash Cannon (Lv 54); Metal Burst (Lv 60); Hyper Beam (Lv 66)
885,Dreepy,Dragon,Ghost,28,60,30,40,30,82,270,Bite (Lv 1); Quick Attack (Lv 1); Astonish (Lv 1); Infestation (Lv 1)
886,Drakloak,Dragon,Ghost,68,80,50,60,50,102,410,Dragon Pulse (Lv 0); Infestation (Lv 1); Bite (Lv 1); Quick Attack (Lv 1); Astonish (Lv 1); Lock-On (Lv 6); Assurance (Lv 12); Hex (Lv 18); Agility (Lv 24); Double Hit (Lv 30); U-turn (Lv 36); Dragon Dance (Lv 42); Phantom Force (Lv 48); Take Down (Lv 54); Dragon Rush (Lv 61); Double-Edge (Lv 66); Last Resort (Lv 72)
887,Dragapult,Dragon,Ghost,88,120,75,100,75,142,600,Dragon Darts (Lv 0); Bite (Lv 1); Quick Attack (Lv 1); Dragon Breath (Lv 1); Astonish (Lv 1); Infestation (Lv 1); Lock-On (Lv 6); Assurance (Lv 12); Hex (Lv 18); Agility (Lv 24); Double Hit (Lv 30); U-turn (Lv 36); Dragon Dance (Lv 42); Phantom Force (Lv 48); Take Down (Lv 54); Dragon Rush (Lv 63); Double-Edge (Lv 70); Last Resort (Lv 78)
888,Zacian,Fairy,,92,120,115,80,115,138,660,Bite (Lv 1); Quick Attack (Lv 1); Metal Claw (Lv 1); Howl (Lv 1); Quick Guard (Lv 1); Sacred Sword (Lv 1); Slash (Lv 11); Swords Dance (Lv 22); Iron Head (Lv 33); Noble Roar (Lv 44); Crunch (Lv 55); Moonblast (Lv 66); Close Combat (Lv 77); Giga Impact (Lv 88)
889,Zamazenta,Fighting,,92,120,115,80,115,138,660,Bite (Lv 1); Quick Attack (Lv 1); Metal Claw (Lv 1); Howl (Lv 1); Wide Guard (Lv 1); Slash (Lv 11); Iron Defense (Lv 22); Iron Head (Lv 33); Metal Burst (Lv 44); Crunch (Lv 55); Moonblast (Lv 66); Close Combat (Lv 77); Giga Impact (Lv 88)
890,Eternatus,Poison,Dragon,140,85,95,145,95,130,690,Agility (Lv 1); Confuse Ray (Lv 1); Poison Tail (Lv 1); Dragon Tail (Lv 1); Toxic (Lv 8); Venoshock (Lv 16); Dragon Dance (Lv 24); Cross Poison (Lv 32); Dragon Pulse (Lv 40); Flamethrower (Lv 48); Dynamax Cannon (Lv 56); Cosmic Power (Lv 64); Recover (Lv 72); Hyper Beam (Lv 80); Outrage (Lv 88)
891,Kubfu,Fighting,,60,90,60,53,50,72,385,Leer (Lv 1); Rock Smash (Lv 1); Endure (Lv 4); Focus Energy (Lv 8); Aerial Ace (Lv 12); Scary Face (Lv 16); Headbutt (Lv 20); Brick Break (Lv 24); Detect (Lv 28); Bulk Up (Lv 32); Iron Head (Lv 36); Dynamic Punch (Lv 40); Counter (Lv 44); Close Combat (Lv 48); Focus Punch (Lv 52)
892,Urshifu,Fighting,Dark,100,130,100,63,60,97,550,Wicked Blow (Lv 0); Endure (Lv 1); Sucker Punch (Lv 1); Rock Smash (Lv 1); Leer (Lv 1); Focus Energy (Lv 1); Aerial Ace (Lv 12); Scary Face (Lv 16); Headbutt (Lv 20); Brick Break (Lv 24); Detect (Lv 28); Bulk Up (Lv 32); Iron Head (Lv 36); Dynamic Punch (Lv 40); Counter (Lv 44); Close Combat (Lv 48); Focus Punch (Lv 52)
893,Zarude,Dark,Grass,105,120,105,70,95,105,600,Scratch (Lv 1); Bind (Lv 1); Leer (Lv 6); Vine Whip (Lv 12); Growth (Lv 18); Fury Swipes (Lv 24); Scary Face (Lv 30); Grass Knot (Lv 36); Bite (Lv 42); U-turn (Lv 48); Swagger (Lv 54); Energy Ball (Lv 60); Synthesis (Lv 66); Hammer Arm (Lv 72); Thrash (Lv 78); Power Whip (Lv 84); Jungle Healing (Lv 90)
894,Regieleki,Electric,,80,100,50,100,50,200,580,Thunder Shock (Lv 1); Rapid Spin (Lv 1); Electroweb (Lv 6); Ancient Power (Lv 12); Shock Wave (Lv 18); Thunder Wave (Lv 24); Extreme Speed (Lv 30); Thunder Cage (Lv 36); Thunderbolt (Lv 42); Magnet Rise (Lv 48); Thrash (Lv 54); Lock-On (Lv 60); Zap Cannon (Lv 66); Hyper Beam (Lv 72); Explosion (Lv 78)
895,Regidrago,Dragon,,200,100,50,100,50,80,580,Twister (Lv 1); Bite (Lv 6); Ancient Power (Lv 12); Dragon Breath (Lv 18); Crunch (Lv 30); Dragon Claw (Lv 36); Hammer Arm (Lv 42); Dragon Dance (Lv 48); Thrash (Lv 54); Focus Energy (Lv 60); Dragon Energy (Lv 66); Hyper Beam (Lv 72); Explosion (Lv 78)
896,Glastrier,Ice,,100,145,130,65,110,30,580,Tackle (Lv 1); Tail Whip (Lv 1); Double Kick (Lv 6); Avalanche (Lv 12); Stomp (Lv 18); Torment (Lv 24); Mist (Lv 30); Icicle Crash (Lv 36); Take Down (Lv 42); Iron Defense (Lv 48); Thrash (Lv 54); Taunt (Lv 60); Double-Edge (Lv 66); Swords Dance (Lv 72)
897,Spectrier,Ghost,,100,65,60,145,80,130,580,Tackle (Lv 1); Tail Whip (Lv 1); Double Kick (Lv 6); Hex (Lv 12); Stomp (Lv 18); Confuse Ray (Lv 24); Haze (Lv 30); Shadow Ball (Lv 36); Take Down (Lv 42); Agility (Lv 48); Thrash (Lv 54); Disable (Lv 60); Double-Edge (Lv 66); Nasty Plot (Lv 72)
898,Calyrex,Psychic,Grass,100,80,80,80,80,80,500,Pound (Lv 1); Mega Drain (Lv 1); Growth (Lv 1); Confusion (Lv 1); Life Dew (Lv 8); Giga Drain (Lv 16); Psyshock (Lv 24); Helping Hand (Lv 32); Grassy Terrain (Lv 40); Psychic Terrain (Lv 40); Energy Ball (Lv 48); Psychic (Lv 56); Leech Seed (Lv 64); Heal Pulse (Lv 72); Solar Beam (Lv 80); Future Sight (Lv 88)
899,Wyrdeer,Normal,Psychic,103,105,72,105,75,65,525,Psyshield Bash (Lv 0); Tackle (Lv 1); Leer (Lv 3); Astonish (Lv 7); Hypnosis (Lv 10); Stomp (Lv 13); Sand Attack (Lv 16); Take Down (Lv 21); Confuse Ray (Lv 23); Calm Mind (Lv 27); Role Play (Lv 32); Zen Headbutt (Lv 37); Imprison (Lv 49); Double-Edge (Lv 55); Megahorn (Lv 62)
900,Kleavor,Bug,Rock,70,135,95,45,70,85,500,Stone Axe (Lv 0); Leer (Lv 1); Quick Attack (Lv 1); Fury Cutter (Lv 4); False Swipe (Lv 8); Smack Down (Lv 12); Double Team (Lv 16); Double Hit (Lv 20); Slash (Lv 24); Focus Energy (Lv 28); Agility (Lv 32); Rock Slide (Lv 36); X-Scissor (Lv 40); Swords Dance (Lv 44)
901,Ursaluna,Ground,Normal,130,140,105,45,80,50,550,Headlong Rush (Lv 0); Fake Tears (Lv 1); Covet (Lv 1); Scratch (Lv 1); Leer (Lv 1); Lick (Lv 1); Fury Swipes (Lv 8); Payback (Lv 13); Sweet Scent (Lv 17); Slash (Lv 22); Play Nice (Lv 25); Play Rough (Lv 29); Scary Face (Lv 35); Rest (Lv 41); Snore (Lv 41); High Horsepower (Lv 48); Thrash (Lv 56); Hammer Arm (Lv 64)
902,Basculegion,Water,Ghost,120,112,65,80,75,78,530,Shadow Ball (Lv 1); Tail Whip (Lv 1); Water Gun (Lv 1); Phantom Force (Lv 1); Tackle (Lv 4); Flail (Lv 8); Aqua Jet (Lv 12); Bite (Lv 16); Scary Face (Lv 20); Headbutt (Lv 24); Soak (Lv 28); Crunch (Lv 32); Take Down (Lv 36); Uproar (Lv 40); Wave Crash (Lv 44); Thrash (Lv 48); Double-Edge (Lv 52); Head Smash (Lv 56)
903,Sneasler,Fighting,Poison,80,130,60,40,80,120,510,Dire Claw (Lv 0); Scratch (Lv 1); Leer (Lv 1); Rock Smash (Lv 1); Fling (Lv 1); Taunt (Lv 6); Quick Attack (Lv 12); Metal Claw (Lv 18); Poison Jab (Lv 24); Brick Break (Lv 30); Hone Claws (Lv 36); Slash (Lv 42); Agility (Lv 48); Screech (Lv 54); Close Combat (Lv 60)
904,Overqwil,Dark,Poison,85,115,95,65,65,85,510,Tackle (Lv 1); Poison Sting (Lv 1); Harden (Lv 4); Bite (Lv 8); Fell Stinger (Lv 12); Minimize (Lv 16); Spikes (Lv 20); Brine (Lv 24); Barb Barrage (Lv 28); Pin Missile (Lv 32); Toxic Spikes (Lv 36); Stockpile (Lv 40); Spit Up (Lv 40); Toxic (Lv 44); Crunch (Lv 48); Acupressure (Lv 52); Destiny Bond (Lv 56)
905,Enamorus,Fairy,Flying,74,115,70,135,80,106,580,Astonish (Lv 1); Fairy Wind (Lv 1); Torment (Lv 5); Flatter (Lv 10); Twister (Lv 15); Draining Kiss (Lv 20); Iron Defense (Lv 25); Imprison (Lv 30); Mystical Fire (Lv 35); Dazzling Gleam (Lv 40); Extrasensory (Lv 45); Uproar (Lv 50); Superpower (Lv 55); Healing Wish (Lv 60); Moonblast (Lv 65); Outrage (Lv 70); Springtide Storm (Lv 75)
906,Sprigatito,Grass,,40,61,54,45,45,65,310,Scratch (Lv 1); Tail Whip (Lv 1); Leafage (Lv 1); Bite (Lv 7); Hone Claws (Lv 10); Magical Leaf (Lv 13); Quick Attack (Lv 15); Seed Bomb (Lv 17); U-turn (Lv 21); Worry Seed (Lv 25); Slash (Lv 28); Energy Ball (Lv 32); Play Rough (Lv 36)
907,Floragato,Grass,,61,80,63,60,63,83,410,Scratch (Lv 1); Tail Whip (Lv 1); Leafage (Lv 1); Bite (Lv 7); Hone Claws (Lv 10); Magical Leaf (Lv 13); Quick Attack (Lv 15); Seed Bomb (Lv 20); U-turn (Lv 24); Worry Seed (Lv 28); Slash (Lv 33); Energy Ball (Lv 38); Play Rough (Lv 42); Leaf Storm (Lv 46)
908,Meowscarada,Grass,Dark,76,110,70,81,70,123,530,Flower Trick (Lv 0); Leafage (Lv 1); Scratch (Lv 1); Tail Whip (Lv 1); Bite (Lv 7); Hone Claws (Lv 10); Magical Leaf (Lv 13); Quick Attack (Lv 15); Seed Bomb (Lv 20); U-turn (Lv 24); Worry Seed (Lv 29); Slash (Lv 33); Night Slash (Lv 38); Energy Ball (Lv 42); Play Rough (Lv 47); Knock Off (Lv 52); Grassy Terrain (Lv 58); Leaf Storm (Lv 64)
909,Fuecoco,Fire,,67,45,59,63,40,36,310,Tackle (Lv 1); Leer (Lv 1); Ember (Lv 1); Round (Lv 7); Bite (Lv 12); Incinerate (Lv 15); Yawn (Lv 17); Snarl (Lv 21); Roar (Lv 25); Flamethrower (Lv 28); Hyper Voice (Lv 32); Fire Blast (Lv 36)
910,Crocalor,Fire,,81,55,78,90,58,49,411,Tackle (Lv 1); Leer (Lv 1); Ember (Lv 1); Lick (Lv 7); Round (Lv 10); Bite (Lv 12); Yawn (Lv 15); Incinerate (Lv 17); Snarl (Lv 24); Roar (Lv 28); Flamethrower (Lv 32); Hyper Voice (Lv 38); Will-O-Wisp (Lv 42); Fire Blast (Lv 47)
911,Skeledirge,Fire,Ghost,104,75,100,110,75,66,530,Torch Song (Lv 0); Ember (Lv 1); Tackle (Lv 1); Leer (Lv 1); Lick (Lv 7); Round (Lv 10); Scary Face (Lv 12); Bite (Lv 15); Incinerate (Lv 17); Snarl (Lv 24); Roar (Lv 28); Flamethrower (Lv 32); Shadow Ball (Lv 38); Hyper Voice (Lv 42); Will-O-Wisp (Lv 47); Hex (Lv 47); Fire Blast (Lv 58); Overheat (Lv 64)
912,Quaxly,Water,,55,65,45,50,45,50,310,Pound (Lv 1); Growl (Lv 1); Water Gun (Lv 1); Work Up (Lv 7); Wing Attack (Lv 10); Aqua Jet (Lv 13); Double Hit (Lv 17); Aqua Cutter (Lv 21); Air Slash (Lv 24); Focus Energy (Lv 28); Acrobatics (Lv 31); Liquidation (Lv 35)
913,Quaxwell,Water,,70,85,65,65,60,65,410,Pound (Lv 1); Growl (Lv 1); Water Gun (Lv 1); Double Hit (Lv 1); Work Up (Lv 7); Wing Attack (Lv 10); Aqua Jet (Lv 13); Water Pulse (Lv 17); Low Sweep (Lv 19); Aqua Cutter (Lv 23); Air Slash (Lv 27); Focus Energy (Lv 32); Acrobatics (Lv 38); Liquidation (Lv 43); Feather Dance (Lv 48)
914,Quaquaval,Water,Fighting,85,120,80,85,75,85,530,Aqua Step (Lv 0); Pound (Lv 1); Growl (Lv 1); Water Gun (Lv 1); Double Hit (Lv 1); Work Up (Lv 7); Wing Attack (Lv 10); Aqua Jet (Lv 13); Water Pulse (Lv 17); Low Sweep (Lv 17); Aqua Cutter (Lv 21); Air Slash (Lv 27); Focus Energy (Lv 32); Mega Kick (Lv 38); Acrobatics (Lv 43); Liquidation (Lv 47); Feather Dance (Lv 52); Close Combat (Lv 58); Wave Crash (Lv 64)
915,Lechonk,Normal,,54,45,40,35,45,35,254,Tackle (Lv 1); Tail Whip (Lv 1); Disarming Voice (Lv 5); Echoed Voice (Lv 8); Mud Shot (Lv 12); Covet (Lv 15); Dig (Lv 17); Headbutt (Lv 21); Yawn (Lv 24); Take Down (Lv 27); Work Up (Lv 30); Uproar (Lv 32); Double-Edge (Lv 35)
916,Oinkologne,Normal,,110,100,75,59,80,65,489,Tackle (Lv 1); Tail Whip (Lv 1); Disarming Voice (Lv 5); Echoed Voice (Lv 8); Mud Shot (Lv 12); Covet (Lv 15); Dig (Lv 17); Headbutt (Lv 23); Take Down (Lv 26); Yawn (Lv 27); Work Up (Lv 34); Uproar (Lv 38); Double-Edge (Lv 42); Earth Power (Lv 48); Belch (Lv 54)
917,Tarountula,Bug,,35,41,45,29,40,20,210,Tackle (Lv 1); String Shot (Lv 1); Struggle Bug (Lv 5); Assurance (Lv 8); Feint (Lv 11); Bug Bite (Lv 14); Block (Lv 18); Counter (Lv 22); Headbutt (Lv 25); Sticky Web (Lv 29); Gastro Acid (Lv 33); Circle Throw (Lv 36); Throat Chop (Lv 40); Skitter Smack (Lv 44)
918,Spidops,Bug,,60,79,92,52,86,35,404,Silk Trap (Lv 0); Tackle (Lv 1); String Shot (Lv 1); Struggle Bug (Lv 5); Assurance (Lv 8); Feint (Lv 11); Bug Bite (Lv 14); Block (Lv 19); Counter (Lv 24); Headbutt (Lv 28); Sticky Web (Lv 33); Gastro Acid (Lv 37); Circle Throw (Lv 41); Throat Chop (Lv 45); Skitter Smack (Lv 49)
919,Nymble,Bug,,33,46,40,21,25,45,210,Tackle (Lv 1); Leer (Lv 1); Struggle Bug (Lv 4); Astonish (Lv 6); Assurance (Lv 9); Double Kick (Lv 11); Screech (Lv 14); Endure (Lv 18); Bug Bite (Lv 22); Feint (Lv 26); Agility (Lv 30); Sucker Punch (Lv 38); First Impression (Lv 41)
920,Lokix,Bug,Dark,71,102,78,52,55,92,450,Lunge (Lv 0); Tackle (Lv 1); Leer (Lv 1); Low Kick (Lv 1); Detect (Lv 1); Struggle Bug (Lv 4); Astonish (Lv 6); Assurance (Lv 9); Double Kick (Lv 11); Screech (Lv 14); Endure (Lv 18); Bug Bite (Lv 22); Feint (Lv 28); Agility (Lv 32); Throat Chop (Lv 36); Sucker Punch (Lv 40); First Impression (Lv 44); Bounce (Lv 48); Axe Kick (Lv 53)
921,Pawmi,Electric,,45,50,20,40,25,60,240,Scratch (Lv 1); Growl (Lv 1); Thunder Shock (Lv 3); Quick Attack (Lv 6); Charge (Lv 8); Nuzzle (Lv 12); Dig (Lv 15); Bite (Lv 19); Spark (Lv 23); Thunder Wave (Lv 27); Entrainment (Lv 31); Slam (Lv 35); Discharge (Lv 38); Agility (Lv 40); Wild Charge (Lv 44)
922,Pawmo,Electric,Fighting,60,75,40,50,40,85,350,Arm Thrust (Lv 0); Scratch (Lv 1); Growl (Lv 1); Thunder Shock (Lv 3); Quick Attack (Lv 6); Charge (Lv 8); Nuzzle (Lv 12); Dig (Lv 15); Bite (Lv 19); Spark (Lv 23); Thunder Wave (Lv 27); Slam (Lv 32); Entrainment (Lv 38); Discharge (Lv 42); Agility (Lv 46); Wild Charge (Lv 52)
923,Pawmot,Electric,Fighting,70,115,70,70,60,105,490,Revival Blessing (Lv 0); Scratch (Lv 1); Growl (Lv 1); Wild Charge (Lv 1); Thunder Shock (Lv 3); Quick Attack (Lv 6); Charge (Lv 8); Nuzzle (Lv 12); Dig (Lv 15); Bite (Lv 19); Spark (Lv 23); Arm Thrust (Lv 25); Thunder Wave (Lv 29); Slam (Lv 33); Entrainment (Lv 39); Close Combat (Lv 44); Discharge (Lv 49); Agility (Lv 54); Double Shock (Lv 60)
924,Tandemaus,Normal,,50,50,45,40,45,75,305,Pound (Lv 1); Baby-Doll Eyes (Lv 1); Echoed Voice (Lv 5); Helping Hand (Lv 8); Super Fang (Lv 11); Double Hit (Lv 14); Bullet Seed (Lv 18); Encore (Lv 22); Play Rough (Lv 26); Hyper Voice (Lv 30); Charm (Lv 33); Beat Up (Lv 37); Copycat (Lv 41); Population Bomb (Lv 46)
925,Maushold,Normal,,74,75,70,65,75,111,470,Pound (Lv 1); Follow Me (Lv 1); Baby-Doll Eyes (Lv 1); Tidy Up (Lv 1); Echoed Voice (Lv 5); Helping Hand (Lv 8); Super Fang (Lv 11); Double Hit (Lv 14); Bullet Seed (Lv 18); Encore (Lv 22); Play Rough (Lv 29); Hyper Voice (Lv 33); Charm (Lv 37); Beat Up (Lv 41); Copycat (Lv 46); Population Bomb (Lv 53)
926,Fidough,Fairy,,37,55,70,30,55,65,312,Tackle (Lv 1); Growl (Lv 1); Lick (Lv 3); Tail Whip (Lv 6); Covet (Lv 8); Bite (Lv 11); Baby-Doll Eyes (Lv 15); Play Rough (Lv 18); Work Up (Lv 22); Baton Pass (Lv 26); Roar (Lv 30); Double-Edge (Lv 33); Charm (Lv 36); Crunch (Lv 40); Last Resort (Lv 45)
927,Dachsbun,Fairy,,57,80,115,50,80,95,477,Tackle (Lv 1); Growl (Lv 1); Lick (Lv 3); Tail Whip (Lv 6); Covet (Lv 8); Bite (Lv 11); Baby-Doll Eyes (Lv 15); Play Rough (Lv 18); Work Up (Lv 22); Baton Pass (Lv 29); Roar (Lv 33); Double-Edge (Lv 38); Charm (Lv 42); Crunch (Lv 47); Last Resort (Lv 53)
928,Smoliv,Grass,Normal,41,35,45,58,51,30,260,Tackle (Lv 1); Sweet Scent (Lv 1); Absorb (Lv 5); Growth (Lv 7); Razor Leaf (Lv 10); Helping Hand (Lv 13); Flail (Lv 16); Mega Drain (Lv 20); Grassy Terrain (Lv 23); Seed Bomb (Lv 27); Energy Ball (Lv 30); Leech Seed (Lv 34); Terrain Pulse (Lv 38)
929,Dolliv,Grass,Normal,52,53,60,78,78,33,354,Tackle (Lv 1); Sweet Scent (Lv 1); Absorb (Lv 5); Growth (Lv 7); Razor Leaf (Lv 10); Helping Hand (Lv 13); Flail (Lv 16); Mega Drain (Lv 20); Grassy Terrain (Lv 23); Seed Bomb (Lv 29); Energy Ball (Lv 34); Leech Seed (Lv 37); Terrain Pulse (Lv 42)
930,Arboliva,Grass,Normal,78,69,90,125,109,39,510,Sweet Scent (Lv 1); Mirror Coat (Lv 1); Safeguard (Lv 1); Tackle (Lv 1); Absorb (Lv 5); Growth (Lv 7); Razor Leaf (Lv 10); Helping Hand (Lv 13); Flail (Lv 16); Mega Drain (Lv 20); Grassy Terrain (Lv 23); Seed Bomb (Lv 29); Energy Ball (Lv 34); Leech Seed (Lv 39); Terrain Pulse (Lv 46); Petal Blizzard (Lv 52); Petal Dance (Lv 58)
931,Squawkabilly,Normal,Flying,82,96,51,45,51,92,417,Growl (Lv 1); Peck (Lv 1); Mimic (Lv 1); Quick Attack (Lv 6); Torment (Lv 10); Aerial Ace (Lv 13); Fury Attack (Lv 17); Taunt (Lv 20); Uproar (Lv 24); Copycat (Lv 27); Fly (Lv 30); Facade (Lv 34); Swagger (Lv 38); Brave Bird (Lv 42); Roost (Lv 47); Reversal (Lv 52)
932,Nacli,Rock,,55,55,75,35,35,25,280,Tackle (Lv 1); Harden (Lv 1); Rock Throw (Lv 5); Mud Shot (Lv 7); Smack Down (Lv 10); Rock Polish (Lv 13); Headbutt (Lv 16); Iron Defense (Lv 20); Recover (Lv 25); Rock Slide (Lv 30); Stealth Rock (Lv 33); Heavy Slam (Lv 35); Earthquake (Lv 40); Stone Edge (Lv 45)
933,Naclstack,Rock,,60,60,100,35,65,35,355,Salt Cure (Lv 0); Tackle (Lv 1); Harden (Lv 1); Rock Throw (Lv 5); Mud Shot (Lv 7); Smack Down (Lv 10); Rock Polish (Lv 13); Headbutt (Lv 16); Iron Defense (Lv 20); Recover (Lv 30); Rock Slide (Lv 34); Stealth Rock (Lv 38); Heavy Slam (Lv 41); Earthquake (Lv 45); Stone Edge (Lv 51)
934,Garganacl,Rock,,100,100,130,45,90,35,500,Hammer Arm (Lv 0); Block (Lv 1); Tackle (Lv 1); Wide Guard (Lv 1); Harden (Lv 1); Rock Blast (Lv 1); Rock Throw (Lv 5); Mud Shot (Lv 7); Rock Tomb (Lv 10); Rock Polish (Lv 13); Headbutt (Lv 16); Salt Cure (Lv 24); Recover (Lv 30); Rock Slide (Lv 34); Stealth Rock (Lv 40); Heavy Slam (Lv 44); Earthquake (Lv 49); Stone Edge (Lv 54); Explosion (Lv 60)
935,Charcadet,Fire,,40,50,40,50,40,35,255,Leer (Lv 1); Ember (Lv 1); Astonish (Lv 1); Clear Smog (Lv 8); Fire Spin (Lv 12); Will-O-Wisp (Lv 16); Night Shade (Lv 20); Flame Charge (Lv 24); Incinerate (Lv 28); Lava Plume (Lv 32)
936,Armarouge,Fire,Psychic,85,60,100,125,80,75,525,Psyshock (Lv 0); Leer (Lv 1); Ember (Lv 1); Mystical Fire (Lv 1); Astonish (Lv 1); Wide Guard (Lv 1); Clear Smog (Lv 8); Fire Spin (Lv 12); Will-O-Wisp (Lv 16); Night Shade (Lv 20); Flame Charge (Lv 24); Incinerate (Lv 28); Lava Plume (Lv 32); Calm Mind (Lv 37); Ally Switch (Lv 42); Flamethrower (Lv 48); Expanding Force (Lv 56); Armor Cannon (Lv 62)
937,Ceruledge,Fire,Ghost,75,125,80,60,100,85,525,Shadow Claw (Lv 0); Leer (Lv 1); Ember (Lv 1); Astonish (Lv 1); Clear Smog (Lv 8); Fire Spin (Lv 12); Will-O-Wisp (Lv 16); Night Shade (Lv 20); Flame Charge (Lv 24); Incinerate (Lv 28); Lava Plume (Lv 32); Swords Dance (Lv 37); Ally Switch (Lv 42); Bitter Blade (Lv 48); Psycho Cut (Lv 56); Flare Blitz (Lv 62)
938,Tadbulb,Electric,,61,31,41,59,35,45,272,Tackle (Lv 1); Mud-Slap (Lv 1); Thunder Shock (Lv 7); Water Gun (Lv 11); Charge (Lv 17); Spark (Lv 21); Mud Shot (Lv 24); Flail (Lv 25); Discharge (Lv 32); Weather Ball (Lv 36); Electric Terrain (Lv 40); Sucker Punch (Lv 45); Zap Cannon (Lv 50)
939,Bellibolt,Electric,,109,64,91,103,83,45,495,Tackle (Lv 1); Mud-Slap (Lv 1); Slack Off (Lv 1); Thunder Shock (Lv 7); Water Gun (Lv 11); Charge (Lv 17); Spark (Lv 21); Mud Shot (Lv 24); Flail (Lv 25); Discharge (Lv 32); Weather Ball (Lv 36); Electric Terrain (Lv 40); Sucker Punch (Lv 45); Zap Cannon (Lv 50)
940,Wattrel,Electric,Flying,40,40,35,55,40,70,280,Growl (Lv 1); Peck (Lv 1); Thunder Shock (Lv 4); Quick Attack (Lv 7); Pluck (Lv 11); Spark (Lv 15); Uproar (Lv 19); Roost (Lv 23); Dual Wingbeat (Lv 27); Agility (Lv 32); Volt Switch (Lv 37); Discharge (Lv 43)
941,Kilowattrel,Electric,Flying,70,70,60,105,60,125,490,Electro Ball (Lv 0); Growl (Lv 1); Peck (Lv 1); Thunder Shock (Lv 4); Quick Attack (Lv 7); Pluck (Lv 11); Spark (Lv 15); Uproar (Lv 19); Roost (Lv 24); Dual Wingbeat (Lv 30); Agility (Lv 36); Volt Switch (Lv 43); Discharge (Lv 48); Hurricane (Lv 55)
942,Maschiff,Dark,,60,78,60,40,51,51,340,Tackle (Lv 1); Leer (Lv 1); Scary Face (Lv 1); Lick (Lv 4); Snarl (Lv 7); Hone Claws (Lv 10); Bite (Lv 14); Roar (Lv 18); Headbutt (Lv 22); Payback (Lv 26); Crunch (Lv 31); Swagger (Lv 35); Reversal (Lv 39); Jaw Lock (Lv 43); Double-Edge (Lv 49)
943,Mabosstiff,Dark,,80,120,90,60,70,85,505,Comeuppance (Lv 0); Leer (Lv 1); Scary Face (Lv 1); Tackle (Lv 1); Lick (Lv 4); Snarl (Lv 7); Hone Claws (Lv 10); Bite (Lv 14); Roar (Lv 18); Headbutt (Lv 22); Payback (Lv 26); Crunch (Lv 34); Swagger (Lv 39); Reversal (Lv 43); Jaw Lock (Lv 48); Double-Edge (Lv 55); Outrage (Lv 60)
944,Shroodle,Poison,Normal,40,65,35,40,35,75,290,Scratch (Lv 1); Leer (Lv 1); Acid Spray (Lv 5); Bite (Lv 8); Fury Swipes (Lv 8); Switcheroo (Lv 11); Poison Fang (Lv 14); Flatter (Lv 18); Slash (Lv 21); U-turn (Lv 25); Poison Jab (Lv 29); Taunt (Lv 33); Substitute (Lv 36); Knock Off (Lv 40); Gunk Shot (Lv 45)
945,Grafaiai,Poison,Normal,63,95,65,80,72,110,485,Doodle (Lv 0); Scratch (Lv 1); Leer (Lv 1); Acid Spray (Lv 5); Fury Swipes (Lv 8); Switcheroo (Lv 11); Poison Fang (Lv 14); Flatter (Lv 18); Slash (Lv 21); U-turn (Lv 25); Poison Jab (Lv 33); Taunt (Lv 37); Substitute (Lv 40); Knock Off (Lv 45); Gunk Shot (Lv 51)
946,Bramblin,Grass,Ghost,40,65,30,45,35,60,275,Defense Curl (Lv 1); Rollout (Lv 1); Astonish (Lv 1); Absorb (Lv 5); Rapid Spin (Lv 9); Bullet Seed (Lv 13); Infestation (Lv 17); Hex (Lv 21); Mega Drain (Lv 25); Disable (Lv 29); Phantom Force (Lv 35); Giga Drain (Lv 40); Curse (Lv 45); Pain Split (Lv 50); Power Whip (Lv 55)
947,Brambleghast,Grass,Ghost,55,115,70,80,70,90,480,Defense Curl (Lv 1); Rollout (Lv 1); Astonish (Lv 1); Absorb (Lv 5); Rapid Spin (Lv 9); Bullet Seed (Lv 13); Infestation (Lv 17); Hex (Lv 21); Mega Drain (Lv 25); Disable (Lv 29); Phantom Force (Lv 35); Giga Drain (Lv 40); Curse (Lv 45); Pain Split (Lv 50); Power Whip (Lv 55)
948,Toedscool,Ground,Grass,40,40,35,50,100,70,335,Wrap (Lv 1); Mud-Slap (Lv 1); Absorb (Lv 4); Poison Powder (Lv 8); Stun Spore (Lv 8); Supersonic (Lv 12); Tackle (Lv 15); Mega Drain (Lv 16); Screech (Lv 20); Mud Shot (Lv 24); Hex (Lv 28); Seed Bomb (Lv 32); Spore (Lv 36); Growth (Lv 40); Giga Drain (Lv 44); Earth Power (Lv 48); Power Whip (Lv 52)
949,Toedscruel,Ground,Grass,80,70,65,80,120,100,515,Reflect Type (Lv 1); Wrap (Lv 1); Mud-Slap (Lv 1); Absorb (Lv 4); Poison Powder (Lv 8); Stun Spore (Lv 8); Supersonic (Lv 12); Tackle (Lv 15); Mega Drain (Lv 16); Screech (Lv 20); Mud Shot (Lv 24); Hex (Lv 28); Seed Bomb (Lv 34); Spore (Lv 40); Growth (Lv 44); Giga Drain (Lv 48); Earth Power (Lv 54); Power Whip (Lv 58)
950,Klawf,Rock,,70,100,115,35,55,75,450,Rock Throw (Lv 1); Harden (Lv 6); Rock Smash (Lv 9); Rock Tomb (Lv 13); Metal Claw (Lv 17); Protect (Lv 21); Rock Blast (Lv 24); X-Scissor (Lv 29); Swords Dance (Lv 33); Flail (Lv 37); Rock Slide (Lv 42); High Horsepower (Lv 47); Iron Defense (Lv 51); Guillotine (Lv 56)
951,Capsakid,Grass,,50,62,40,62,40,50,304,Leer (Lv 1); Leafage (Lv 1); Bite (Lv 4); Growth (Lv 10); Razor Leaf (Lv 13); Sunny Day (Lv 17); Bullet Seed (Lv 21); Headbutt (Lv 24); Zen Headbutt (Lv 28); Crunch (Lv 38); Seed Bomb (Lv 44); Solar Beam (Lv 48)
952,Scovillain,Grass,Fire,65,108,65,108,65,75,486,Flamethrower (Lv 0); Spicy Extract (Lv 0); Leer (Lv 1); Fire Fang (Lv 1); Leafage (Lv 1); Bite (Lv 4); Growth (Lv 10); Razor Leaf (Lv 13); Sunny Day (Lv 17); Bullet Seed (Lv 21); Headbutt (Lv 24); Zen Headbutt (Lv 28); Worry Seed (Lv 33); Crunch (Lv 38); Seed Bomb (Lv 44); Solar Beam (Lv 48); Overheat (Lv 48)
953,Rellor,Bug,,41,50,60,31,58,30,270,Tackle (Lv 1); Defense Curl (Lv 1); Sand Attack (Lv 4); Struggle Bug (Lv 7); Rollout (Lv 11); Mud Shot (Lv 15); Bug Bite (Lv 20); Take Down (Lv 24); Dig (Lv 29); Lunge (Lv 35)
954,Rabsca,Bug,Psychic,75,50,85,115,100,45,470,Revival Blessing (Lv 0); Tackle (Lv 1); Defense Curl (Lv 1); Confusion (Lv 1); Sand Attack (Lv 4); Struggle Bug (Lv 7); Rollout (Lv 11); Psybeam (Lv 15); Bug Bite (Lv 20); Take Down (Lv 24); Extrasensory (Lv 29); Lunge (Lv 35); Power Swap (Lv 40); Guard Swap (Lv 40); Speed Swap (Lv 40); Bug Buzz (Lv 45); Psychic (Lv 50)
955,Flittle,Psychic,,30,35,30,55,30,75,255,Growl (Lv 1); Peck (Lv 1); Confusion (Lv 5); Baby-Doll Eyes (Lv 8); Disarming Voice (Lv 11); Quick Attack (Lv 15); Psybeam (Lv 19); Pluck (Lv 24); Agility (Lv 29); Uproar (Lv 34)
956,Espathra,Psychic,,95,60,60,101,60,105,481,Lumina Crash (Lv 0); Growl (Lv 1); Peck (Lv 1); Drill Peck (Lv 1); Feather Dance (Lv 1); Confusion (Lv 5); Baby-Doll Eyes (Lv 8); Disarming Voice (Lv 11); Quick Attack (Lv 15); Psybeam (Lv 19); Pluck (Lv 24); Agility (Lv 29); Uproar (Lv 34); Dazzling Gleam (Lv 43); Psychic (Lv 49); Last Resort (Lv 54)
957,Tinkatink,Fairy,Steel,50,45,45,35,64,58,297,Fairy Wind (Lv 1); Astonish (Lv 1); Baby-Doll Eyes (Lv 5); Metal Claw (Lv 8); Covet (Lv 11); Rock Smash (Lv 14); Draining Kiss (Lv 17); Sweet Kiss (Lv 21); Brutal Swing (Lv 24); Slam (Lv 27); Flash Cannon (Lv 31); Play Rough (Lv 35); Fake Out (Lv 39); Flatter (Lv 43); Skitter Smack (Lv 47); Knock Off (Lv 52)
958,Tinkatuff,Fairy,Steel,65,55,55,45,82,78,380,Fairy Wind (Lv 1); Astonish (Lv 1); Baby-Doll Eyes (Lv 5); Metal Claw (Lv 8); Covet (Lv 11); Rock Smash (Lv 14); Draining Kiss (Lv 17); Sweet Kiss (Lv 21); Brutal Swing (Lv 24); Slam (Lv 27); Flash Cannon (Lv 31); Play Rough (Lv 35); Fake Out (Lv 39); Flatter (Lv 43); Skitter Smack (Lv 47); Knock Off (Lv 52)
959,Tinkaton,Fairy,Steel,85,75,77,70,105,94,506,Gigaton Hammer (Lv 0); Fairy Wind (Lv 1); Astonish (Lv 1); Baby-Doll Eyes (Lv 5); Metal Claw (Lv 8); Covet (Lv 11); Rock Smash (Lv 14); Draining Kiss (Lv 17); Sweet Kiss (Lv 21); Brutal Swing (Lv 24); Slam (Lv 27); Flash Cannon (Lv 31); Play Rough (Lv 35); Fake Out (Lv 39); Flatter (Lv 43); Skitter Smack (Lv 47); Knock Off (Lv 52)
960,Wiglett,Water,,10,55,25,35,25,95,245,Sand Attack (Lv 1); Water Gun (Lv 1); Mud-Slap (Lv 4); Wrap (Lv 8); Aqua Jet (Lv 12); Slam (Lv 20); Water Pulse (Lv 20); Headbutt (Lv 24); Dig (Lv 28); Sucker Punch (Lv 32); Throat Chop (Lv 36); Liquidation (Lv 40)
961,Wugtrio,Water,,35,100,50,50,70,120,425,Sand Attack (Lv 1); Wrap (Lv 1); Water Gun (Lv 1); Mud-Slap (Lv 1); Aqua Jet (Lv 12); Slam (Lv 16); Water Pulse (Lv 20); Headbutt (Lv 24); Triple Dive (Lv 30); Dig (Lv 36); Sucker Punch (Lv 42); Throat Chop (Lv 48); Liquidation (Lv 54)
962,Bombirdier,Flying,Dark,70,103,85,60,85,82,485,Wing Attack (Lv 1); Leer (Lv 1); Peck (Lv 1); Memento (Lv 1); Hone Claws (Lv 1); Thief (Lv 7); Rock Throw (Lv 11); Whirlwind (Lv 16); Pluck (Lv 20); Torment (Lv 24); Rock Tomb (Lv 29); Payback (Lv 36); Dual Wingbeat (Lv 42); Rock Slide (Lv 47); Knock Off (Lv 53); Parting Shot (Lv 60)
963,Finizen,Water,,70,45,40,45,40,75,315,Supersonic (Lv 1); Water Gun (Lv 1); Astonish (Lv 7); Focus Energy (Lv 10); Aqua Jet (Lv 13); Double Hit (Lv 17); Dive (Lv 21); Charm (Lv 25); Acrobatics (Lv 29); Encore (Lv 34); Aqua Tail (Lv 39); Mist (Lv 44); Hydro Pump (Lv 50)
964,Palafin,Water,,100,70,72,53,62,100,457,Flip Turn (Lv 0); Jet Punch (Lv 1); Supersonic (Lv 1); Water Gun (Lv 1); Astonish (Lv 7); Focus Energy (Lv 10); Aqua Jet (Lv 13); Double Hit (Lv 17); Dive (Lv 21); Charm (Lv 25); Acrobatics (Lv 29); Encore (Lv 34); Aqua Tail (Lv 39); Mist (Lv 44); Hydro Pump (Lv 50); Focus Punch (Lv 55); Wave Crash (Lv 61)
965,Varoom,Steel,Poison,45,70,63,30,45,47,300,Lick (Lv 1); Poison Gas (Lv 1); Smog (Lv 4); Taunt (Lv 7); Assurance (Lv 10); Sludge (Lv 13); Gyro Ball (Lv 17); Headbutt (Lv 21); Screech (Lv 25); Iron Head (Lv 28); Swagger (Lv 32); Poison Jab (Lv 36); Uproar (Lv 41); Spin Out (Lv 46); Gunk Shot (Lv 50)
966,Revavroom,Steel,Poison,80,119,90,54,67,90,500,Shift Gear (Lv 0); Magnet Rise (Lv 1); Lick (Lv 1); Poison Gas (Lv 1); Smog (Lv 4); Taunt (Lv 7); Assurance (Lv 10); Sludge (Lv 13); Gyro Ball (Lv 17); Headbutt (Lv 21); Screech (Lv 25); Iron Head (Lv 28); Swagger (Lv 32); Poison Jab (Lv 36); Uproar (Lv 46); Spin Out (Lv 52); Gunk Shot (Lv 58)
967,Cyclizar,Dragon,Normal,70,95,65,85,65,121,501,Tackle (Lv 1); Growl (Lv 1); Rapid Spin (Lv 7); Taunt (Lv 11); Breaking Swipe (Lv 14); Quick Attack (Lv 18); Bite (Lv 23); U-turn (Lv 27); Shed Tail (Lv 31); Dragon Claw (Lv 36); Shift Gear (Lv 40); Dragon Pulse (Lv 45); Double-Edge (Lv 51); Dragon Rush (Lv 57)
968,Orthworm,Steel,,70,85,145,60,55,65,480,Tackle (Lv 1); Wrap (Lv 1); Harden (Lv 1); Mud-Slap (Lv 7); Smack Down (Lv 12); Bulldoze (Lv 16); Iron Head (Lv 21); Take Down (Lv 26); Dig (Lv 30); Sandstorm (Lv 34); Iron Defense (Lv 38); Iron Tail (Lv 43); Earthquake (Lv 47); Shed Tail (Lv 52)
969,Glimmet,Rock,Poison,48,35,42,105,60,60,350,Rock Throw (Lv 1); Harden (Lv 1); Smack Down (Lv 1); Acid Spray (Lv 7); Ancient Power (Lv 11); Rock Polish (Lv 15); Stealth Rock (Lv 18); Venoshock (Lv 22); Sandstorm (Lv 26); Self-Destruct (Lv 29); Rock Slide (Lv 33); Power Gem (Lv 37); Acid Armor (Lv 41); Sludge Wave (Lv 46)
970,Glimmora,Rock,Poison,83,55,90,130,81,86,525,Mortal Spin (Lv 0); Smack Down (Lv 1); Spiky Shield (Lv 1); Toxic Spikes (Lv 1); Rock Throw (Lv 1); Harden (Lv 1); Acid Spray (Lv 7); Ancient Power (Lv 11); Rock Polish (Lv 15); Stealth Rock (Lv 18); Venoshock (Lv 22); Sandstorm (Lv 26); Self-Destruct (Lv 29); Rock Slide (Lv 33); Power Gem (Lv 39); Acid Armor (Lv 44); Sludge Wave (Lv 50)
971,Greavard,Ghost,,50,61,60,30,55,34,290,Tackle (Lv 1); Growl (Lv 1); Lick (Lv 3); Tail Whip (Lv 6); Bite (Lv 6); Roar (Lv 9); Headbutt (Lv 12); Dig (Lv 16); Rest (Lv 24); Crunch (Lv 28); Play Rough (Lv 32); Helping Hand (Lv 37); Phantom Force (Lv 41); Charm (Lv 46); Double-Edge (Lv 52)
972,Houndstone,Ghost,,72,101,100,50,97,68,488,Last Respects (Lv 0); Tackle (Lv 1); Growl (Lv 1); Lick (Lv 3); Tail Whip (Lv 6); Bite (Lv 6); Roar (Lv 9); Headbutt (Lv 12); Dig (Lv 16); Rest (Lv 24); Crunch (Lv 28); Play Rough (Lv 36); Helping Hand (Lv 41); Phantom Force (Lv 46); Charm (Lv 51); Double-Edge (Lv 58)
973,Flamigo,Flying,Fighting,82,115,74,75,64,90,500,Peck (Lv 1); Copycat (Lv 1); Double Kick (Lv 5); Detect (Lv 9); Wing Attack (Lv 12); Focus Energy (Lv 15); Low Kick (Lv 18); Feint (Lv 21); Payback (Lv 27); Roost (Lv 31); Air Slash (Lv 35); Mega Kick (Lv 39); Wide Guard (Lv 44); Throat Chop (Lv 48); Brave Bird (Lv 54)
974,Cetoddle,Ice,,108,68,45,30,40,43,334,Tackle (Lv 1); Powder Snow (Lv 1); Growl (Lv 6); Echoed Voice (Lv 9); Ice Shard (Lv 12); Rest (Lv 15); Take Down (Lv 19); Flail (Lv 25); Avalanche (Lv 27); Bounce (Lv 31); Body Slam (Lv 36); Amnesia (Lv 40); Ice Spinner (Lv 44); Double-Edge (Lv 49); Blizzard (Lv 53)
975,Cetitan,Ice,,170,113,65,45,55,73,521,Tackle (Lv 1); Powder Snow (Lv 1); Growl (Lv 6); Echoed Voice (Lv 9); Ice Shard (Lv 12); Rest (Lv 15); Take Down (Lv 19); Flail (Lv 25); Avalanche (Lv 27); Bounce (Lv 31); Body Slam (Lv 36); Amnesia (Lv 40); Ice Spinner (Lv 44); Double-Edge (Lv 49); Blizzard (Lv 53)
976,Veluza,Water,Psychic,90,102,73,78,65,70,478,Tackle (Lv 1); Aqua Jet (Lv 1); Pluck (Lv 7); Water Pulse (Lv 11); Focus Energy (Lv 15); Slash (Lv 20); Aqua Cutter (Lv 25); Fillet Away (Lv 30); Night Slash (Lv 35); Psycho Cut (Lv 40); Liquidation (Lv 45); Crunch (Lv 50); Final Gambit (Lv 55)
977,Dondozo,Water,,150,100,115,65,65,35,530,Tackle (Lv 1); Supersonic (Lv 1); Water Gun (Lv 1); Tickle (Lv 5); Flail (Lv 10); Rest (Lv 15); Sleep Talk (Lv 15); Dive (Lv 20); Noble Roar (Lv 25); Soak (Lv 30); Body Slam (Lv 35); Aqua Tail (Lv 40); Rain Dance (Lv 45); Order Up (Lv 50); Heavy Slam (Lv 55); Double-Edge (Lv 60); Wave Crash (Lv 65)
978,Tatsugiri,Dragon,Water,68,50,60,120,95,82,475,Water Gun (Lv 1); Splash (Lv 1); Harden (Lv 6); Helping Hand (Lv 12); Water Pulse (Lv 17); Soak (Lv 23); Taunt (Lv 28); Memento (Lv 34); Muddy Water (Lv 39); Nasty Plot (Lv 43); Mirror Coat (Lv 47); Dragon Pulse (Lv 52)
979,Annihilape,Fighting,Ghost,110,115,80,50,90,90,535,Shadow Punch (Lv 0); Scratch (Lv 1); Leer (Lv 1); Counter (Lv 1); Fling (Lv 1); Focus Energy (Lv 1); Fury Swipes (Lv 5); Low Kick (Lv 8); Seismic Toss (Lv 12); Swagger (Lv 17); Cross Chop (Lv 22); Assurance (Lv 26); Thrash (Lv 30); Rage Fist (Lv 35); Close Combat (Lv 39); Screech (Lv 44); Stomping Tantrum (Lv 48); Outrage (Lv 53); Final Gambit (Lv 57)
980,Clodsire,Poison,Ground,130,75,60,45,100,20,430,Amnesia (Lv 0); Tail Whip (Lv 1); Poison Sting (Lv 1); Toxic Spikes (Lv 4); Mud Shot (Lv 8); Poison Tail (Lv 12); Slam (Lv 16); Yawn (Lv 21); Poison Jab (Lv 24); Sludge Wave (Lv 30); Megahorn (Lv 36); Toxic (Lv 40); Earthquake (Lv 48)
981,Farigiraf,Normal,Psychic,120,90,70,110,70,60,520,Tackle (Lv 1); Growl (Lv 1); Astonish (Lv 1); Power Swap (Lv 1); Guard Swap (Lv 1); Confusion (Lv 5); Assurance (Lv 10); Stomp (Lv 14); Psybeam (Lv 19); Agility (Lv 23); Double Hit (Lv 28); Twin Beam (Lv 32); Crunch (Lv 37); Baton Pass (Lv 41); Nasty Plot (Lv 46); Psychic (Lv 50)
982,Dudunsparce,Normal,,125,100,80,85,75,55,520,Defense Curl (Lv 1); Flail (Lv 1); Mud-Slap (Lv 4); Rollout (Lv 8); Glare (Lv 12); Screech (Lv 16); Ancient Power (Lv 20); Drill Run (Lv 24); Yawn (Lv 28); Hyper Drill (Lv 32); Roost (Lv 36); Dragon Rush (Lv 40); Coil (Lv 44); Double-Edge (Lv 48); Endeavor (Lv 52); Hurricane (Lv 56); Boomburst (Lv 62)
983,Kingambit,Dark,Steel,100,135,120,60,85,50,550,Kowtow Cleave (Lv 0); Metal Burst (Lv 1); Metal Claw (Lv 1); Fury Cutter (Lv 1); Scratch (Lv 1); Leer (Lv 1); Torment (Lv 15); Scary Face (Lv 20); Assurance (Lv 25); Metal Sound (Lv 30); Slash (Lv 35); Night Slash (Lv 40); Iron Defense (Lv 45); Retaliate (Lv 50); Iron Head (Lv 57); Swords Dance (Lv 64); Guillotine (Lv 71)
984,Great Tusk,Ground,Fighting,115,131,131,53,53,87,570,Horn Attack (Lv 1); Defense Curl (Lv 1); Rollout (Lv 1); Sunny Day (Lv 1); Bulldoze (Lv 7); Taunt (Lv 14); Rapid Spin (Lv 21); Brick Break (Lv 28); Stomping Tantrum (Lv 35); Knock Off (Lv 42); Earthquake (Lv 49); Giga Impact (Lv 56); Close Combat (Lv 63); Endeavor (Lv 70); Megahorn (Lv 77); Head Smash (Lv 84); Headlong Rush (Lv 91)
985,Scream Tail,Fairy,Psychic,115,65,99,65,115,111,570,Pound (Lv 1); Sing (Lv 1); Disable (Lv 1); Howl (Lv 7); Noble Roar (Lv 14); Bite (Lv 21); Body Slam (Lv 28); Rest (Lv 35); Play Rough (Lv 42); Hyper Voice (Lv 49); Psychic Fangs (Lv 56); Crunch (Lv 63); Wish (Lv 70); Gyro Ball (Lv 77); Perish Song (Lv 84); Boomburst (Lv 91)
986,Brute Bonnet,Grass,Dark,111,127,99,79,99,55,570,Absorb (Lv 1); Growth (Lv 1); Astonish (Lv 1); Stun Spore (Lv 7); Mega Drain (Lv 14); Synthesis (Lv 21); Clear Smog (Lv 28); Payback (Lv 35); Thrash (Lv 42); Giga Drain (Lv 49); Sucker Punch (Lv 56); Spore (Lv 63); Ingrain (Lv 70); Rage Powder (Lv 77); Solar Beam (Lv 91)
987,Flutter Mane,Ghost,Fairy,55,55,55,135,135,135,570,Confuse Ray (Lv 1); Spite (Lv 1); Astonish (Lv 1); Psybeam (Lv 7); Mean Look (Lv 14); Memento (Lv 21); Wish (Lv 28); Dazzling Gleam (Lv 35); Shadow Ball (Lv 42); Mystical Fire (Lv 49); Power Gem (Lv 56); Psyshock (Lv 63); Phantom Force (Lv 70); Pain Split (Lv 77); Moonblast (Lv 84); Perish Song (Lv 91)
988,Slither Wing,Bug,Fighting,85,135,79,85,105,81,570,Gust (Lv 1); Ember (Lv 1); Bug Bite (Lv 1); Poison Powder (Lv 7); Stun Spore (Lv 7); Flame Charge (Lv 14); Stomp (Lv 21); Low Sweep (Lv 28); Morning Sun (Lv 35); Lunge (Lv 42); Superpower (Lv 49); Bulk Up (Lv 56); Dual Wingbeat (Lv 63); First Impression (Lv 70); Whirlwind (Lv 77); Leech Life (Lv 84); Thrash (Lv 91)
989,Sandy Shocks,Electric,Ground,85,81,97,121,85,101,570,Thunder Wave (Lv 1); Electric Terrain (Lv 1); Supersonic (Lv 1); Thunder Shock (Lv 1); Spark (Lv 7); Bulldoze (Lv 14); Charge Beam (Lv 21); Tri Attack (Lv 28); Screech (Lv 35); Heavy Slam (Lv 42); Metal Sound (Lv 49); Discharge (Lv 56); Earth Power (Lv 63); Mirror Coat (Lv 70); Gravity (Lv 77); Zap Cannon (Lv 84); Magnetic Flux (Lv 91)
990,Iron Treads,Ground,Steel,90,112,120,72,70,106,570,Horn Attack (Lv 1); Defense Curl (Lv 1); Rollout (Lv 1); Electric Terrain (Lv 1); Bulldoze (Lv 7); Rapid Spin (Lv 21); Iron Head (Lv 28); Stomping Tantrum (Lv 35); Knock Off (Lv 42); Earthquake (Lv 49); Heavy Slam (Lv 56); Wild Charge (Lv 63); Endeavor (Lv 70); Megahorn (Lv 77); Giga Impact (Lv 84); Steel Roller (Lv 91)
991,Iron Bundle,Ice,Water,56,80,114,124,60,136,570,Present (Lv 1); Powder Snow (Lv 7); Whirlpool (Lv 14); Take Down (Lv 21); Drill Peck (Lv 28); Helping Hand (Lv 35); Freeze-Dry (Lv 42); Flip Turn (Lv 49); Ice Beam (Lv 56); Agility (Lv 63); Snowscape (Lv 70); Hydro Pump (Lv 77); Aurora Veil (Lv 84); Blizzard (Lv 91)
992,Iron Hands,Fighting,Electric,154,140,108,50,68,50,570,Sand Attack (Lv 1); Tackle (Lv 1); Focus Energy (Lv 1); Arm Thrust (Lv 1); Fake Out (Lv 7); Whirlwind (Lv 14); Thunder Punch (Lv 21); Slam (Lv 28); Force Palm (Lv 35); Seismic Toss (Lv 42); Charge (Lv 49); Wild Charge (Lv 56); Close Combat (Lv 63); Detect (Lv 70); Heavy Slam (Lv 77); Belly Drum (Lv 84); Focus Punch (Lv 91)
993,Iron Jugulis,Dark,Flying,94,80,86,122,80,108,570,Electric Terrain (Lv 1); Work Up (Lv 1); Focus Energy (Lv 1); Tri Attack (Lv 1); Air Cutter (Lv 1); Roar (Lv 7); Assurance (Lv 14); Dragon Breath (Lv 21); Snarl (Lv 28); Crunch (Lv 35); Hyper Voice (Lv 42); Air Slash (Lv 56); Knock Off (Lv 63); Dark Pulse (Lv 70); Outrage (Lv 77); Dragon Pulse (Lv 84); Hyper Beam (Lv 91)
994,Iron Moth,Fire,Poison,80,70,60,140,110,110,570,Gust (Lv 1); Whirlwind (Lv 1); Ember (Lv 1); Acid Spray (Lv 1); Struggle Bug (Lv 7); Fire Spin (Lv 14); Take Down (Lv 21); Lunge (Lv 28); Screech (Lv 35); Discharge (Lv 42); Sludge Wave (Lv 49); Fiery Dance (Lv 56); Metal Sound (Lv 63); Morning Sun (Lv 70); Hurricane (Lv 77); Bug Buzz (Lv 84); Overheat (Lv 91)
995,Iron Thorns,Rock,Electric,100,134,110,70,84,72,570,Rock Throw (Lv 1); Fire Fang (Lv 1); Ice Fang (Lv 1); Iron Defense (Lv 1); Thunder Fang (Lv 1); Screech (Lv 7); Rock Tomb (Lv 21); Bite (Lv 28); Charge (Lv 35); Rock Slide (Lv 42); Sandstorm (Lv 49); Wild Charge (Lv 56); Pin Missile (Lv 63); Earthquake (Lv 70); Stealth Rock (Lv 77); Stone Edge (Lv 84); Giga Impact (Lv 91)
996,Frigibax,Dragon,Ice,65,75,45,35,45,55,320,Tackle (Lv 1); Leer (Lv 1); Dragon Tail (Lv 1); Icy Wind (Lv 6); Dragon Breath (Lv 12); Focus Energy (Lv 18); Bite (Lv 24); Ice Fang (Lv 29); Dragon Claw (Lv 32); Take Down (Lv 36); Ice Beam (Lv 40); Crunch (Lv 44); Icicle Crash (Lv 48)
997,Arctibax,Dragon,Ice,90,95,66,45,65,62,423,Tackle (Lv 1); Leer (Lv 1); Dragon Tail (Lv 1); Icy Wind (Lv 6); Dragon Breath (Lv 12); Focus Energy (Lv 18); Bite (Lv 24); Ice Fang (Lv 29); Take Down (Lv 40); Ice Beam (Lv 45); Crunch (Lv 50); Icicle Crash (Lv 55)
998,Baxcalibur,Dragon,Ice,115,145,92,75,86,87,600,Glaive Rush (Lv 0); Snowscape (Lv 1); Breaking Swipe (Lv 1); Dragon Tail (Lv 1); Ice Shard (Lv 1); Tackle (Lv 1); Leer (Lv 1); Icy Wind (Lv 6); Dragon Breath (Lv 12); Focus Energy (Lv 18); Bite (Lv 24); Ice Fang (Lv 29); Dragon Claw (Lv 35); Take Down (Lv 42); Ice Beam (Lv 48); Crunch (Lv 55); Icicle Crash (Lv 62)
999,Gimmighoul,Ghost,,45,30,70,75,70,10,300,Astonish (Lv 1); Tackle (Lv 1)
1000,Gholdengo,Steel,Ghost,87,60,95,133,91,84,550,Tackle (Lv 1); Astonish (Lv 1); Night Shade (Lv 7); Confuse Ray (Lv 14); Substitute (Lv 21); Metal Sound (Lv 28); Shadow Ball (Lv 35); Recover (Lv 42); Power Gem (Lv 49); Make It Rain (Lv 56); Nasty Plot (Lv 63); Memento (Lv 70)
1001,Wo-Chien,Dark,Grass,85,85,100,95,135,70,570,Absorb (Lv 1); Spite (Lv 1); Mean Look (Lv 1); Tickle (Lv 5); Payback (Lv 10); Poison Powder (Lv 15); Stun Spore (Lv 15); Mega Drain (Lv 20); Leech Seed (Lv 25); Growth (Lv 30); Ingrain (Lv 35); Dark Pulse (Lv 40); Giga Drain (Lv 45); Ruination (Lv 50); Foul Play (Lv 55); Power Whip (Lv 60); Grassy Terrain (Lv 65); Knock Off (Lv 70); Leaf Storm (Lv 75)
1002,Chien-Pao,Dark,Ice,80,120,80,90,65,135,570,Spite (Lv 1); Powder Snow (Lv 1); Mean Look (Lv 1); Icy Wind (Lv 5); Payback (Lv 10); Mist (Lv 15); Haze (Lv 15); Ice Shard (Lv 20); Swords Dance (Lv 25); Snowscape (Lv 30); Night Slash (Lv 35); Dark Pulse (Lv 40); Icicle Crash (Lv 45); Ruination (Lv 50); Sucker Punch (Lv 55); Sacred Sword (Lv 60); Recover (Lv 65); Throat Chop (Lv 70); Sheer Cold (Lv 75)
1003,Ting-Lu,Dark,Ground,155,110,125,55,80,45,570,Mean Look (Lv 1); Sand Tomb (Lv 1); Spite (Lv 1); Spikes (Lv 5); Payback (Lv 10); Stomp (Lv 15); Bulldoze (Lv 20); Whirlwind (Lv 25); Taunt (Lv 30); Thrash (Lv 35); Dark Pulse (Lv 40); Stomping Tantrum (Lv 45); Ruination (Lv 50); Throat Chop (Lv 55); Rock Slide (Lv 60); Memento (Lv 65); Earthquake (Lv 70); Fissure (Lv 75)
1004,Chi-Yu,Dark,Fire,55,80,80,135,120,100,570,Ember (Lv 1); Spite (Lv 1); Mean Look (Lv 1); Flame Wheel (Lv 5); Payback (Lv 10); Will-O-Wisp (Lv 15); Flame Charge (Lv 20); Incinerate (Lv 25); Confuse Ray (Lv 30); Nasty Plot (Lv 35); Dark Pulse (Lv 40); Lava Plume (Lv 45); Ruination (Lv 50); Bounce (Lv 55); Swagger (Lv 60); Inferno (Lv 65); Memento (Lv 70); Overheat (Lv 75)
1005,Roaring Moon,Dragon,Dark,105,139,71,55,101,119,590,Dragon Breath (Lv 1); Leer (Lv 1); Bite (Lv 1); Focus Energy (Lv 1); Incinerate (Lv 7); Headbutt (Lv 14); Scary Face (Lv 21); Dragon Claw (Lv 28); Zen Headbutt (Lv 35); Flamethrower (Lv 42); Night Slash (Lv 49); Dragon Dance (Lv 56); Dragon Rush (Lv 63); Fly (Lv 70); Throat Chop (Lv 77); Roost (Lv 84); Double-Edge (Lv 91)
1006,Iron Valiant,Fairy,Fighting,74,130,90,120,60,116,590,Disable (Lv 1); Double Team (Lv 1); Shadow Sneak (Lv 1); Fury Cutter (Lv 1); Hypnosis (Lv 7); Feint (Lv 14); Future Sight (Lv 21); Dazzling Gleam (Lv 28); Psycho Cut (Lv 35); Night Slash (Lv 42); Leaf Blade (Lv 49); Moonblast (Lv 56); Close Combat (Lv 63); Knock Off (Lv 70); Destiny Bond (Lv 77); Wide Guard (Lv 84); Quick Guard (Lv 84); Spirit Break (Lv 91)
1007,Koraidon,Fighting,Dragon,100,135,115,85,100,135,670,Sunny Day (Lv 1); Breaking Swipe (Lv 1); Rock Smash (Lv 7); Ancient Power (Lv 14); Drain Punch (Lv 21); Brick Break (Lv 28); Agility (Lv 35); Dragon Claw (Lv 42); Flamethrower (Lv 49); Collision Course (Lv 56); Screech (Lv 63); Counter (Lv 70); Outrage (Lv 77); Close Combat (Lv 84); Flare Blitz (Lv 91); Giga Impact (Lv 98)
1008,Miraidon,Electric,Dragon,100,85,100,135,115,135,670,Thunder Shock (Lv 1); Dragon Breath (Lv 1); Electric Terrain (Lv 1); Shock Wave (Lv 7); Charge (Lv 14); Parabolic Charge (Lv 21); Discharge (Lv 28); Agility (Lv 35); Dragon Pulse (Lv 42); Electro Drift (Lv 56); Metal Sound (Lv 63); Mirror Coat (Lv 70); Outrage (Lv 77); Thunder (Lv 84); Overheat (Lv 91); Hyper Beam (Lv 98)
1009,Walking Wake,Water,Dragon,99,83,91,125,83,109,590,Leer (Lv 0); Roar (Lv 0); Twister (Lv 0); Aqua Jet (Lv 0); Bite (Lv 7); Water Pulse (Lv 14); Noble Roar (Lv 21); Dragon Breath (Lv 28); Breaking Swipe (Lv 35); Dragon Rush (Lv 42); Hydro Steam (Lv 56); Dragon Pulse (Lv 63); Outrage (Lv 70); Flamethrower (Lv 77); Hydro Pump (Lv 84)
1010,Iron Leaves,Grass,Psychic,90,130,88,70,108,104,590,Leer (Lv 0); Quick Attack (Lv 0); Helping Hand (Lv 0); Work Up (Lv 0); Magical Leaf (Lv 7); Retaliate (Lv 14); Quick Guard (Lv 21); Night Slash (Lv 28); Swords Dance (Lv 35); Sacred Sword (Lv 42); Leaf Blade (Lv 49); Psyblade (Lv 56); Close Combat (Lv 63); Imprison (Lv 70); Megahorn (Lv 77); Ally Switch (Lv 84); Solar Blade (Lv 91)
1011,Dipplin,Grass,Dragon,80,80,110,95,80,40,485,Double Hit (Lv 0); Withdraw (Lv 1); Sweet Scent (Lv 1); Recycle (Lv 1); Astonish (Lv 1); Dragon Tail (Lv 4); Growth (Lv 8); Dragon Breath (Lv 12); Protect (Lv 16); Bullet Seed (Lv 20); Syrup Bomb (Lv 28); Dragon Pulse (Lv 32); Recover (Lv 36); Energy Ball (Lv 40); Substitute (Lv 44)
1012,Poltchageist,Grass,Ghost,40,45,45,74,54,50,308,Stun Spore (Lv 1); Withdraw (Lv 1); Astonish (Lv 1); Absorb (Lv 6); Life Dew (Lv 12); Foul Play (Lv 18); Mega Drain (Lv 24); Hex (Lv 30); Rage Powder (Lv 36); Giga Drain (Lv 42); Shadow Ball (Lv 48); Memento (Lv 54); Leaf Storm (Lv 60)
1013,Sinistcha,Grass,Ghost,71,60,106,121,80,70,508,Matcha Gotcha (Lv 0); Stun Spore (Lv 1); Withdraw (Lv 1); Astonish (Lv 1); Absorb (Lv 6); Life Dew (Lv 12); Foul Play (Lv 18); Mega Drain (Lv 24); Hex (Lv 30); Rage Powder (Lv 36); Strength Sap (Lv 42); Shadow Ball (Lv 48); Memento (Lv 54); Leaf Storm (Lv 60)
1014,Okidogi,Poison,Fighting,88,128,115,58,86,80,555,Bite (Lv 1); Low Kick (Lv 1); Bulk Up (Lv 1); Howl (Lv 8); Poison Fang (Lv 16); Force Palm (Lv 24); Counter (Lv 32); Poison Jab (Lv 40); Brutal Swing (Lv 48); Crunch (Lv 56); Superpower (Lv 64); Giga Impact (Lv 72)
1015,Munkidori,Poison,Psychic,88,75,66,130,90,106,555,Scratch (Lv 1); Confusion (Lv 1); Fake Out (Lv 1); Flatter (Lv 1); Helping Hand (Lv 8); Psybeam (Lv 16); Clear Smog (Lv 24); Poison Jab (Lv 32); Psychic (Lv 40); Sludge Wave (Lv 48); Nasty Plot (Lv 56); Future Sight (Lv 64); Parting Shot (Lv 72)
1016,Fezandipiti,Poison,Fairy,88,91,82,70,125,99,555,Double Kick (Lv 1); Peck (Lv 1); Poison Gas (Lv 1); Disarming Voice (Lv 1); Quick Attack (Lv 8); Attract (Lv 16); Wing Attack (Lv 24); Cross Poison (Lv 32); Tail Slap (Lv 40); Beat Up (Lv 48); Swagger (Lv 56); Flatter (Lv 56); Roost (Lv 64); Moonblast (Lv 72)
1017,Ogerpon,Grass,,80,120,84,60,96,110,550,Vine Whip (Lv 1); Leech Seed (Lv 1); Quick Attack (Lv 1); Follow Me (Lv 1); Focus Energy (Lv 6); Growth (Lv 12); Slam (Lv 18); Low Sweep (Lv 24); Ivy Cudgel (Lv 30); Throat Chop (Lv 36); Synthesis (Lv 42); Spiky Shield (Lv 48); Power Whip (Lv 54); Superpower (Lv 60); Wood Hammer (Lv 66)
1018,Archaludon,Steel,Dragon,90,105,130,125,65,85,600,Electro Shot (Lv 0); Leer (Lv 1); Metal Claw (Lv 1); Rock Smash (Lv 6); Hone Claws (Lv 12); Metal Sound (Lv 18); Breaking Swipe (Lv 24); Dragon Tail (Lv 30); Iron Defense (Lv 36); Focus Energy (Lv 42); Dragon Claw (Lv 48); Flash Cannon (Lv 54); Metal Burst (Lv 60); Hyper Beam (Lv 66)
1019,Hydrapple,Grass,Dragon,106,80,110,120,80,44,540,Fickle Beam (Lv 0); Withdraw (Lv 1); Sweet Scent (Lv 1); Recycle (Lv 1); Astonish (Lv 1); Dragon Tail (Lv 4); Growth (Lv 8); Dragon Breath (Lv 12); Protect (Lv 16); Bullet Seed (Lv 20); Syrup Bomb (Lv 28); Dragon Pulse (Lv 32); Recover (Lv 36); Energy Ball (Lv 40); Substitute (Lv 44); Power Whip (Lv 54)
1020,Gouging Fire,Fire,Dragon,105,115,121,65,93,91,590,Stomp (Lv 1); Leer (Lv 1); Incinerate (Lv 1); Sunny Day (Lv 1); Fire Fang (Lv 7); Howl (Lv 14); Bite (Lv 21); Dragon Claw (Lv 28); Crush Claw (Lv 35); Morning Sun (Lv 42); Burning Bulwark (Lv 49); Dragon Rush (Lv 56); Fire Blast (Lv 63); Lava Plume (Lv 70); Outrage (Lv 77); Flare Blitz (Lv 84); Raging Fury (Lv 91)
1021,Raging Bolt,Electric,Dragon,125,73,91,137,89,75,590,Twister (Lv 1); Sunny Day (Lv 1); Shock Wave (Lv 1); Stomp (Lv 1); Charge (Lv 7); Dragon Breath (Lv 14); Electric Terrain (Lv 21); Discharge (Lv 28); Dragon Tail (Lv 35); Calm Mind (Lv 42); Thunderclap (Lv 49); Dragon Hammer (Lv 56); Rising Voltage (Lv 63); Dragon Pulse (Lv 70); Zap Cannon (Lv 77); Body Press (Lv 84); Thunder (Lv 91)
1022,Iron Boulder,Rock,Psychic,90,120,80,68,108,124,590,Horn Attack (Lv 1); Leer (Lv 1); Rock Throw (Lv 1); Electric Terrain (Lv 1); Quick Attack (Lv 7); Slash (Lv 14); Agility (Lv 21); Psycho Cut (Lv 28); Counter (Lv 35); Rock Tomb (Lv 42); Sacred Sword (Lv 49); Mighty Cleave (Lv 56); Swords Dance (Lv 63); Megahorn (Lv 70); Quick Guard (Lv 77); Stone Edge (Lv 84); Giga Impact (Lv 91)
1023,Iron Crown,Steel,Psychic,90,72,100,122,108,98,590,Leer (Lv 1); Electric Terrain (Lv 1); Confusion (Lv 1); Metal Claw (Lv 1); Smart Strike (Lv 7); Slash (Lv 14); Iron Defense (Lv 21); Psyshock (Lv 28); Psycho Cut (Lv 35); Flash Cannon (Lv 42); Sacred Sword (Lv 49); Tachyon Cutter (Lv 56); Future Sight (Lv 63); Volt Switch (Lv 70); Quick Guard (Lv 77); Metal Burst (Lv 84); Hyper Beam (Lv 91)
1024,Terapagos,Normal,,90,65,85,65,85,60,450,Withdraw (Lv 1); Tri Attack (Lv 1); Rapid Spin (Lv 1); Ancient Power (Lv 10); Headbutt (Lv 20); Protect (Lv 30); Earth Power (Lv 40); Heavy Slam (Lv 50); Tera Starstorm (Lv 60); Double-Edge (Lv 70); Rock Polish (Lv 80); Gyro Ball (Lv 90)
1025,Pecharunt,Poison,Ghost,88,88,160,88,88,88,600,Smog (Lv 1); Poison Gas (Lv 1); Memento (Lv 1); Astonish (Lv 1); Withdraw (Lv 8); Destiny Bond (Lv 16); Fake Tears (Lv 24); Parting Shot (Lv 32); Shadow Ball (Lv 40); Malignant Chain (Lv 48); Toxic (Lv 56); Nasty Plot (Lv 64); Recover (Lv 72)
